company_name,detected_ats,slug_used,jobs_found,careers_url,probe_time_ms,status
Razorpay,freshteam,razorpay,-1,https://razorpay.freshteam.com/jobs,2382,found
PhonePe,greenhouse,phonepe,70,https://job-boards.greenhouse.io/phonepe,2824,found
Juspay,freshteam,juspay,-1,https://juspay.freshteam.com/jobs,3673,found
Cashfree Payments,freshteam,cashfree-payments,-1,https://cashfree-payments.freshteam.com/jobs,4269,found
Setu,freshteam,setu,-1,https://setu.freshteam.com/jobs,5082,found
BharatPe,freshteam,bharatpe,-1,https://bharatpe.freshteam.com/jobs,6548,found
Paytm,lever,paytm,176,https://jobs.lever.co/paytm,8675,found
CRED,lever,cred,6,https://jobs.lever.co/cred,6785,found
Zerodha,freshteam,zerodha,-1,https://zerodha.freshteam.com/jobs,7963,found
Groww,greenhouse,groww,14,https://job-boards.greenhouse.io/groww,7967,found
Upstox,smartrecruiters,upstox,1,https://careers.smartrecruiters.com/upstox,696,found
INDmoney,freshteam,indmoney,-1,https://indmoney.freshteam.com/jobs,1301,found
Smallcase,freshteam,smallcase,-1,https://smallcase.freshteam.com/jobs,1940,found
Fi Money,lever,fi,8,https://jobs.lever.co/fi,5255,found
Niyo,freshteam,niyo,-1,https://niyo.freshteam.com/jobs,3251,found
Freo,freshteam,freo,-1,https://freo.freshteam.com/jobs,3989,found
OneCard,freshteam,onecard,-1,https://onecard.freshteam.com/jobs,5227,found
Slice,greenhouse,slice,70,https://job-boards.greenhouse.io/slice,4673,found
Open Financial Technologies,personio,open,3,https://open.jobs.personio.de/,1621,found
Navi Technologies,ashby,navi,6,https://jobs.ashbyhq.com/navi,4325,found
Perfios,freshteam,perfios,-1,https://perfios.freshteam.com/jobs,963,found
HighRadius,greenhouse,highradius,79,https://job-boards.greenhouse.io/highradius,1060,found
Pine Labs,greenhouse,pine,1,https://job-boards.greenhouse.io/pine,5060,found
PayU India,freshteam,payu-india,-1,https://payu-india.freshteam.com/jobs,2955,found
Simpl,freshteam,simpl,-1,https://simpl.freshteam.com/jobs,3433,found
Khatabook,freshteam,khatabook,-1,https://khatabook.freshteam.com/jobs,4744,found
OkCredit,freshteam,okcredit,-1,https://okcredit.freshteam.com/jobs,4917,found
EnKash,freshteam,enkash,-1,https://enkash.freshteam.com/jobs,5827,found
Karbon Card,greenhouse,karbon,22,https://job-boards.greenhouse.io/karbon,4764,found
RazorpayX,freshteam,razorpayx,-1,https://razorpayx.freshteam.com/jobs,7568,found
Signzy,freshteam,signzy,-1,https://signzy.freshteam.com/jobs,1147,found
Digio,freshteam,digio,-1,https://digio.freshteam.com/jobs,1610,found
Gridlines,workable,gridlines,10,https://apply.workable.com/gridlines/,3424,found
Decentro,freshteam,decentro,-1,https://decentro.freshteam.com/jobs,3769,found
Finvu,freshteam,finvu,-1,https://finvu.freshteam.com/jobs,5732,found
Sahamati,freshteam,sahamati,-1,https://sahamati.freshteam.com/jobs,6032,found
FinBox,freshteam,finbox,-1,https://finbox.freshteam.com/jobs,7355,found
Progcap,freshteam,progcap,-1,https://progcap.freshteam.com/jobs,8508,found
Lendingkart,smartrecruiters,lendingkart,1,https://careers.smartrecruiters.com/lendingkart,8494,found
Capital Float,lever,capital,67,https://jobs.lever.co/capital,5094,found
KreditBee,freshteam,kreditbee,-1,https://kreditbee.freshteam.com/jobs,1019,found
MoneyTap,freshteam,moneytap,-1,https://moneytap.freshteam.com/jobs,2726,found
Rupeek,freshteam,rupeek,-1,https://rupeek.freshteam.com/jobs,2202,found
Indifi Technologies,freshteam,indifi-technologies,-1,https://indifi-technologies.freshteam.com/jobs,3132,found
ZestMoney,freshteam,zestmoney,-1,https://zestmoney.freshteam.com/jobs,4079,found
EarlySalary,freshteam,earlysalary,-1,https://earlysalary.freshteam.com/jobs,4367,found
Stashfin,freshteam,stashfin,-1,https://stashfin.freshteam.com/jobs,4758,found
Axio,rippling,axio,2,https://ats.rippling.com/axio/jobs,5407,found
Recur Club,freshteam,recur-club,-1,https://recur-club.freshteam.com/jobs,6083,found
Yubi,freshteam,yubi,-1,https://yubi.freshteam.com/jobs,6996,found
Credgenics,freshteam,credgenics,-1,https://credgenics.freshteam.com/jobs,4511,found
Yesbank Technology,freshteam,yesbank-technology,-1,https://yesbank-technology.freshteam.com/jobs,5569,found
Acko Insurance,freshteam,acko-insurance,-1,https://acko-insurance.freshteam.com/jobs,6409,found
Digit Insurance,freshteam,digit-insurance,-1,https://digit-insurance.freshteam.com/jobs,7268,found
Coverfox,freshteam,coverfox,-1,https://coverfox.freshteam.com/jobs,7304,found
Turtlemint,smartrecruiters,turtlemint,1,https://careers.smartrecruiters.com/turtlemint,7205,found
PolicyBazaar,freshteam,policybazaar,-1,https://policybazaar.freshteam.com/jobs,9059,found
Ditto Insurance,ashby,ditto,24,https://jobs.ashbyhq.com/ditto,4267,found
Loop Health,greenhouse,loop,14,https://job-boards.greenhouse.io/loop,4064,found
Nova Benefits,freshteam,nova-benefits,-1,https://nova-benefits.freshteam.com/jobs,10964,found
Plum Benefits,freshteam,plum-benefits,-1,https://plum-benefits.freshteam.com/jobs,1113,found
Onsurity,freshteam,onsurity,-1,https://onsurity.freshteam.com/jobs,1353,found
CoinDCX,freshteam,coindcx,-1,https://coindcx.freshteam.com/jobs,2037,found
CoinSwitch,freshteam,coinswitch,-1,https://coinswitch.freshteam.com/jobs,2844,found
WazirX,freshteam,wazirx,-1,https://wazirx.freshteam.com/jobs,3657,found
Mudrex,freshteam,mudrex,-1,https://mudrex.freshteam.com/jobs,4186,found
Biconomy,freshteam,biconomy,-1,https://biconomy.freshteam.com/jobs,4990,found
Polygon (MATIC),freshteam,polygon-matic,-1,https://polygon-matic.freshteam.com/jobs,5102,found
Vauld,freshteam,vauld,-1,https://vauld.freshteam.com/jobs,5871,found
Paysign,freshteam,paysign,-1,https://paysign.freshteam.com/jobs,6577,found
Swiggy,freshteam,swiggy,-1,https://swiggy.freshteam.com/jobs,1460,found
Zomato,freshteam,zomato,-1,https://zomato.freshteam.com/jobs,4111,found
Meesho,lever,meesho,52,https://jobs.lever.co/meesho,5813,found
Flipkart,freshteam,flipkart,-1,https://flipkart.freshteam.com/jobs,4577,found
Myntra,freshteam,myntra,-1,https://myntra.freshteam.com/jobs,5602,found
Nykaa,freshteam,nykaa,-1,https://nykaa.freshteam.com/jobs,6102,found
Urban Company,bamboohr,urban,17,https://urban.bamboohr.com/careers,2757,found
Lenskart,freshteam,lenskart,-1,https://lenskart.freshteam.com/jobs,7687,found
Ola,freshteam,ola,-1,https://ola.freshteam.com/jobs,8126,found
Rapido,freshteam,rapido,-1,https://rapido.freshteam.com/jobs,9160,found
Porter,lever,porter,29,https://jobs.lever.co/porter,2863,found
Delhivery,freshteam,delhivery,-1,https://delhivery.freshteam.com/jobs,1381,found
Shiprocket,freshteam,shiprocket,-1,https://shiprocket.freshteam.com/jobs,1865,found
Shadowfax,bamboohr,shadowfax,10,https://shadowfax.bamboohr.com/careers,3515,found
BlackBuck,freshteam,blackbuck,-1,https://blackbuck.freshteam.com/jobs,2922,found
Ninjacart,freshteam,ninjacart,-1,https://ninjacart.freshteam.com/jobs,3810,found
Jumbotail,freshteam,jumbotail,-1,https://jumbotail.freshteam.com/jobs,4722,found
Udaan,freshteam,udaan,-1,https://udaan.freshteam.com/jobs,4823,found
Moglix,freshteam,moglix,-1,https://moglix.freshteam.com/jobs,5973,found
OfBusiness,freshteam,ofbusiness,-1,https://ofbusiness.freshteam.com/jobs,6603,found
HealthifyMe,freshteam,healthifyme,-1,https://healthifyme.freshteam.com/jobs,5515,found
Practo,freshteam,practo,-1,https://practo.freshteam.com/jobs,6590,found
PharmEasy,freshteam,pharmeasy,-1,https://pharmeasy.freshteam.com/jobs,7509,found
1mg,freshteam,1mg,-1,https://1mg.freshteam.com/jobs,8397,found
Mfine,freshteam,mfine,-1,https://mfine.freshteam.com/jobs,9049,found
Innovaccer,freshteam,innovaccer,-1,https://innovaccer.freshteam.com/jobs,12482,found
Pristyn Care,freshteam,pristyn-care,-1,https://pristyn-care.freshteam.com/jobs,14081,found
Cult.fit,freshteam,cultfit,-1,https://cultfit.freshteam.com/jobs,14884,found
Cure.fit,freshteam,curefit,-1,https://curefit.freshteam.com/jobs,17599,found
ShareChat,freshteam,sharechat,-1,https://sharechat.freshteam.com/jobs,19578,found
Moj,freshteam,moj,-1,https://moj.freshteam.com/jobs,2714,found
Dailyhunt,freshteam,dailyhunt,-1,https://dailyhunt.freshteam.com/jobs,5621,found
Josh,personio,josh,3,https://josh.jobs.personio.de/,6224,found
Lokal,smartrecruiters,lokal,6,https://careers.smartrecruiters.com/lokal,6130,found
Glance,greenhouse,glance,30,https://job-boards.greenhouse.io/glance,6361,found
InMobi,greenhouse,inmobi,83,https://job-boards.greenhouse.io/inmobi,8437,found
mCaffeine,freshteam,mcaffeine,-1,https://mcaffeine.freshteam.com/jobs,12162,found
Purplle,freshteam,purplle,-1,https://purplle.freshteam.com/jobs,14519,found
Mamaearth,freshteam,mamaearth,-1,https://mamaearth.freshteam.com/jobs,16770,found
Fashinza,freshteam,fashinza,-1,https://fashinza.freshteam.com/jobs,18874,found
Spinny,freshteam,spinny,-1,https://spinny.freshteam.com/jobs,1998,found
Cars24,smartrecruiters,cars24,1,https://careers.smartrecruiters.com/cars24,1435,found
CarDekho,freshteam,cardekho,-1,https://cardekho.freshteam.com/jobs,4007,found
Droom,freshteam,droom,-1,https://droom.freshteam.com/jobs,5160,found
OYO Rooms,freshteam,oyo-rooms,-1,https://oyo-rooms.freshteam.com/jobs,6393,found
Treebo Hotels,freshteam,treebo-hotels,-1,https://treebo-hotels.freshteam.com/jobs,7763,found
RateGain,freshteam,rategain,-1,https://rategain.freshteam.com/jobs,8455,found
Zostel,freshteam,zostel,-1,https://zostel.freshteam.com/jobs,9869,found
MakeMyTrip,freshteam,makemytrip,-1,https://makemytrip.freshteam.com/jobs,10222,found
ixigo,smartrecruiters,ixigo,10,https://careers.smartrecruiters.com/ixigo,10324,found
Yatra,freshteam,yatra,-1,https://yatra.freshteam.com/jobs,952,found
Cleartrip,freshteam,cleartrip,-1,https://cleartrip.freshteam.com/jobs,2296,found
Ather Energy,freshteam,ather-energy,-1,https://ather-energy.freshteam.com/jobs,2529,found
Ola Electric,freshteam,ola-electric,-1,https://ola-electric.freshteam.com/jobs,3417,found
Simple Energy,freshteam,simple-energy,-1,https://simple-energy.freshteam.com/jobs,4736,found
Bounce,ashby,bounce,11,https://jobs.ashbyhq.com/bounce,3739,found
Yulu,freshteam,yulu,-1,https://yulu.freshteam.com/jobs,5043,found
BluSmart,freshteam,blusmart,-1,https://blusmart.freshteam.com/jobs,5554,found
Freshworks,smartrecruiters,freshworks,27,https://careers.smartrecruiters.com/freshworks,5466,found
Zoho Corporation,freshteam,zoho-corporation,-1,https://zoho-corporation.freshteam.com/jobs,6879,found
Postman,greenhouse,postman,111,https://job-boards.greenhouse.io/postman,1087,found
BrowserStack,freshteam,browserstack,-1,https://browserstack.freshteam.com/jobs,1459,found
Chargebee,freshteam,chargebee,-1,https://chargebee.freshteam.com/jobs,2649,found
Druva,greenhouse,druva,28,https://job-boards.greenhouse.io/druva,1762,found
Icertis,freshteam,icertis,-1,https://icertis.freshteam.com/jobs,5330,found
Whatfix,smartrecruiters,whatfix,1,https://careers.smartrecruiters.com/whatfix,4298,found
Zenoti,greenhouse,zenoti,65,https://job-boards.greenhouse.io/zenoti,5365,found
MindTickle,lever,mindtickle,28,https://jobs.lever.co/mindtickle,9300,found
Sprinklr,freshteam,sprinklr,-1,https://sprinklr.freshteam.com/jobs,7608,found
Hasura,,,0,,0,not_found
Appsmith,freshteam,appsmith,-1,https://appsmith.freshteam.com/jobs,3810,found
Requestly,freshteam,requestly,-1,https://requestly.freshteam.com/jobs,4587,found
DronaHQ,freshteam,dronahq,-1,https://dronahq.freshteam.com/jobs,5361,found
Clarisights,ashby,clarisights,2,https://jobs.ashbyhq.com/clarisights,4619,found
Suprsend,freshteam,suprsend,-1,https://suprsend.freshteam.com/jobs,10325,found
Plivo,freshteam,plivo,-1,https://plivo.freshteam.com/jobs,11001,found
Exotel,freshteam,exotel,-1,https://exotel.freshteam.com/jobs,12235,found
Kaleyra,freshteam,kaleyra,-1,https://kaleyra.freshteam.com/jobs,13853,found
Route Mobile,greenhouse,route,6,https://job-boards.greenhouse.io/route,3977,found
Gupshup,freshteam,gupshup,-1,https://gupshup.freshteam.com/jobs,15769,found
Yellow.ai,freshteam,yellowai,-1,https://yellowai.freshteam.com/jobs,892,found
Haptik,freshteam,haptik,-1,https://haptik.freshteam.com/jobs,1621,found
Verloop,freshteam,verloop,-1,https://verloop.freshteam.com/jobs,2361,found
Uniphore,freshteam,uniphore,-1,https://uniphore.freshteam.com/jobs,2963,found
Darwinbox,freshteam,darwinbox,-1,https://darwinbox.freshteam.com/jobs,3588,found
Keka HR,freshteam,keka-hr,-1,https://keka-hr.freshteam.com/jobs,3675,found
greytHR,freshteam,greythr,-1,https://greythr.freshteam.com/jobs,4742,found
Razorpay Payroll,freshteam,razorpay-payroll,-1,https://razorpay-payroll.freshteam.com/jobs,5437,found
HRMantra,freshteam,hrmantra,-1,https://hrmantra.freshteam.com/jobs,5643,found
Kredily,freshteam,kredily,-1,https://kredily.freshteam.com/jobs,6521,found
Springworks,freshteam,springworks,-1,https://springworks.freshteam.com/jobs,1453,found
Leadsquared,freshteam,leadsquared,-1,https://leadsquared.freshteam.com/jobs,1724,found
CleverTap,freshteam,clevertap,-1,https://clevertap.freshteam.com/jobs,1872,found
WebEngage,freshteam,webengage,-1,https://webengage.freshteam.com/jobs,2838,found
MoEngage,freshteam,moengage,-1,https://moengage.freshteam.com/jobs,3322,found
Netcore Cloud,freshteam,netcore-cloud,-1,https://netcore-cloud.freshteam.com/jobs,4093,found
Wigzo,freshteam,wigzo,-1,https://wigzo.freshteam.com/jobs,4445,found
Zarget,freshteam,zarget,-1,https://zarget.freshteam.com/jobs,4762,found
VWO (Wingify),freshteam,vwo-wingify,-1,https://vwo-wingify.freshteam.com/jobs,5798,found
Helpshift,freshteam,helpshift,-1,https://helpshift.freshteam.com/jobs,5762,found
Freshdesk,freshteam,freshdesk,-1,https://freshdesk.freshteam.com/jobs,1325,found
Zoho Desk,freshteam,zoho-desk,-1,https://zoho-desk.freshteam.com/jobs,2236,found
Interakt,freshteam,interakt,-1,https://interakt.freshteam.com/jobs,2561,found
DelightChat,freshteam,delightchat,-1,https://delightchat.freshteam.com/jobs,3400,found
Limechat,freshteam,limechat,-1,https://limechat.freshteam.com/jobs,4659,found
Tidio,freshteam,tidio,-1,https://tidio.freshteam.com/jobs,4965,found
Eka Software,freshteam,eka-software,-1,https://eka-software.freshteam.com/jobs,5411,found
Facilio,freshteam,facilio,-1,https://facilio.freshteam.com/jobs,6313,found
Netmeds Technology,freshteam,netmeds-technology,-1,https://netmeds-technology.freshteam.com/jobs,6712,found
Kissflow,freshteam,kissflow,-1,https://kissflow.freshteam.com/jobs,7180,found
ProcessMaker,freshteam,processmaker,-1,https://processmaker.freshteam.com/jobs,1071,found
Kissflow Procurement,freshteam,kissflow-procurement,-1,https://kissflow-procurement.freshteam.com/jobs,1804,found
Eqvista,freshteam,eqvista,-1,https://eqvista.freshteam.com/jobs,2464,found
Paperflite,freshteam,paperflite,-1,https://paperflite.freshteam.com/jobs,3750,found
Vymo,freshteam,vymo,-1,https://vymo.freshteam.com/jobs,4743,found
Kapture CRM,freshteam,kapture-crm,-1,https://kapture-crm.freshteam.com/jobs,4910,found
Salesken,freshteam,salesken,-1,https://salesken.freshteam.com/jobs,5859,found
Slintel,freshteam,slintel,-1,https://slintel.freshteam.com/jobs,7035,found
Toplyne,freshteam,toplyne,-1,https://toplyne.freshteam.com/jobs,7421,found
Factors.ai,freshteam,factorsai,-1,https://factorsai.freshteam.com/jobs,8222,found
Peoplebox,freshteam,peoplebox,-1,https://peoplebox.freshteam.com/jobs,6539,found
Betterplace,freshteam,betterplace,-1,https://betterplace.freshteam.com/jobs,13766,found
Apna,workable,apna,10,https://apply.workable.com/apna/,4169,found
Internshala,freshteam,internshala,-1,https://internshala.freshteam.com/jobs,17507,found
iMocha,freshteam,imocha,-1,https://imocha.freshteam.com/jobs,21574,found
Mercer Mettl,smartrecruiters,mercermettl,8,https://careers.smartrecruiters.com/mercermettl,16258,found
HackerEarth,freshteam,hackerearth,-1,https://hackerearth.freshteam.com/jobs,23863,found
HackerRank,greenhouse,hackerrank,44,https://job-boards.greenhouse.io/hackerrank,22666,found
Interview Mocha,smartrecruiters,interviewmocha,4,https://careers.smartrecruiters.com/interviewmocha,6351,found
Unstop,recruitee,unstop,1,https://unstop.recruitee.com/,25945,found
Skillate,smartrecruiters,skillate,10,https://careers.smartrecruiters.com/skillate,521,found
Hirist,freshteam,hirist,-1,https://hirist.freshteam.com/jobs,1347,found
Cutshort,freshteam,cutshort,-1,https://cutshort.freshteam.com/jobs,2073,found
Belong,lever,belong,44,https://jobs.lever.co/belong,3550,found
Atlassian,teamtailor,atlassian,-1,https://atlassian.teamtailor.com/,4447,requires_key
Salesforce India,recruitee,salesforce,1,https://salesforce.recruitee.com/,3056,found
Adobe India,teamtailor,adobe,-1,https://adobe.teamtailor.com/,3867,requires_key
Microsoft India,freshteam,microsoft-india,-1,https://microsoft-india.freshteam.com/jobs,5410,found
Google India,bamboohr,google,4,https://google.bamboohr.com/careers,4071,found
Amazon India,personio,amazon,3,https://amazon.jobs.personio.de/,1537,found
Meta India,bamboohr,meta,4,https://meta.bamboohr.com/careers,10676,found
Apple India,freshteam,apple-india,-1,https://apple-india.freshteam.com/jobs,6752,found
IBM India,recruitee,ibm,1,https://ibm.recruitee.com/,10051,found
Cisco India,freshteam,cisco-india,-1,https://cisco-india.freshteam.com/jobs,10599,found
VMware India,freshteam,vmware-india,-1,https://vmware-india.freshteam.com/jobs,14793,found
Nutanix,freshteam,nutanix,-1,https://nutanix.freshteam.com/jobs,15168,found
ServiceNow India,smartrecruiters,servicenow,473,https://careers.smartrecruiters.com/servicenow,5788,found
Workday India,teamtailor,workday,-1,https://workday.teamtailor.com/,15264,requires_key
Palo Alto Networks India,freshteam,palo-alto-networks-india,-1,https://palo-alto-networks-india.freshteam.com/jobs,19713,found
Zscaler India,greenhouse,zscaler,327,https://job-boards.greenhouse.io/zscaler,7317,found
Cloudflare,greenhouse,cloudflare,152,https://job-boards.greenhouse.io/cloudflare,643,found
Stripe India,greenhouse,stripe,469,https://job-boards.greenhouse.io/stripe,5321,found
Twilio,greenhouse,twilio,146,https://job-boards.greenhouse.io/twilio,1215,found
MongoDB India,greenhouse,mongodb,426,https://job-boards.greenhouse.io/mongodb,5329,found
Elastic India,greenhouse,elastic,156,https://job-boards.greenhouse.io/elastic,4670,found
Confluent,ashby,confluent,48,https://jobs.ashbyhq.com/confluent,4157,found
Databricks India,greenhouse,databricks,754,https://job-boards.greenhouse.io/databricks,4459,found
HashiCorp,freshteam,hashicorp,-1,https://hashicorp.freshteam.com/jobs,6329,found
Grafana Labs,greenhouse,grafanalabs,136,https://job-boards.greenhouse.io/grafanalabs,5654,found
Datadog,greenhouse,datadog,422,https://job-boards.greenhouse.io/datadog,6221,found
New Relic,greenhouse,newrelic,71,https://job-boards.greenhouse.io/newrelic,5727,found
Sumo Logic,greenhouse,sumologic,47,https://job-boards.greenhouse.io/sumologic,5897,found
PagerDuty,greenhouse,pagerduty,44,https://job-boards.greenhouse.io/pagerduty,1067,found
OpsRamp,freshteam,opsramp,-1,https://opsramp.freshteam.com/jobs,3136,found
Cribl,greenhouse,cribl,51,https://job-boards.greenhouse.io/cribl,2624,found
Harness,freshteam,harness,-1,https://harness.freshteam.com/jobs,4293,found
Snyk,freshteam,snyk,-1,https://snyk.freshteam.com/jobs,4793,found
JFrog,greenhouse,jfrog,106,https://job-boards.greenhouse.io/jfrog,4476,found
Mend (WhiteSource),freshteam,mend-whitesource,-1,https://mend-whitesource.freshteam.com/jobs,6634,found
Lacework,freshteam,lacework,-1,https://lacework.freshteam.com/jobs,6899,found
Wiz,freshteam,wiz,-1,https://wiz.freshteam.com/jobs,1348,found
Orca Security,greenhouse,orcasecurity,16,https://job-boards.greenhouse.io/orcasecurity,6016,found
GitLab India,greenhouse,gitlab,159,https://job-boards.greenhouse.io/gitlab,6102,found
GitHub India,freshteam,github-india,-1,https://github-india.freshteam.com/jobs,2998,found
CircleCI,greenhouse,circleci,10,https://job-boards.greenhouse.io/circleci,2894,found
Codefresh,freshteam,codefresh,-1,https://codefresh.freshteam.com/jobs,4352,found
Buildkite,greenhouse,buildkite,14,https://job-boards.greenhouse.io/buildkite,4353,found
Linear,ashby,linear,26,https://jobs.ashbyhq.com/linear,5046,found
Notion,ashby,notion,144,https://jobs.ashbyhq.com/notion,6142,found
Airtable,greenhouse,airtable,26,https://job-boards.greenhouse.io/airtable,5666,found
Figma India,greenhouse,figma,159,https://job-boards.greenhouse.io/figma,5037,found
Canva India,smartrecruiters,canva,296,https://careers.smartrecruiters.com/canva,3485,found
Miro India,freshteam,miro-india,-1,https://miro-india.freshteam.com/jobs,3029,found
Loom,freshteam,loom,-1,https://loom.freshteam.com/jobs,3312,found
Grammarly,freshteam,grammarly,-1,https://grammarly.freshteam.com/jobs,4339,found
Duolingo India,greenhouse,duolingo,59,https://job-boards.greenhouse.io/duolingo,5012,found
Coursera India,greenhouse,coursera,10,https://job-boards.greenhouse.io/coursera,7226,found
Udemy India,greenhouse,udemy,7,https://job-boards.greenhouse.io/udemy,5591,found
GitLab,greenhouse,gitlab,159,https://job-boards.greenhouse.io/gitlab,5490,found
Automattic,freshteam,automattic,-1,https://automattic.freshteam.com/jobs,7217,found
Canonical (Ubuntu),greenhouse,canonical,288,https://job-boards.greenhouse.io/canonical,8008,found
Zapier,ashby,zapier,22,https://jobs.ashbyhq.com/zapier,983,found
Buffer,ashby,buffer,1,https://jobs.ashbyhq.com/buffer,1871,found
Doist,freshteam,doist,-1,https://doist.freshteam.com/jobs,4294,found
Basecamp,personio,basecamp,4,https://basecamp.jobs.personio.de/,5655,found
Toggl,freshteam,toggl,-1,https://toggl.freshteam.com/jobs,6354,found
Hotjar,freshteam,hotjar,-1,https://hotjar.freshteam.com/jobs,7092,found
Whereby,lever,whereby,1,https://jobs.lever.co/whereby,8269,found
Remotecom (Remote.com),greenhouse,remotecom,257,https://job-boards.greenhouse.io/remotecom,3593,found
Deel,ashby,deel,69,https://jobs.ashbyhq.com/deel,9196,found
Oyster HR,ashby,oyster,10,https://jobs.ashbyhq.com/oyster,5165,found
Multiplier,rippling,multiplier,1,https://ats.rippling.com/multiplier/jobs,1809,found
Darwinbox,freshteam,darwinbox,-1,https://darwinbox.freshteam.com/jobs,2837,found
WorkIndia,freshteam,workindia,-1,https://workindia.freshteam.com/jobs,4496,found
Turing,greenhouse,turing,33,https://job-boards.greenhouse.io/turing,3568,found
Toptal,lever,toptal,28,https://jobs.lever.co/toptal,9310,found
Andela,ashby,andela,17,https://jobs.ashbyhq.com/andela,4669,found
Upwork,greenhouse,upwork,12,https://job-boards.greenhouse.io/upwork,4961,found
100ms,lever,100ms,10,https://jobs.lever.co/100ms,8066,found
Hasura (Remote),freshteam,hasura-remote,-1,https://hasura-remote.freshteam.com/jobs,9048,found
Supabase,ashby,supabase,48,https://jobs.ashbyhq.com/supabase,1068,found
PlanetScale,greenhouse,planetscale,11,https://job-boards.greenhouse.io/planetscale,1073,found
Railway,ashby,railway,9,https://jobs.ashbyhq.com/railway,1596,found
Render,ashby,render,23,https://jobs.ashbyhq.com/render,2580,found
Fly.io,bamboohr,flyio,11,https://flyio.bamboohr.com/careers,4450,found
Cal.com,freshteam,calcom,-1,https://calcom.freshteam.com/jobs,4740,found
Documenso,freshteam,documenso,-1,https://documenso.freshteam.com/jobs,5125,found
Formbricks,freshteam,formbricks,-1,https://formbricks.freshteam.com/jobs,5772,found
Infisical,ashby,infisical,13,https://jobs.ashbyhq.com/infisical,5557,found
Novu,freshteam,novu,-1,https://novu.freshteam.com/jobs,7114,found
Trigger.dev,ashby,triggerdev,3,https://jobs.ashbyhq.com/triggerdev,1649,found
Dub,rippling,dub,4,https://ats.rippling.com/dub/jobs,2464,found
OpenStatus,freshteam,openstatus,-1,https://openstatus.freshteam.com/jobs,3157,found
Unkey,freshteam,unkey,-1,https://unkey.freshteam.com/jobs,3679,found
Mintlify,ashby,mintlify,14,https://jobs.ashbyhq.com/mintlify,3794,found
Resend,ashby,resend,7,https://jobs.ashbyhq.com/resend,4306,found
Loops,freshteam,loops,-1,https://loops.freshteam.com/jobs,5926,found
Clerk,freshteam,clerk,-1,https://clerk.freshteam.com/jobs,6417,found
Stytch,ashby,stytch,5,https://jobs.ashbyhq.com/stytch,6438,found
WorkOS,ashby,workos,28,https://jobs.ashbyhq.com/workos,7486,found
Permit.io,freshteam,permitio,-1,https://permitio.freshteam.com/jobs,1078,found
Cerbos,freshteam,cerbos,-1,https://cerbos.freshteam.com/jobs,1533,found
Unacademy,smartrecruiters,unacademy,3,https://careers.smartrecruiters.com/unacademy,1712,found
PhysicsWallah,freshteam,physicswallah,-1,https://physicswallah.freshteam.com/jobs,2681,found
upGrad,freshteam,upgrad,-1,https://upgrad.freshteam.com/jobs,3889,found
Eruditus,freshteam,eruditus,-1,https://eruditus.freshteam.com/jobs,4370,found
Emeritus,freshteam,emeritus,-1,https://emeritus.freshteam.com/jobs,4912,found
BYJU'S,freshteam,byjus,-1,https://byjus.freshteam.com/jobs,5319,found
Vedantu,freshteam,vedantu,-1,https://vedantu.freshteam.com/jobs,6227,found
Scaler Academy,ashby,scaler,2,https://jobs.ashbyhq.com/scaler,3117,found
Coding Ninjas,teamtailor,coding,-1,https://coding.teamtailor.com/,7849,requires_key
Newton School,greenhouse,newton,2,https://job-boards.greenhouse.io/newton,6494,found
Masai School,freshteam,masai-school,-1,https://masai-school.freshteam.com/jobs,3677,found
Sunstone,freshteam,sunstone,-1,https://sunstone.freshteam.com/jobs,2689,found
Simplilearn,freshteam,simplilearn,-1,https://simplilearn.freshteam.com/jobs,3959,found
Great Learning,freshteam,great-learning,-1,https://great-learning.freshteam.com/jobs,4647,found
Testbook,freshteam,testbook,-1,https://testbook.freshteam.com/jobs,5550,found
Adda247,freshteam,adda247,-1,https://adda247.freshteam.com/jobs,5786,found
Allen Digital,freshteam,allen-digital,-1,https://allen-digital.freshteam.com/jobs,6567,found
Classplus,freshteam,classplus,-1,https://classplus.freshteam.com/jobs,7029,found
Teachmint,freshteam,teachmint,-1,https://teachmint.freshteam.com/jobs,1259,found
FrontRow,freshteam,frontrow,-1,https://frontrow.freshteam.com/jobs,1650,found
Dream11,freshteam,dream11,-1,https://dream11.freshteam.com/jobs,2456,found
Games24x7,freshteam,games24x7,-1,https://games24x7.freshteam.com/jobs,3024,found
Mobile Premier League (MPL),freshteam,mobile-premier-league-mpl,-1,https://mobile-premier-league-mpl.freshteam.com/jobs,3743,found
WinZO Games,freshteam,winzo-games,-1,https://winzo-games.freshteam.com/jobs,4355,found
Nazara Technologies,freshteam,nazara-technologies,-1,https://nazara-technologies.freshteam.com/jobs,5063,found
JetSynthesys,freshteam,jetsynthesys,-1,https://jetsynthesys.freshteam.com/jobs,5465,found
Awadh,freshteam,awadh,-1,https://awadh.freshteam.com/jobs,6116,found
Rooter,freshteam,rooter,-1,https://rooter.freshteam.com/jobs,6643,found
Loco,freshteam,loco,-1,https://loco.freshteam.com/jobs,1196,found
Stage OTT,greenhouse,stage,162,https://job-boards.greenhouse.io/stage,5282,found
Jio Platforms,freshteam,jio-platforms,-1,https://jio-platforms.freshteam.com/jobs,2681,found
JioCinema,freshteam,jiocinema,-1,https://jiocinema.freshteam.com/jobs,3551,found
HotStar (Disney+),freshteam,hotstar-disney,-1,https://hotstar-disney.freshteam.com/jobs,3640,found
SonyLIV Tech,freshteam,sonyliv-tech,-1,https://sonyliv-tech.freshteam.com/jobs,4908,found
MX Player Tech,freshteam,mx-player-tech,-1,https://mx-player-tech.freshteam.com/jobs,5183,found
Dailymotion India,smartrecruiters,dailymotion,18,https://careers.smartrecruiters.com/dailymotion,2301,found
Koo,freshteam,koo,-1,https://koo.freshteam.com/jobs,6367,found
Sharechat Engineering,freshteam,sharechat-engineering,-1,https://sharechat-engineering.freshteam.com/jobs,6983,found
