company_name,slug,url
hilenium,hilenium,https://hilenium.freshteam.com/jobs
setupandsell-talent,setupandsell-talent,https://setupandsell-talent.freshteam.com/jobs
stackgenie,stackgenie,https://stackgenie.freshteam.com/jobs
sunsetindustries,sunsetindustries,https://sunsetindustries.freshteam.com/jobs
mediboost,mediboost,https://mediboost.freshteam.com/jobs
sheleadsafrica-talent,sheleadsafrica-talent,https://sheleadsafrica-talent.freshteam.com/jobs
singingfrog,singingfrog,https://singingfrog.freshteam.com/jobs
stireducation,stireducation,https://stireducation.freshteam.com/jobs
supamoto-talent,supamoto-talent,https://supamoto-talent.freshteam.com/jobs
vantage-talent,vantage-talent,https://vantage-talent.freshteam.com/jobs
wedew,wedew,https://wedew.freshteam.com/jobs
northpeak,northpeak,https://northpeak.freshteam.com/jobs
techseedinfo,techseedinfo,https://techseedinfo.freshteam.com/jobs
32nd,32nd,https://32nd.freshteam.com/jobs
laudatosimovement-talent,laudatosimovement-talent,https://laudatosimovement-talent.freshteam.com/jobs
shesharp,shesharp,https://shesharp.freshteam.com/jobs
antelopepets,antelopepets,https://antelopepets.freshteam.com/jobs
brandorbi,brandorbi,https://brandorbi.freshteam.com/jobs
elfie,elfie,https://elfie.freshteam.com/jobs
fieldmaterials,fieldmaterials,https://fieldmaterials.freshteam.com/jobs
hitecnologia,hitecnologia,https://hitecnologia.freshteam.com/jobs
cashflo-talent,cashflo-talent,https://cashflo-talent.freshteam.com/jobs
getambush-talent,getambush-talent,https://getambush-talent.freshteam.com/jobs
mansainc-team,mansainc-team,https://mansainc-team.freshteam.com/jobs
acrigen,acrigen,https://acrigen.freshteam.com/jobs
cornerstonevc,cornerstonevc,https://cornerstonevc.freshteam.com/jobs
mokbpresents,mokbpresents,https://mokbpresents.freshteam.com/jobs
saaslabs,saaslabs,https://saaslabs.freshteam.com/jobs
maxen,maxen,https://maxen.freshteam.com/jobs
nationalparkcity,nationalparkcity,https://nationalparkcity.freshteam.com/jobs
virtuemarketresearch-team,virtuemarketresearch-team,https://virtuemarketresearch-team.freshteam.com/jobs
formanschool,formanschool,https://formanschool.freshteam.com/jobs
helloseven,helloseven,https://helloseven.freshteam.com/jobs
numina-talent,numina-talent,https://numina-talent.freshteam.com/jobs
txlabs,txlabs,https://txlabs.freshteam.com/jobs
birminghamheatingltd,birminghamheatingltd,https://birminghamheatingltd.freshteam.com/jobs
extremenutritionllc,extremenutritionllc,https://extremenutritionllc.freshteam.com/jobs
meetlara,meetlara,https://meetlara.freshteam.com/jobs
omnispire,omnispire,https://omnispire.freshteam.com/jobs
people10,people10,https://people10.freshteam.com/jobs
cyces,cyces,https://cyces.freshteam.com/jobs
fenneclabs,fenneclabs,https://fenneclabs.freshteam.com/jobs
jebwa,jebwa,https://jebwa.freshteam.com/jobs
kentcompanies-team,kentcompanies-team,https://kentcompanies-team.freshteam.com/jobs
pera,pera,https://pera.freshteam.com/jobs
persist,persist,https://persist.freshteam.com/jobs
portalmenorca,portalmenorca,https://portalmenorca.freshteam.com/jobs
storyproc,storyproc,https://storyproc.freshteam.com/jobs
syfe-talent,syfe-talent,https://syfe-talent.freshteam.com/jobs
blended,blended,https://blended.freshteam.com/jobs
cocomercado,cocomercado,https://cocomercado.freshteam.com/jobs
reflaunt,reflaunt,https://reflaunt.freshteam.com/jobs
tenantcube,tenantcube,https://tenantcube.freshteam.com/jobs
transitionaltechnologies,transitionaltechnologies,https://transitionaltechnologies.freshteam.com/jobs
manauphawaii,manauphawaii,https://manauphawaii.freshteam.com/jobs
vhiweb,vhiweb,https://vhiweb.freshteam.com/jobs
androcid,androcid,https://androcid.freshteam.com/jobs
mazars-talent,mazars-talent,https://mazars-talent.freshteam.com/jobs
stackzone,stackzone,https://stackzone.freshteam.com/jobs
aeserver,aeserver,https://aeserver.freshteam.com/jobs
eazifunds,eazifunds,https://eazifunds.freshteam.com/jobs
sarvalabs,sarvalabs,https://sarvalabs.freshteam.com/jobs
softnotions-team,softnotions-team,https://softnotions-team.freshteam.com/jobs
traceyabenson,traceyabenson,https://traceyabenson.freshteam.com/jobs
trywingman,trywingman,https://trywingman.freshteam.com/jobs
mastrosoft,mastrosoft,https://mastrosoft.freshteam.com/jobs
printu-1648554777899,printu-1648554777899,https://printu-1648554777899.freshteam.com/jobs
pointwest-community,pointwest-community,https://pointwest-community.freshteam.com/jobs
vervech,vervech,https://vervech.freshteam.com/jobs
drixit,drixit,https://drixit.freshteam.com/jobs
lgservicesnc,lgservicesnc,https://lgservicesnc.freshteam.com/jobs
santograo,santograo,https://santograo.freshteam.com/jobs
springpod,springpod,https://springpod.freshteam.com/jobs
automatad-talent,automatad-talent,https://automatad-talent.freshteam.com/jobs
fireflies,fireflies,https://fireflies.freshteam.com/jobs
veecotech,veecotech,https://veecotech.freshteam.com/jobs
berlinerstagecompany,berlinerstagecompany,https://berlinerstagecompany.freshteam.com/jobs
krazybee,krazybee,https://krazybee.freshteam.com/jobs
ridango,ridango,https://ridango.freshteam.com/jobs
spirula,spirula,https://spirula.freshteam.com/jobs
tartansolutions,tartansolutions,https://tartansolutions.freshteam.com/jobs
wytheacademy,wytheacademy,https://wytheacademy.freshteam.com/jobs
unify,unify,https://unify.freshteam.com/jobs
bigelow,bigelow,https://bigelow.freshteam.com/jobs
bltlog,bltlog,https://bltlog.freshteam.com/jobs
hppyhour,hppyhour,https://hppyhour.freshteam.com/jobs
10times,10times,https://10times.freshteam.com/jobs
coffeenclothes,coffeenclothes,https://coffeenclothes.freshteam.com/jobs
gonoise,gonoise,https://gonoise.freshteam.com/jobs
gonuclei,gonuclei,https://gonuclei.freshteam.com/jobs
kalam,kalam,https://kalam.freshteam.com/jobs
dextratransport,dextratransport,https://dextratransport.freshteam.com/jobs
mystiquex,mystiquex,https://mystiquex.freshteam.com/jobs
thesoftwarepractice,thesoftwarepractice,https://thesoftwarepractice.freshteam.com/jobs
uszoom,uszoom,https://uszoom.freshteam.com/jobs
akridata,akridata,https://akridata.freshteam.com/jobs
customedialabs,customedialabs,https://customedialabs.freshteam.com/jobs
learnfresh,learnfresh,https://learnfresh.freshteam.com/jobs
moonlabor,moonlabor,https://moonlabor.freshteam.com/jobs
sunculture,sunculture,https://sunculture.freshteam.com/jobs
travelcapitalist,travelcapitalist,https://travelcapitalist.freshteam.com/jobs
catarse,catarse,https://catarse.freshteam.com/jobs
eplane-team,eplane-team,https://eplane-team.freshteam.com/jobs
patriotjetskirentals,patriotjetskirentals,https://patriotjetskirentals.freshteam.com/jobs
sayint,sayint,https://sayint.freshteam.com/jobs
birdandbe,birdandbe,https://birdandbe.freshteam.com/jobs
crcflex,crcflex,https://crcflex.freshteam.com/jobs
cynlr,cynlr,https://cynlr.freshteam.com/jobs
tecnoferrari,tecnoferrari,https://tecnoferrari.freshteam.com/jobs
cyware,cyware,https://cyware.freshteam.com/jobs
evolux,evolux,https://evolux.freshteam.com/jobs
insightpact,insightpact,https://insightpact.freshteam.com/jobs
tgcwaterloo,tgcwaterloo,https://tgcwaterloo.freshteam.com/jobs
xensam,xensam,https://xensam.freshteam.com/jobs
arthur,arthur,https://arthur.freshteam.com/jobs
atugan,atugan,https://atugan.freshteam.com/jobs
openfabric,openfabric,https://openfabric.freshteam.com/jobs
overproof,overproof,https://overproof.freshteam.com/jobs
sellfy,sellfy,https://sellfy.freshteam.com/jobs
anywhere-talent,anywhere-talent,https://anywhere-talent.freshteam.com/jobs
opencampusmedia,opencampusmedia,https://opencampusmedia.freshteam.com/jobs
paretotree,paretotree,https://paretotree.freshteam.com/jobs
pushapp,pushapp,https://pushapp.freshteam.com/jobs
enchantevzw,enchantevzw,https://enchantevzw.freshteam.com/jobs
giglist,giglist,https://giglist.freshteam.com/jobs
klar,klar,https://klar.freshteam.com/jobs
locale,locale,https://locale.freshteam.com/jobs
homelandls,homelandls,https://homelandls.freshteam.com/jobs
neuralconcept,neuralconcept,https://neuralconcept.freshteam.com/jobs
ninegap,ninegap,https://ninegap.freshteam.com/jobs
remotestar-team,remotestar-team,https://remotestar-team.freshteam.com/jobs
staffinc-talent,staffinc-talent,https://staffinc-talent.freshteam.com/jobs
ultrade,ultrade,https://ultrade.freshteam.com/jobs
ultrahuman,ultrahuman,https://ultrahuman.freshteam.com/jobs
bitloops-team,bitloops-team,https://bitloops-team.freshteam.com/jobs
cotiss,cotiss,https://cotiss.freshteam.com/jobs
evenflowbrands,evenflowbrands,https://evenflowbrands.freshteam.com/jobs
ginbits,ginbits,https://ginbits.freshteam.com/jobs
harvardgroup,harvardgroup,https://harvardgroup.freshteam.com/jobs
roamsoft,roamsoft,https://roamsoft.freshteam.com/jobs
form-talent,form-talent,https://form-talent.freshteam.com/jobs
iamneo,iamneo,https://iamneo.freshteam.com/jobs
stechs,stechs,https://stechs.freshteam.com/jobs
theoffix,theoffix,https://theoffix.freshteam.com/jobs
theprogressiongroup,theprogressiongroup,https://theprogressiongroup.freshteam.com/jobs
driftpilot,driftpilot,https://driftpilot.freshteam.com/jobs
reelertech-1629713042544,reelertech-1629713042544,https://reelertech-1629713042544.freshteam.com/jobs
smerf,smerf,https://smerf.freshteam.com/jobs
sunokitaab,sunokitaab,https://sunokitaab.freshteam.com/jobs
yogabars,yogabars,https://yogabars.freshteam.com/jobs
budee,budee,https://budee.freshteam.com/jobs
crushvertise,crushvertise,https://crushvertise.freshteam.com/jobs
nextonicsolutions,nextonicsolutions,https://nextonicsolutions.freshteam.com/jobs
11bytes,11bytes,https://11bytes.freshteam.com/jobs
cellinsurance,cellinsurance,https://cellinsurance.freshteam.com/jobs
drsam,drsam,https://drsam.freshteam.com/jobs
lendsqr,lendsqr,https://lendsqr.freshteam.com/jobs
lifecheq,lifecheq,https://lifecheq.freshteam.com/jobs
asvntech,asvntech,https://asvntech.freshteam.com/jobs
boksengipl,boksengipl,https://boksengipl.freshteam.com/jobs
lacapucine,lacapucine,https://lacapucine.freshteam.com/jobs
corzent,corzent,https://corzent.freshteam.com/jobs
lsdmlondon,lsdmlondon,https://lsdmlondon.freshteam.com/jobs
productiontogo,productiontogo,https://productiontogo.freshteam.com/jobs
ramani,ramani,https://ramani.freshteam.com/jobs
aisle,aisle,https://aisle.freshteam.com/jobs
codvo-team,codvo-team,https://codvo-team.freshteam.com/jobs
aerospec,aerospec,https://aerospec.freshteam.com/jobs
astrata,astrata,https://astrata.freshteam.com/jobs
certifi,certifi,https://certifi.freshteam.com/jobs
firefly,firefly,https://firefly.freshteam.com/jobs
24center-1645099558820,24center-1645099558820,https://24center-1645099558820.freshteam.com/jobs
hagzi,hagzi,https://hagzi.freshteam.com/jobs
optimize-partners,optimize-partners,https://optimize-partners.freshteam.com/jobs
redlineperf,redlineperf,https://redlineperf.freshteam.com/jobs
sparkmentalhealth,sparkmentalhealth,https://sparkmentalhealth.freshteam.com/jobs
intelligentrelations,intelligentrelations,https://intelligentrelations.freshteam.com/jobs
planetics,planetics,https://planetics.freshteam.com/jobs
railvision-talent,railvision-talent,https://railvision-talent.freshteam.com/jobs
xeno-hr,xeno-hr,https://xeno-hr.freshteam.com/jobs
yourtotaliq,yourtotaliq,https://yourtotaliq.freshteam.com/jobs
brillinterview,brillinterview,https://brillinterview.freshteam.com/jobs
fiscozen,fiscozen,https://fiscozen.freshteam.com/jobs
go360cloud,go360cloud,https://go360cloud.freshteam.com/jobs
goterrafirma,goterrafirma,https://goterrafirma.freshteam.com/jobs
noory,noory,https://noory.freshteam.com/jobs
quincus,quincus,https://quincus.freshteam.com/jobs
sensedata,sensedata,https://sensedata.freshteam.com/jobs
sequoiaat,sequoiaat,https://sequoiaat.freshteam.com/jobs
whitestack,whitestack,https://whitestack.freshteam.com/jobs
bothrs-people,bothrs-people,https://bothrs-people.freshteam.com/jobs
coaldev,coaldev,https://coaldev.freshteam.com/jobs
donorbox,donorbox,https://donorbox.freshteam.com/jobs
pathcore,pathcore,https://pathcore.freshteam.com/jobs
32crayons-talent,32crayons-talent,https://32crayons-talent.freshteam.com/jobs
corinthcg,corinthcg,https://corinthcg.freshteam.com/jobs
page365,page365,https://page365.freshteam.com/jobs
remo1,remo1,https://remo1.freshteam.com/jobs
renous,renous,https://renous.freshteam.com/jobs
rocketlane,rocketlane,https://rocketlane.freshteam.com/jobs
shuggr,shuggr,https://shuggr.freshteam.com/jobs
techamericas,techamericas,https://techamericas.freshteam.com/jobs
theredheadsolutions,theredheadsolutions,https://theredheadsolutions.freshteam.com/jobs
rainbook,rainbook,https://rainbook.freshteam.com/jobs
beamberlin,beamberlin,https://beamberlin.freshteam.com/jobs
quickcartonline,quickcartonline,https://quickcartonline.freshteam.com/jobs
stepn,stepn,https://stepn.freshteam.com/jobs
buypower,buypower,https://buypower.freshteam.com/jobs
engagedly,engagedly,https://engagedly.freshteam.com/jobs
kraftshala,kraftshala,https://kraftshala.freshteam.com/jobs
rowwit,rowwit,https://rowwit.freshteam.com/jobs
stamped-talent,stamped-talent,https://stamped-talent.freshteam.com/jobs
talent360,talent360,https://talent360.freshteam.com/jobs
blanklabel,blanklabel,https://blanklabel.freshteam.com/jobs
tecstub,tecstub,https://tecstub.freshteam.com/jobs
wittij,wittij,https://wittij.freshteam.com/jobs
greenpeakpartners,greenpeakpartners,https://greenpeakpartners.freshteam.com/jobs
npgco,npgco,https://npgco.freshteam.com/jobs
panorama,panorama,https://panorama.freshteam.com/jobs
romescomexmed,romescomexmed,https://romescomexmed.freshteam.com/jobs
clootrack,clootrack,https://clootrack.freshteam.com/jobs
29next,29next,https://29next.freshteam.com/jobs
moolya-people,moolya-people,https://moolya-people.freshteam.com/jobs
saara,saara,https://saara.freshteam.com/jobs
sasmarketingllc,sasmarketingllc,https://sasmarketingllc.freshteam.com/jobs
a2d,a2d,https://a2d.freshteam.com/jobs
infernored,infernored,https://infernored.freshteam.com/jobs
servicepump,servicepump,https://servicepump.freshteam.com/jobs
visualalpha,visualalpha,https://visualalpha.freshteam.com/jobs
weamse,weamse,https://weamse.freshteam.com/jobs
bijububbletea,bijububbletea,https://bijububbletea.freshteam.com/jobs
cometchat,cometchat,https://cometchat.freshteam.com/jobs
learncube,learncube,https://learncube.freshteam.com/jobs
kaoun,kaoun,https://kaoun.freshteam.com/jobs
webhelp-team,webhelp-team,https://webhelp-team.freshteam.com/jobs
zaask,zaask,https://zaask.freshteam.com/jobs
antarahealth,antarahealth,https://antarahealth.freshteam.com/jobs
fersktech,fersktech,https://fersktech.freshteam.com/jobs
lendiron-1642144573271,lendiron-1642144573271,https://lendiron-1642144573271.freshteam.com/jobs
thebdschool,thebdschool,https://thebdschool.freshteam.com/jobs
farmz2u,farmz2u,https://farmz2u.freshteam.com/jobs
hipecommerce,hipecommerce,https://hipecommerce.freshteam.com/jobs
one37id,one37id,https://one37id.freshteam.com/jobs
haptik,haptik,https://haptik.freshteam.com/jobs
hopestreetgroup,hopestreetgroup,https://hopestreetgroup.freshteam.com/jobs
orbofi,orbofi,https://orbofi.freshteam.com/jobs
prodevel,prodevel,https://prodevel.freshteam.com/jobs
prolang,prolang,https://prolang.freshteam.com/jobs
remotetalentlatam,remotetalentlatam,https://remotetalentlatam.freshteam.com/jobs
diabatix,diabatix,https://diabatix.freshteam.com/jobs
hrmcglobal-team,hrmcglobal-team,https://hrmcglobal-team.freshteam.com/jobs
jalop123jorem,jalop123jorem,https://jalop123jorem.freshteam.com/jobs
lastcallmedia,lastcallmedia,https://lastcallmedia.freshteam.com/jobs
paintmelbourne,paintmelbourne,https://paintmelbourne.freshteam.com/jobs
digitalfreedomfund,digitalfreedomfund,https://digitalfreedomfund.freshteam.com/jobs
gaio,gaio,https://gaio.freshteam.com/jobs
roandco,roandco,https://roandco.freshteam.com/jobs
swiftmedispark,swiftmedispark,https://swiftmedispark.freshteam.com/jobs
vhs,vhs,https://vhs.freshteam.com/jobs
aquatis,aquatis,https://aquatis.freshteam.com/jobs
ashberoffshore,ashberoffshore,https://ashberoffshore.freshteam.com/jobs
banshie,banshie,https://banshie.freshteam.com/jobs
biteca,biteca,https://biteca.freshteam.com/jobs
tophire,tophire,https://tophire.freshteam.com/jobs
barriquesmarket,barriquesmarket,https://barriquesmarket.freshteam.com/jobs
ecsme,ecsme,https://ecsme.freshteam.com/jobs
rally-hr,rally-hr,https://rally-hr.freshteam.com/jobs
dspim,dspim,https://dspim.freshteam.com/jobs
harbauer-talent,harbauer-talent,https://harbauer-talent.freshteam.com/jobs
recoftc,recoftc,https://recoftc.freshteam.com/jobs
roarsocial,roarsocial,https://roarsocial.freshteam.com/jobs
syncperformance,syncperformance,https://syncperformance.freshteam.com/jobs
groove,groove,https://groove.freshteam.com/jobs
myreview-people,myreview-people,https://myreview-people.freshteam.com/jobs
sessionstack,sessionstack,https://sessionstack.freshteam.com/jobs
micro-1635083795253,micro-1635083795253,https://micro-1635083795253.freshteam.com/jobs
montani,montani,https://montani.freshteam.com/jobs
yubotrading-talent,yubotrading-talent,https://yubotrading-talent.freshteam.com/jobs
pixl8partners,pixl8partners,https://pixl8partners.freshteam.com/jobs
antino,antino,https://antino.freshteam.com/jobs
builtgh,builtgh,https://builtgh.freshteam.com/jobs
nxwave,nxwave,https://nxwave.freshteam.com/jobs
projectaugustus,projectaugustus,https://projectaugustus.freshteam.com/jobs
pullflow,pullflow,https://pullflow.freshteam.com/jobs
zahnarztpraxis-semrau,zahnarztpraxis-semrau,https://zahnarztpraxis-semrau.freshteam.com/jobs
500designs,500designs,https://500designs.freshteam.com/jobs
dextragroup,dextragroup,https://dextragroup.freshteam.com/jobs
foodsafetyworks,foodsafetyworks,https://foodsafetyworks.freshteam.com/jobs
getpowerplay-talent,getpowerplay-talent,https://getpowerplay-talent.freshteam.com/jobs
inflite,inflite,https://inflite.freshteam.com/jobs
intugine,intugine,https://intugine.freshteam.com/jobs
oml,oml,https://oml.freshteam.com/jobs
staffingly,staffingly,https://staffingly.freshteam.com/jobs
epichospitality,epichospitality,https://epichospitality.freshteam.com/jobs
neovia,neovia,https://neovia.freshteam.com/jobs
retreaver,retreaver,https://retreaver.freshteam.com/jobs
rigi,rigi,https://rigi.freshteam.com/jobs
tea-venture,tea-venture,https://tea-venture.freshteam.com/jobs
madmonkeyhostels,madmonkeyhostels,https://madmonkeyhostels.freshteam.com/jobs
yudrio-team,yudrio-team,https://yudrio-team.freshteam.com/jobs
foodmarkethub-talent,foodmarkethub-talent,https://foodmarkethub-talent.freshteam.com/jobs
atato,atato,https://atato.freshteam.com/jobs
binance,binance,https://binance.freshteam.com/jobs
chargezoom,chargezoom,https://chargezoom.freshteam.com/jobs
gatehouseap,gatehouseap,https://gatehouseap.freshteam.com/jobs
valla-1625223711530,valla-1625223711530,https://valla-1625223711530.freshteam.com/jobs
uniformjunction,uniformjunction,https://uniformjunction.freshteam.com/jobs
zomentum,zomentum,https://zomentum.freshteam.com/jobs
deepdata,deepdata,https://deepdata.freshteam.com/jobs
exisconsulting-talent,exisconsulting-talent,https://exisconsulting-talent.freshteam.com/jobs
ghostpunch,ghostpunch,https://ghostpunch.freshteam.com/jobs
mightycfo,mightycfo,https://mightycfo.freshteam.com/jobs
plox,plox,https://plox.freshteam.com/jobs
iswari,iswari,https://iswari.freshteam.com/jobs
sedintechnologies-talent,sedintechnologies-talent,https://sedintechnologies-talent.freshteam.com/jobs
avssolutions,avssolutions,https://avssolutions.freshteam.com/jobs
flip-talent,flip-talent,https://flip-talent.freshteam.com/jobs
inboarding,inboarding,https://inboarding.freshteam.com/jobs
livecall,livecall,https://livecall.freshteam.com/jobs
cimcor,cimcor,https://cimcor.freshteam.com/jobs
rethink,rethink,https://rethink.freshteam.com/jobs
shoplinks,shoplinks,https://shoplinks.freshteam.com/jobs
talentbag,talentbag,https://talentbag.freshteam.com/jobs
torchpartners-internships,torchpartners-internships,https://torchpartners-internships.freshteam.com/jobs
aavalabs,aavalabs,https://aavalabs.freshteam.com/jobs
carpediem,carpediem,https://carpediem.freshteam.com/jobs
nxtwave,nxtwave,https://nxtwave.freshteam.com/jobs
timelineapp,timelineapp,https://timelineapp.freshteam.com/jobs
yuool,yuool,https://yuool.freshteam.com/jobs
bestbrothersgroup,bestbrothersgroup,https://bestbrothersgroup.freshteam.com/jobs
hacwatch,hacwatch,https://hacwatch.freshteam.com/jobs
viatu-talent,viatu-talent,https://viatu-talent.freshteam.com/jobs
dogchef,dogchef,https://dogchef.freshteam.com/jobs
famworkinc-talent,famworkinc-talent,https://famworkinc-talent.freshteam.com/jobs
gbadvisors,gbadvisors,https://gbadvisors.freshteam.com/jobs
spiceblue,spiceblue,https://spiceblue.freshteam.com/jobs
luggit,luggit,https://luggit.freshteam.com/jobs
pemo,pemo,https://pemo.freshteam.com/jobs
vida,vida,https://vida.freshteam.com/jobs
vitzo-talent,vitzo-talent,https://vitzo-talent.freshteam.com/jobs
youthrising,youthrising,https://youthrising.freshteam.com/jobs
inchcapewind,inchcapewind,https://inchcapewind.freshteam.com/jobs
synaptiq,synaptiq,https://synaptiq.freshteam.com/jobs
bpimedical,bpimedical,https://bpimedical.freshteam.com/jobs
honest,honest,https://honest.freshteam.com/jobs
romestaffing,romestaffing,https://romestaffing.freshteam.com/jobs
upswing,upswing,https://upswing.freshteam.com/jobs
iotrl,iotrl,https://iotrl.freshteam.com/jobs
kamioun,kamioun,https://kamioun.freshteam.com/jobs
koody,koody,https://koody.freshteam.com/jobs
luxehouze,luxehouze,https://luxehouze.freshteam.com/jobs
outreachgrid,outreachgrid,https://outreachgrid.freshteam.com/jobs
simera-talent,simera-talent,https://simera-talent.freshteam.com/jobs
smdtechnologies,smdtechnologies,https://smdtechnologies.freshteam.com/jobs
creintech,creintech,https://creintech.freshteam.com/jobs
808nanny,808nanny,https://808nanny.freshteam.com/jobs
allihoop,allihoop,https://allihoop.freshteam.com/jobs
gpcvservices,gpcvservices,https://gpcvservices.freshteam.com/jobs
peppercontent-talent,peppercontent-talent,https://peppercontent-talent.freshteam.com/jobs
sptr,sptr,https://sptr.freshteam.com/jobs
luminarytravel,luminarytravel,https://luminarytravel.freshteam.com/jobs
marketbeat,marketbeat,https://marketbeat.freshteam.com/jobs
rcec610,rcec610,https://rcec610.freshteam.com/jobs
spectrumone,spectrumone,https://spectrumone.freshteam.com/jobs
upgrow,upgrow,https://upgrow.freshteam.com/jobs
jolera,jolera,https://jolera.freshteam.com/jobs
deskfirst,deskfirst,https://deskfirst.freshteam.com/jobs
ev,ev,https://ev.freshteam.com/jobs
securedatatech,securedatatech,https://securedatatech.freshteam.com/jobs
cloudsys,cloudsys,https://cloudsys.freshteam.com/jobs
impact,impact,https://impact.freshteam.com/jobs
mediapal,mediapal,https://mediapal.freshteam.com/jobs
urbanltd,urbanltd,https://urbanltd.freshteam.com/jobs
anaxee,anaxee,https://anaxee.freshteam.com/jobs
finfolio,finfolio,https://finfolio.freshteam.com/jobs
gleechurch,gleechurch,https://gleechurch.freshteam.com/jobs
watermarkinsights,watermarkinsights,https://watermarkinsights.freshteam.com/jobs
kinetictechnology,kinetictechnology,https://kinetictechnology.freshteam.com/jobs
aurochs,aurochs,https://aurochs.freshteam.com/jobs
bizlink,bizlink,https://bizlink.freshteam.com/jobs
oplog-talent,oplog-talent,https://oplog-talent.freshteam.com/jobs
timely,timely,https://timely.freshteam.com/jobs
avomind,avomind,https://avomind.freshteam.com/jobs
hkmci-people,hkmci-people,https://hkmci-people.freshteam.com/jobs
soflotutors,soflotutors,https://soflotutors.freshteam.com/jobs
softwaysolutions,softwaysolutions,https://softwaysolutions.freshteam.com/jobs
thinkfuture,thinkfuture,https://thinkfuture.freshteam.com/jobs
fawadbachatech,fawadbachatech,https://fawadbachatech.freshteam.com/jobs
getepiphany,getepiphany,https://getepiphany.freshteam.com/jobs
icon,icon,https://icon.freshteam.com/jobs
vier,vier,https://vier.freshteam.com/jobs
wrk,wrk,https://wrk.freshteam.com/jobs
bowsy,bowsy,https://bowsy.freshteam.com/jobs
diasporaco,diasporaco,https://diasporaco.freshteam.com/jobs
epicnationalrealty,epicnationalrealty,https://epicnationalrealty.freshteam.com/jobs
owens,owens,https://owens.freshteam.com/jobs
digitap,digitap,https://digitap.freshteam.com/jobs
ducom,ducom,https://ducom.freshteam.com/jobs
leher,leher,https://leher.freshteam.com/jobs
rochester-talent,rochester-talent,https://rochester-talent.freshteam.com/jobs
skillfill,skillfill,https://skillfill.freshteam.com/jobs
klaiya,klaiya,https://klaiya.freshteam.com/jobs
realschool-1635183780269,realschool-1635183780269,https://realschool-1635183780269.freshteam.com/jobs
hotelflow,hotelflow,https://hotelflow.freshteam.com/jobs
rebilly,rebilly,https://rebilly.freshteam.com/jobs
refinere,refinere,https://refinere.freshteam.com/jobs
siamseaplane,siamseaplane,https://siamseaplane.freshteam.com/jobs
clanq-1644474810537,clanq-1644474810537,https://clanq-1644474810537.freshteam.com/jobs
qsstechnosoft,qsstechnosoft,https://qsstechnosoft.freshteam.com/jobs
scottysinc,scottysinc,https://scottysinc.freshteam.com/jobs
joinditto,joinditto,https://joinditto.freshteam.com/jobs
advancewebsoftware,advancewebsoftware,https://advancewebsoftware.freshteam.com/jobs
farefix,farefix,https://farefix.freshteam.com/jobs
metaschool,metaschool,https://metaschool.freshteam.com/jobs
newtonx,newtonx,https://newtonx.freshteam.com/jobs
oursong-talent,oursong-talent,https://oursong-talent.freshteam.com/jobs
salientpredictions,salientpredictions,https://salientpredictions.freshteam.com/jobs
withkoa-1625161069045,withkoa-1625161069045,https://withkoa-1625161069045.freshteam.com/jobs
hashcube,hashcube,https://hashcube.freshteam.com/jobs
vgrowup,vgrowup,https://vgrowup.freshteam.com/jobs
visit-talent,visit-talent,https://visit-talent.freshteam.com/jobs
bigsteptech,bigsteptech,https://bigsteptech.freshteam.com/jobs
easyconnect,easyconnect,https://easyconnect.freshteam.com/jobs
greencodesoftware,greencodesoftware,https://greencodesoftware.freshteam.com/jobs
storehub,storehub,https://storehub.freshteam.com/jobs
abnhire,abnhire,https://abnhire.freshteam.com/jobs
kklab,kklab,https://kklab.freshteam.com/jobs
kofa,kofa,https://kofa.freshteam.com/jobs
technoidee,technoidee,https://technoidee.freshteam.com/jobs
pepperhq,pepperhq,https://pepperhq.freshteam.com/jobs
thetreedots,thetreedots,https://thetreedots.freshteam.com/jobs
carta-talent,carta-talent,https://carta-talent.freshteam.com/jobs
emotionsinharmony,emotionsinharmony,https://emotionsinharmony.freshteam.com/jobs
klab,klab,https://klab.freshteam.com/jobs
mayeauxfoundation,mayeauxfoundation,https://mayeauxfoundation.freshteam.com/jobs
myglamm,myglamm,https://myglamm.freshteam.com/jobs
openinapp,openinapp,https://openinapp.freshteam.com/jobs
quicktextpay,quicktextpay,https://quicktextpay.freshteam.com/jobs
drinkprime,drinkprime,https://drinkprime.freshteam.com/jobs
blaisetransit,blaisetransit,https://blaisetransit.freshteam.com/jobs
blonyx,blonyx,https://blonyx.freshteam.com/jobs
deliverr,deliverr,https://deliverr.freshteam.com/jobs
axlewebtech,axlewebtech,https://axlewebtech.freshteam.com/jobs
beyond,beyond,https://beyond.freshteam.com/jobs
everland,everland,https://everland.freshteam.com/jobs
assurdly,assurdly,https://assurdly.freshteam.com/jobs
bracaneco,bracaneco,https://bracaneco.freshteam.com/jobs
kirat,kirat,https://kirat.freshteam.com/jobs
navi,navi,https://navi.freshteam.com/jobs
realmfive,realmfive,https://realmfive.freshteam.com/jobs
sandigital,sandigital,https://sandigital.freshteam.com/jobs
aasc,aasc,https://aasc.freshteam.com/jobs
platformatory-1632407309031,platformatory-1632407309031,https://platformatory-1632407309031.freshteam.com/jobs
foodmarkethub,foodmarkethub,https://foodmarkethub.freshteam.com/jobs
garageplug,garageplug,https://garageplug.freshteam.com/jobs
neovasolutions-team,neovasolutions-team,https://neovasolutions-team.freshteam.com/jobs
studioforty9,studioforty9,https://studioforty9.freshteam.com/jobs
kenomsec,kenomsec,https://kenomsec.freshteam.com/jobs
paxcom,paxcom,https://paxcom.freshteam.com/jobs
stanbridge-talent,stanbridge-talent,https://stanbridge-talent.freshteam.com/jobs
superprocure,superprocure,https://superprocure.freshteam.com/jobs
translayte,translayte,https://translayte.freshteam.com/jobs
wishforyellow,wishforyellow,https://wishforyellow.freshteam.com/jobs
agilelab,agilelab,https://agilelab.freshteam.com/jobs
kloudle,kloudle,https://kloudle.freshteam.com/jobs
hinted,hinted,https://hinted.freshteam.com/jobs
labnormal-1629713594982,labnormal-1629713594982,https://labnormal-1629713594982.freshteam.com/jobs
elloe,elloe,https://elloe.freshteam.com/jobs
creditsaisonin-talent,creditsaisonin-talent,https://creditsaisonin-talent.freshteam.com/jobs
quicksell,quicksell,https://quicksell.freshteam.com/jobs
twelvenets,twelvenets,https://twelvenets.freshteam.com/jobs
getinz-people,getinz-people,https://getinz-people.freshteam.com/jobs
plyind,plyind,https://plyind.freshteam.com/jobs
theboutiquechalet,theboutiquechalet,https://theboutiquechalet.freshteam.com/jobs
centralohiovape,centralohiovape,https://centralohiovape.freshteam.com/jobs
maxtechnologies,maxtechnologies,https://maxtechnologies.freshteam.com/jobs
starport,starport,https://starport.freshteam.com/jobs
tembo,tembo,https://tembo.freshteam.com/jobs
1uplogistics,1uplogistics,https://1uplogistics.freshteam.com/jobs
nfrederic,nfrederic,https://nfrederic.freshteam.com/jobs
xoxo-1642679996912,xoxo-1642679996912,https://xoxo-1642679996912.freshteam.com/jobs
flynote,flynote,https://flynote.freshteam.com/jobs
keet,keet,https://keet.freshteam.com/jobs
placechangers,placechangers,https://placechangers.freshteam.com/jobs
pradopower,pradopower,https://pradopower.freshteam.com/jobs
thesocietyfashionweek,thesocietyfashionweek,https://thesocietyfashionweek.freshteam.com/jobs
totalitycorp-hr,totalitycorp-hr,https://totalitycorp-hr.freshteam.com/jobs
tuares,tuares,https://tuares.freshteam.com/jobs
turnhq,turnhq,https://turnhq.freshteam.com/jobs
maker,maker,https://maker.freshteam.com/jobs
mohalaeyewear,mohalaeyewear,https://mohalaeyewear.freshteam.com/jobs
prometheaneditions,prometheaneditions,https://prometheaneditions.freshteam.com/jobs
quefly,quefly,https://quefly.freshteam.com/jobs
rezmatic-talent,rezmatic-talent,https://rezmatic-talent.freshteam.com/jobs
ctlyst,ctlyst,https://ctlyst.freshteam.com/jobs
restarinc,restarinc,https://restarinc.freshteam.com/jobs
unimart,unimart,https://unimart.freshteam.com/jobs
forleven,forleven,https://forleven.freshteam.com/jobs
univision,univision,https://univision.freshteam.com/jobs
echko,echko,https://echko.freshteam.com/jobs
redrockfulfillment,redrockfulfillment,https://redrockfulfillment.freshteam.com/jobs
greenjobs,greenjobs,https://greenjobs.freshteam.com/jobs
woodmontcabinetry,woodmontcabinetry,https://woodmontcabinetry.freshteam.com/jobs
agunity,agunity,https://agunity.freshteam.com/jobs
workhorseintegrations,workhorseintegrations,https://workhorseintegrations.freshteam.com/jobs
tripledart,tripledart,https://tripledart.freshteam.com/jobs
zuna,zuna,https://zuna.freshteam.com/jobs
emeraldtreecare,emeraldtreecare,https://emeraldtreecare.freshteam.com/jobs
seemarble,seemarble,https://seemarble.freshteam.com/jobs
zentrades,zentrades,https://zentrades.freshteam.com/jobs
leaningtech,leaningtech,https://leaningtech.freshteam.com/jobs
leapswitch,leapswitch,https://leapswitch.freshteam.com/jobs
atdev,atdev,https://atdev.freshteam.com/jobs
hyperworkth,hyperworkth,https://hyperworkth.freshteam.com/jobs
6ixcitylogistics,6ixcitylogistics,https://6ixcitylogistics.freshteam.com/jobs
flick2know,flick2know,https://flick2know.freshteam.com/jobs
virion,virion,https://virion.freshteam.com/jobs
affinity-talent,affinity-talent,https://affinity-talent.freshteam.com/jobs
365zocial,365zocial,https://365zocial.freshteam.com/jobs
greenhill-internships,greenhill-internships,https://greenhill-internships.freshteam.com/jobs
realstake,realstake,https://realstake.freshteam.com/jobs
sayeon,sayeon,https://sayeon.freshteam.com/jobs
ambicareers,ambicareers,https://ambicareers.freshteam.com/jobs
sylverrain,sylverrain,https://sylverrain.freshteam.com/jobs
menta,menta,https://menta.freshteam.com/jobs
mudrex,mudrex,https://mudrex.freshteam.com/jobs
bluvium-people,bluvium-people,https://bluvium-people.freshteam.com/jobs
kavsports,kavsports,https://kavsports.freshteam.com/jobs
layeredreality,layeredreality,https://layeredreality.freshteam.com/jobs
3w,3w,https://3w.freshteam.com/jobs
theatom,theatom,https://theatom.freshteam.com/jobs
nucba,nucba,https://nucba.freshteam.com/jobs
quantumcomputinginc,quantumcomputinginc,https://quantumcomputinginc.freshteam.com/jobs
uplabs,uplabs,https://uplabs.freshteam.com/jobs
6sensehq,6sensehq,https://6sensehq.freshteam.com/jobs
dixio,dixio,https://dixio.freshteam.com/jobs
getflowpath,getflowpath,https://getflowpath.freshteam.com/jobs
alephoo,alephoo,https://alephoo.freshteam.com/jobs
slashroots,slashroots,https://slashroots.freshteam.com/jobs
aiforum,aiforum,https://aiforum.freshteam.com/jobs
bungeetech-talent,bungeetech-talent,https://bungeetech-talent.freshteam.com/jobs
ginsighttech-team,ginsighttech-team,https://ginsighttech-team.freshteam.com/jobs
nline,nline,https://nline.freshteam.com/jobs
apptestify,apptestify,https://apptestify.freshteam.com/jobs
tyrads,tyrads,https://tyrads.freshteam.com/jobs
zeniuseducation-talent,zeniuseducation-talent,https://zeniuseducation-talent.freshteam.com/jobs
creditmall,creditmall,https://creditmall.freshteam.com/jobs
blissbook,blissbook,https://blissbook.freshteam.com/jobs
whitelabelloyalty,whitelabelloyalty,https://whitelabelloyalty.freshteam.com/jobs
lukhu,lukhu,https://lukhu.freshteam.com/jobs
acceleratechangenetwork,acceleratechangenetwork,https://acceleratechangenetwork.freshteam.com/jobs
myva360,myva360,https://myva360.freshteam.com/jobs
fintastic,fintastic,https://fintastic.freshteam.com/jobs
tourscanner,tourscanner,https://tourscanner.freshteam.com/jobs
venubi,venubi,https://venubi.freshteam.com/jobs
mbskco,mbskco,https://mbskco.freshteam.com/jobs
elastikteams,elastikteams,https://elastikteams.freshteam.com/jobs
streamlayer,streamlayer,https://streamlayer.freshteam.com/jobs
webmasteratelyon,webmasteratelyon,https://webmasteratelyon.freshteam.com/jobs
angrobotics,angrobotics,https://angrobotics.freshteam.com/jobs
dartington,dartington,https://dartington.freshteam.com/jobs
securiti,securiti,https://securiti.freshteam.com/jobs
terra,terra,https://terra.freshteam.com/jobs
findmine,findmine,https://findmine.freshteam.com/jobs
metasquare,metasquare,https://metasquare.freshteam.com/jobs
neokomtv,neokomtv,https://neokomtv.freshteam.com/jobs
toquelabs,toquelabs,https://toquelabs.freshteam.com/jobs
topdatascience,topdatascience,https://topdatascience.freshteam.com/jobs
turbolab,turbolab,https://turbolab.freshteam.com/jobs
brewspark,brewspark,https://brewspark.freshteam.com/jobs
riseof,riseof,https://riseof.freshteam.com/jobs
stickearn,stickearn,https://stickearn.freshteam.com/jobs
auxia,auxia,https://auxia.freshteam.com/jobs
powerupta,powerupta,https://powerupta.freshteam.com/jobs
bforms,bforms,https://bforms.freshteam.com/jobs
bhope,bhope,https://bhope.freshteam.com/jobs
corecentra,corecentra,https://corecentra.freshteam.com/jobs
moveo,moveo,https://moveo.freshteam.com/jobs
nextbillion,nextbillion,https://nextbillion.freshteam.com/jobs
nudeeats,nudeeats,https://nudeeats.freshteam.com/jobs
oncamino,oncamino,https://oncamino.freshteam.com/jobs
campaign,campaign,https://campaign.freshteam.com/jobs
nicetomeetyou-team,nicetomeetyou-team,https://nicetomeetyou-team.freshteam.com/jobs
vengreso,vengreso,https://vengreso.freshteam.com/jobs
codesherpas-1647598771657,codesherpas-1647598771657,https://codesherpas-1647598771657.freshteam.com/jobs
ottawa,ottawa,https://ottawa.freshteam.com/jobs
soramitsu,soramitsu,https://soramitsu.freshteam.com/jobs
awantunai,awantunai,https://awantunai.freshteam.com/jobs
bellecommunication,bellecommunication,https://bellecommunication.freshteam.com/jobs
bipartisanpolicy,bipartisanpolicy,https://bipartisanpolicy.freshteam.com/jobs
zolve,zolve,https://zolve.freshteam.com/jobs
zenon,zenon,https://zenon.freshteam.com/jobs
elanacademy,elanacademy,https://elanacademy.freshteam.com/jobs
realitybasedgroup,realitybasedgroup,https://realitybasedgroup.freshteam.com/jobs
sarvm,sarvm,https://sarvm.freshteam.com/jobs
theeducationalequalityinstitute-team,theeducationalequalityinstitute-team,https://theeducationalequalityinstitute-team.freshteam.com/jobs
a1fed,a1fed,https://a1fed.freshteam.com/jobs
dumpling,dumpling,https://dumpling.freshteam.com/jobs
enerlly,enerlly,https://enerlly.freshteam.com/jobs
bantech,bantech,https://bantech.freshteam.com/jobs
nawgati,nawgati,https://nawgati.freshteam.com/jobs
trillionthoughts,trillionthoughts,https://trillionthoughts.freshteam.com/jobs
cocina35,cocina35,https://cocina35.freshteam.com/jobs
terzocloud,terzocloud,https://terzocloud.freshteam.com/jobs
steelskystudio,steelskystudio,https://steelskystudio.freshteam.com/jobs
modal,modal,https://modal.freshteam.com/jobs
novovu,novovu,https://novovu.freshteam.com/jobs
breadfast-team,breadfast-team,https://breadfast-team.freshteam.com/jobs
ellevatenetwork,ellevatenetwork,https://ellevatenetwork.freshteam.com/jobs
pmbsoftware-talent,pmbsoftware-talent,https://pmbsoftware-talent.freshteam.com/jobs
sehmedia,sehmedia,https://sehmedia.freshteam.com/jobs
360smartlingo-people,360smartlingo-people,https://360smartlingo-people.freshteam.com/jobs
rocketnode,rocketnode,https://rocketnode.freshteam.com/jobs
truckbook,truckbook,https://truckbook.freshteam.com/jobs
worshipinitiative,worshipinitiative,https://worshipinitiative.freshteam.com/jobs
digified,digified,https://digified.freshteam.com/jobs
eyerov,eyerov,https://eyerov.freshteam.com/jobs
cubitech,cubitech,https://cubitech.freshteam.com/jobs
jbjfoundation,jbjfoundation,https://jbjfoundation.freshteam.com/jobs
lcx,lcx,https://lcx.freshteam.com/jobs
stormideas,stormideas,https://stormideas.freshteam.com/jobs
beyondsoftbr,beyondsoftbr,https://beyondsoftbr.freshteam.com/jobs
bostonpartners,bostonpartners,https://bostonpartners.freshteam.com/jobs
chaincode,chaincode,https://chaincode.freshteam.com/jobs
eliq,eliq,https://eliq.freshteam.com/jobs
kubikware,kubikware,https://kubikware.freshteam.com/jobs
log9materials-talent,log9materials-talent,https://log9materials-talent.freshteam.com/jobs
udhyam,udhyam,https://udhyam.freshteam.com/jobs
brumbrum-talent,brumbrum-talent,https://brumbrum-talent.freshteam.com/jobs
leadsbridge,leadsbridge,https://leadsbridge.freshteam.com/jobs
beasensors,beasensors,https://beasensors.freshteam.com/jobs
flexspring,flexspring,https://flexspring.freshteam.com/jobs
23m,23m,https://23m.freshteam.com/jobs
purpleuniforms,purpleuniforms,https://purpleuniforms.freshteam.com/jobs
fleetstudio,fleetstudio,https://fleetstudio.freshteam.com/jobs
paylidify,paylidify,https://paylidify.freshteam.com/jobs
12min,12min,https://12min.freshteam.com/jobs
ottimate,ottimate,https://ottimate.freshteam.com/jobs
vitaliteahawaii,vitaliteahawaii,https://vitaliteahawaii.freshteam.com/jobs
affairscloud,affairscloud,https://affairscloud.freshteam.com/jobs
hazelseybert,hazelseybert,https://hazelseybert.freshteam.com/jobs
thebetterindia,thebetterindia,https://thebetterindia.freshteam.com/jobs
alzionlabs,alzionlabs,https://alzionlabs.freshteam.com/jobs
digitalcareers,digitalcareers,https://digitalcareers.freshteam.com/jobs
dobbytec,dobbytec,https://dobbytec.freshteam.com/jobs
empowermefirst,empowermefirst,https://empowermefirst.freshteam.com/jobs
scapia,scapia,https://scapia.freshteam.com/jobs
ultius,ultius,https://ultius.freshteam.com/jobs
businesshumanrights,businesshumanrights,https://businesshumanrights.freshteam.com/jobs
toaster-talent,toaster-talent,https://toaster-talent.freshteam.com/jobs
devsspace,devsspace,https://devsspace.freshteam.com/jobs
wildanimalinitiative,wildanimalinitiative,https://wildanimalinitiative.freshteam.com/jobs
ogibio,ogibio,https://ogibio.freshteam.com/jobs
polygonalmind,polygonalmind,https://polygonalmind.freshteam.com/jobs
relianceunited,relianceunited,https://relianceunited.freshteam.com/jobs
spire,spire,https://spire.freshteam.com/jobs
containiq,containiq,https://containiq.freshteam.com/jobs
hatio,hatio,https://hatio.freshteam.com/jobs
foopefragrances,foopefragrances,https://foopefragrances.freshteam.com/jobs
leapwiseadvisory,leapwiseadvisory,https://leapwiseadvisory.freshteam.com/jobs
lukso-1643796779848,lukso-1643796779848,https://lukso-1643796779848.freshteam.com/jobs
protagonizo,protagonizo,https://protagonizo.freshteam.com/jobs
widehorizons4u,widehorizons4u,https://widehorizons4u.freshteam.com/jobs
mesh,mesh,https://mesh.freshteam.com/jobs
emailkoti777,emailkoti777,https://emailkoti777.freshteam.com/jobs
rollscooters,rollscooters,https://rollscooters.freshteam.com/jobs
caddi,caddi,https://caddi.freshteam.com/jobs
flightcontrol,flightcontrol,https://flightcontrol.freshteam.com/jobs
tazapay,tazapay,https://tazapay.freshteam.com/jobs
whirrcrew,whirrcrew,https://whirrcrew.freshteam.com/jobs
edrs,edrs,https://edrs.freshteam.com/jobs
rheenergise,rheenergise,https://rheenergise.freshteam.com/jobs
sciera,sciera,https://sciera.freshteam.com/jobs
th3ia,th3ia,https://th3ia.freshteam.com/jobs
augustodigital,augustodigital,https://augustodigital.freshteam.com/jobs
focusglobal,focusglobal,https://focusglobal.freshteam.com/jobs
nortrez,nortrez,https://nortrez.freshteam.com/jobs
vivarailings,vivarailings,https://vivarailings.freshteam.com/jobs
cmentor,cmentor,https://cmentor.freshteam.com/jobs
socialtribe,socialtribe,https://socialtribe.freshteam.com/jobs
standamedia-talent,standamedia-talent,https://standamedia-talent.freshteam.com/jobs
build3,build3,https://build3.freshteam.com/jobs
goldrecruitingpartners,goldrecruitingpartners,https://goldrecruitingpartners.freshteam.com/jobs
sctr,sctr,https://sctr.freshteam.com/jobs
grintern-talent,grintern-talent,https://grintern-talent.freshteam.com/jobs
myrufarm,myrufarm,https://myrufarm.freshteam.com/jobs
astrekinnovations,astrekinnovations,https://astrekinnovations.freshteam.com/jobs
datagrate-talent,datagrate-talent,https://datagrate-talent.freshteam.com/jobs
treehouse,treehouse,https://treehouse.freshteam.com/jobs
trendspider,trendspider,https://trendspider.freshteam.com/jobs
zetpy,zetpy,https://zetpy.freshteam.com/jobs
dhan,dhan,https://dhan.freshteam.com/jobs
apexocc,apexocc,https://apexocc.freshteam.com/jobs
noku,noku,https://noku.freshteam.com/jobs
doublecoconut,doublecoconut,https://doublecoconut.freshteam.com/jobs
emergencyresponseafrica,emergencyresponseafrica,https://emergencyresponseafrica.freshteam.com/jobs
tripfez,tripfez,https://tripfez.freshteam.com/jobs
truelancer,truelancer,https://truelancer.freshteam.com/jobs
molg,molg,https://molg.freshteam.com/jobs
wolfiekgroup,wolfiekgroup,https://wolfiekgroup.freshteam.com/jobs
magik,magik,https://magik.freshteam.com/jobs
ringring-1643884163478,ringring-1643884163478,https://ringring-1643884163478.freshteam.com/jobs
bunch,bunch,https://bunch.freshteam.com/jobs
cryptosat,cryptosat,https://cryptosat.freshteam.com/jobs
tanvas,tanvas,https://tanvas.freshteam.com/jobs
customerlabs,customerlabs,https://customerlabs.freshteam.com/jobs
tafaseel,tafaseel,https://tafaseel.freshteam.com/jobs
elliotsystems,elliotsystems,https://elliotsystems.freshteam.com/jobs
thenabogroup,thenabogroup,https://thenabogroup.freshteam.com/jobs
desty,desty,https://desty.freshteam.com/jobs
zenatix,zenatix,https://zenatix.freshteam.com/jobs
littlelives-talent,littlelives-talent,https://littlelives-talent.freshteam.com/jobs
tradestaff,tradestaff,https://tradestaff.freshteam.com/jobs
zenklub,zenklub,https://zenklub.freshteam.com/jobs
duckietown,duckietown,https://duckietown.freshteam.com/jobs
dlclink,dlclink,https://dlclink.freshteam.com/jobs
hacktiv8,hacktiv8,https://hacktiv8.freshteam.com/jobs
advian,advian,https://advian.freshteam.com/jobs
edagree,edagree,https://edagree.freshteam.com/jobs
humaneph,humaneph,https://humaneph.freshteam.com/jobs
mouthwatch,mouthwatch,https://mouthwatch.freshteam.com/jobs
ultrahuman-talent,ultrahuman-talent,https://ultrahuman-talent.freshteam.com/jobs
cocaptain,cocaptain,https://cocaptain.freshteam.com/jobs
metamindz,metamindz,https://metamindz.freshteam.com/jobs
checkfirstapp-1643202886498,checkfirstapp-1643202886498,https://checkfirstapp-1643202886498.freshteam.com/jobs
redbaton,redbaton,https://redbaton.freshteam.com/jobs
serysabersas,serysabersas,https://serysabersas.freshteam.com/jobs
reeeliance,reeeliance,https://reeeliance.freshteam.com/jobs
jrhodd1-talent,jrhodd1-talent,https://jrhodd1-talent.freshteam.com/jobs
senestia-talent,senestia-talent,https://senestia-talent.freshteam.com/jobs
youbehero,youbehero,https://youbehero.freshteam.com/jobs
dymockseducation,dymockseducation,https://dymockseducation.freshteam.com/jobs
corestack,corestack,https://corestack.freshteam.com/jobs
mavenswood,mavenswood,https://mavenswood.freshteam.com/jobs
monolithome,monolithome,https://monolithome.freshteam.com/jobs
ordr,ordr,https://ordr.freshteam.com/jobs
bcw,bcw,https://bcw.freshteam.com/jobs
clearfeed,clearfeed,https://clearfeed.freshteam.com/jobs
srm,srm,https://srm.freshteam.com/jobs
xtendify,xtendify,https://xtendify.freshteam.com/jobs
vmedulife,vmedulife,https://vmedulife.freshteam.com/jobs
spotless,spotless,https://spotless.freshteam.com/jobs
yellowclass,yellowclass,https://yellowclass.freshteam.com/jobs
elumin,elumin,https://elumin.freshteam.com/jobs
proweb,proweb,https://proweb.freshteam.com/jobs
hope,hope,https://hope.freshteam.com/jobs
nextaction,nextaction,https://nextaction.freshteam.com/jobs
pandora-people,pandora-people,https://pandora-people.freshteam.com/jobs
sybrin,sybrin,https://sybrin.freshteam.com/jobs
devfinders,devfinders,https://devfinders.freshteam.com/jobs
mutuus,mutuus,https://mutuus.freshteam.com/jobs
stellium,stellium,https://stellium.freshteam.com/jobs
teamfeepay,teamfeepay,https://teamfeepay.freshteam.com/jobs
tradingcentral-talent,tradingcentral-talent,https://tradingcentral-talent.freshteam.com/jobs
bespinglobal,bespinglobal,https://bespinglobal.freshteam.com/jobs
extendapps-talent,extendapps-talent,https://extendapps-talent.freshteam.com/jobs
gjirafa,gjirafa,https://gjirafa.freshteam.com/jobs
darumatic,darumatic,https://darumatic.freshteam.com/jobs
teetra,teetra,https://teetra.freshteam.com/jobs
letsgoody-talent,letsgoody-talent,https://letsgoody-talent.freshteam.com/jobs
codingal,codingal,https://codingal.freshteam.com/jobs
e360m,e360m,https://e360m.freshteam.com/jobs
thementor,thementor,https://thementor.freshteam.com/jobs
integrity,integrity,https://integrity.freshteam.com/jobs
a5labs-talent,a5labs-talent,https://a5labs-talent.freshteam.com/jobs
freemancapital-talent,freemancapital-talent,https://freemancapital-talent.freshteam.com/jobs
kitchendev,kitchendev,https://kitchendev.freshteam.com/jobs
superlayer-1634135852323,superlayer-1634135852323,https://superlayer-1634135852323.freshteam.com/jobs
favacmanager,favacmanager,https://favacmanager.freshteam.com/jobs
distland,distland,https://distland.freshteam.com/jobs
kmutt-ets,kmutt-ets,https://kmutt-ets.freshteam.com/jobs
sysintegra,sysintegra,https://sysintegra.freshteam.com/jobs
employamerica,employamerica,https://employamerica.freshteam.com/jobs
aptumvirtualsolutions,aptumvirtualsolutions,https://aptumvirtualsolutions.freshteam.com/jobs
innoventestech,innoventestech,https://innoventestech.freshteam.com/jobs
saipos,saipos,https://saipos.freshteam.com/jobs
blendily,blendily,https://blendily.freshteam.com/jobs
mydatasinc-talent,mydatasinc-talent,https://mydatasinc-talent.freshteam.com/jobs
activstarsathletics,activstarsathletics,https://activstarsathletics.freshteam.com/jobs
languagebear,languagebear,https://languagebear.freshteam.com/jobs
prospectpath,prospectpath,https://prospectpath.freshteam.com/jobs
ipfusion,ipfusion,https://ipfusion.freshteam.com/jobs
seenapay,seenapay,https://seenapay.freshteam.com/jobs
coffeetobusiness,coffeetobusiness,https://coffeetobusiness.freshteam.com/jobs
velocity,velocity,https://velocity.freshteam.com/jobs
getstimulus-talent,getstimulus-talent,https://getstimulus-talent.freshteam.com/jobs
scienft,scienft,https://scienft.freshteam.com/jobs
thndr-talent,thndr-talent,https://thndr-talent.freshteam.com/jobs
payatu,payatu,https://payatu.freshteam.com/jobs
restaurantclub,restaurantclub,https://restaurantclub.freshteam.com/jobs
konfhub,konfhub,https://konfhub.freshteam.com/jobs
aliaddo,aliaddo,https://aliaddo.freshteam.com/jobs
definer,definer,https://definer.freshteam.com/jobs
airchathams,airchathams,https://airchathams.freshteam.com/jobs
jugiterindia,jugiterindia,https://jugiterindia.freshteam.com/jobs
miso,miso,https://miso.freshteam.com/jobs
acresoftware-1629290987543,acresoftware-1629290987543,https://acresoftware-1629290987543.freshteam.com/jobs
encoreschoolofmusic,encoreschoolofmusic,https://encoreschoolofmusic.freshteam.com/jobs
psgsonscharities,psgsonscharities,https://psgsonscharities.freshteam.com/jobs
qallann,qallann,https://qallann.freshteam.com/jobs
roq-1640775121222,roq-1640775121222,https://roq-1640775121222.freshteam.com/jobs
vintepila,vintepila,https://vintepila.freshteam.com/jobs
usiglobal,usiglobal,https://usiglobal.freshteam.com/jobs
prayersconnect,prayersconnect,https://prayersconnect.freshteam.com/jobs
sera,sera,https://sera.freshteam.com/jobs
daato,daato,https://daato.freshteam.com/jobs
cteleport-team,cteleport-team,https://cteleport-team.freshteam.com/jobs
propine,propine,https://propine.freshteam.com/jobs
nextciso,nextciso,https://nextciso.freshteam.com/jobs
udrive,udrive,https://udrive.freshteam.com/jobs
clare,clare,https://clare.freshteam.com/jobs
interinnovacion-talent,interinnovacion-talent,https://interinnovacion-talent.freshteam.com/jobs
rethinkpriorities,rethinkpriorities,https://rethinkpriorities.freshteam.com/jobs
qmkconsulting,qmkconsulting,https://qmkconsulting.freshteam.com/jobs
hideouts,hideouts,https://hideouts.freshteam.com/jobs
linways,linways,https://linways.freshteam.com/jobs
dineline,dineline,https://dineline.freshteam.com/jobs
shxwowhamel,shxwowhamel,https://shxwowhamel.freshteam.com/jobs
energybot,energybot,https://energybot.freshteam.com/jobs
qbs,qbs,https://qbs.freshteam.com/jobs
saudidiesel,saudidiesel,https://saudidiesel.freshteam.com/jobs
verloop-team,verloop-team,https://verloop-team.freshteam.com/jobs
tegro,tegro,https://tegro.freshteam.com/jobs
itcom-1639482176268,itcom-1639482176268,https://itcom-1639482176268.freshteam.com/jobs
focusacademy,focusacademy,https://focusacademy.freshteam.com/jobs
manufat,manufat,https://manufat.freshteam.com/jobs
yakkasavvy,yakkasavvy,https://yakkasavvy.freshteam.com/jobs
zaengle,zaengle,https://zaengle.freshteam.com/jobs
shipper,shipper,https://shipper.freshteam.com/jobs
appsecco,appsecco,https://appsecco.freshteam.com/jobs
sidelines,sidelines,https://sidelines.freshteam.com/jobs
tdbgov,tdbgov,https://tdbgov.freshteam.com/jobs
ukirama,ukirama,https://ukirama.freshteam.com/jobs
verde,verde,https://verde.freshteam.com/jobs
clarkinc,clarkinc,https://clarkinc.freshteam.com/jobs
crispyapps,crispyapps,https://crispyapps.freshteam.com/jobs
xlevel,xlevel,https://xlevel.freshteam.com/jobs
esport-1640640896072,esport-1640640896072,https://esport-1640640896072.freshteam.com/jobs
meptalent,meptalent,https://meptalent.freshteam.com/jobs
mindfi,mindfi,https://mindfi.freshteam.com/jobs
proticom-talent,proticom-talent,https://proticom-talent.freshteam.com/jobs
abwaab,abwaab,https://abwaab.freshteam.com/jobs
efrontier,efrontier,https://efrontier.freshteam.com/jobs
trustpartners,trustpartners,https://trustpartners.freshteam.com/jobs
exeltel,exeltel,https://exeltel.freshteam.com/jobs
werplay-talent,werplay-talent,https://werplay-talent.freshteam.com/jobs
wisetrust,wisetrust,https://wisetrust.freshteam.com/jobs
candorhealth,candorhealth,https://candorhealth.freshteam.com/jobs
creativex,creativex,https://creativex.freshteam.com/jobs
drivetrain,drivetrain,https://drivetrain.freshteam.com/jobs
optimumedicine,optimumedicine,https://optimumedicine.freshteam.com/jobs
todayspower,todayspower,https://todayspower.freshteam.com/jobs
valleymed,valleymed,https://valleymed.freshteam.com/jobs
inc42,inc42,https://inc42.freshteam.com/jobs
travclan,travclan,https://travclan.freshteam.com/jobs
rhactitud,rhactitud,https://rhactitud.freshteam.com/jobs
shevalues,shevalues,https://shevalues.freshteam.com/jobs
poppyhealth,poppyhealth,https://poppyhealth.freshteam.com/jobs
pyypl,pyypl,https://pyypl.freshteam.com/jobs
meetgbs,meetgbs,https://meetgbs.freshteam.com/jobs
touchinspiration,touchinspiration,https://touchinspiration.freshteam.com/jobs
echofin,echofin,https://echofin.freshteam.com/jobs
omstars,omstars,https://omstars.freshteam.com/jobs
arrise,arrise,https://arrise.freshteam.com/jobs
sarisuki,sarisuki,https://sarisuki.freshteam.com/jobs
spearmintenergy,spearmintenergy,https://spearmintenergy.freshteam.com/jobs
c1exchange,c1exchange,https://c1exchange.freshteam.com/jobs
holini,holini,https://holini.freshteam.com/jobs
stllr,stllr,https://stllr.freshteam.com/jobs
getvetted,getvetted,https://getvetted.freshteam.com/jobs
kwtsteel,kwtsteel,https://kwtsteel.freshteam.com/jobs
quantifisolutions,quantifisolutions,https://quantifisolutions.freshteam.com/jobs
foodinthebox,foodinthebox,https://foodinthebox.freshteam.com/jobs
exly,exly,https://exly.freshteam.com/jobs
profitbooks,profitbooks,https://profitbooks.freshteam.com/jobs
azdan,azdan,https://azdan.freshteam.com/jobs
protridentechnologies,protridentechnologies,https://protridentechnologies.freshteam.com/jobs
kagugroup,kagugroup,https://kagugroup.freshteam.com/jobs
allocate,allocate,https://allocate.freshteam.com/jobs
crofarm-talent,crofarm-talent,https://crofarm-talent.freshteam.com/jobs
meanpug,meanpug,https://meanpug.freshteam.com/jobs
goldjoy,goldjoy,https://goldjoy.freshteam.com/jobs
lemonrecruiting,lemonrecruiting,https://lemonrecruiting.freshteam.com/jobs
vsmstudio,vsmstudio,https://vsmstudio.freshteam.com/jobs
thundersoft,thundersoft,https://thundersoft.freshteam.com/jobs
marginedge,marginedge,https://marginedge.freshteam.com/jobs
contactpigeon,contactpigeon,https://contactpigeon.freshteam.com/jobs
liftoffllc,liftoffllc,https://liftoffllc.freshteam.com/jobs
apeironlabs,apeironlabs,https://apeironlabs.freshteam.com/jobs
roanuz,roanuz,https://roanuz.freshteam.com/jobs
ebctechnologies,ebctechnologies,https://ebctechnologies.freshteam.com/jobs
invisiblehand,invisiblehand,https://invisiblehand.freshteam.com/jobs
accelerationrobotics,accelerationrobotics,https://accelerationrobotics.freshteam.com/jobs
ailogic,ailogic,https://ailogic.freshteam.com/jobs
alicebiometrics,alicebiometrics,https://alicebiometrics.freshteam.com/jobs
altivate,altivate,https://altivate.freshteam.com/jobs
altumware,altumware,https://altumware.freshteam.com/jobs
amches,amches,https://amches.freshteam.com/jobs
amphora,amphora,https://amphora.freshteam.com/jobs
betterlives,betterlives,https://betterlives.freshteam.com/jobs
breezelearn,breezelearn,https://breezelearn.freshteam.com/jobs
carimus,carimus,https://carimus.freshteam.com/jobs
ccare,ccare,https://ccare.freshteam.com/jobs
codeforcroatia,codeforcroatia,https://codeforcroatia.freshteam.com/jobs
cognition,cognition,https://cognition.freshteam.com/jobs
courts-people,courts-people,https://courts-people.freshteam.com/jobs
egannelson,egannelson,https://egannelson.freshteam.com/jobs
emorphis,emorphis,https://emorphis.freshteam.com/jobs
eupnea,eupnea,https://eupnea.freshteam.com/jobs
eurotube-1626173398625,eurotube-1626173398625,https://eurotube-1626173398625.freshteam.com/jobs
exmyb,exmyb,https://exmyb.freshteam.com/jobs
finsignments-talent,finsignments-talent,https://finsignments-talent.freshteam.com/jobs
framemediaexcel,framemediaexcel,https://framemediaexcel.freshteam.com/jobs
fuchsiahomecare-1646206431419,fuchsiahomecare-1646206431419,https://fuchsiahomecare-1646206431419.freshteam.com/jobs
funcaptains,funcaptains,https://funcaptains.freshteam.com/jobs
getalakazam,getalakazam,https://getalakazam.freshteam.com/jobs
globalintelli,globalintelli,https://globalintelli.freshteam.com/jobs
gloroots,gloroots,https://gloroots.freshteam.com/jobs
hanhaa,hanhaa,https://hanhaa.freshteam.com/jobs
hashnode,hashnode,https://hashnode.freshteam.com/jobs
hazercloud,hazercloud,https://hazercloud.freshteam.com/jobs
hermessi,hermessi,https://hermessi.freshteam.com/jobs
hirefly,hirefly,https://hirefly.freshteam.com/jobs
hitwicket-talent,hitwicket-talent,https://hitwicket-talent.freshteam.com/jobs
iaimfit,iaimfit,https://iaimfit.freshteam.com/jobs
ikigai,ikigai,https://ikigai.freshteam.com/jobs
impledge,impledge,https://impledge.freshteam.com/jobs
jiva,jiva,https://jiva.freshteam.com/jobs
kindalab,kindalab,https://kindalab.freshteam.com/jobs
kinleyames,kinleyames,https://kinleyames.freshteam.com/jobs
kyvorgenomics,kyvorgenomics,https://kyvorgenomics.freshteam.com/jobs
landterrabpo,landterrabpo,https://landterrabpo.freshteam.com/jobs
ldipl,ldipl,https://ldipl.freshteam.com/jobs
leadgenius,leadgenius,https://leadgenius.freshteam.com/jobs
lebara,lebara,https://lebara.freshteam.com/jobs
locus,locus,https://locus.freshteam.com/jobs
lowpixelstudios,lowpixelstudios,https://lowpixelstudios.freshteam.com/jobs
mackabenhospitality,mackabenhospitality,https://mackabenhospitality.freshteam.com/jobs
mase,mase,https://mase.freshteam.com/jobs
mathaqat,mathaqat,https://mathaqat.freshteam.com/jobs
mobiosolutions,mobiosolutions,https://mobiosolutions.freshteam.com/jobs
notarycam,notarycam,https://notarycam.freshteam.com/jobs
onescmedia-1629845233267,onescmedia-1629845233267,https://onescmedia-1629845233267.freshteam.com/jobs
oneshield,oneshield,https://oneshield.freshteam.com/jobs
outbox,outbox,https://outbox.freshteam.com/jobs
partnerz,partnerz,https://partnerz.freshteam.com/jobs
philosophy,philosophy,https://philosophy.freshteam.com/jobs
polymercapital,polymercapital,https://polymercapital.freshteam.com/jobs
probeseven,probeseven,https://probeseven.freshteam.com/jobs
purplerain,purplerain,https://purplerain.freshteam.com/jobs
recro-team,recro-team,https://recro-team.freshteam.com/jobs
repurpose,repurpose,https://repurpose.freshteam.com/jobs
resurgencehall,resurgencehall,https://resurgencehall.freshteam.com/jobs
ricochet360,ricochet360,https://ricochet360.freshteam.com/jobs
sarcoline,sarcoline,https://sarcoline.freshteam.com/jobs
sattva-talent,sattva-talent,https://sattva-talent.freshteam.com/jobs
shavent,shavent,https://shavent.freshteam.com/jobs
shipthis,shipthis,https://shipthis.freshteam.com/jobs
sicar,sicar,https://sicar.freshteam.com/jobs
simformsolutions,simformsolutions,https://simformsolutions.freshteam.com/jobs
southeastforestproducts,southeastforestproducts,https://southeastforestproducts.freshteam.com/jobs
space5,space5,https://space5.freshteam.com/jobs
stacktics,stacktics,https://stacktics.freshteam.com/jobs
staffberry,staffberry,https://staffberry.freshteam.com/jobs
staunch,staunch,https://staunch.freshteam.com/jobs
steamforvietnam-talent,steamforvietnam-talent,https://steamforvietnam-talent.freshteam.com/jobs
sunergi,sunergi,https://sunergi.freshteam.com/jobs
synergo,synergo,https://synergo.freshteam.com/jobs
talentedcube,talentedcube,https://talentedcube.freshteam.com/jobs
tandccouriers,tandccouriers,https://tandccouriers.freshteam.com/jobs
techlabs,techlabs,https://techlabs.freshteam.com/jobs
techmojo,techmojo,https://techmojo.freshteam.com/jobs
thecompanygroup,thecompanygroup,https://thecompanygroup.freshteam.com/jobs
thesparkery,thesparkery,https://thesparkery.freshteam.com/jobs
thethrivesquad,thethrivesquad,https://thethrivesquad.freshteam.com/jobs
thinkdigitally-1643968243844,thinkdigitally-1643968243844,https://thinkdigitally-1643968243844.freshteam.com/jobs
univers,univers,https://univers.freshteam.com/jobs
vappar,vappar,https://vappar.freshteam.com/jobs
vasl-talent,vasl-talent,https://vasl-talent.freshteam.com/jobs
vectrusomdac,vectrusomdac,https://vectrusomdac.freshteam.com/jobs
vesatogo,vesatogo,https://vesatogo.freshteam.com/jobs
voiceiq,voiceiq,https://voiceiq.freshteam.com/jobs
webservicesdesk,webservicesdesk,https://webservicesdesk.freshteam.com/jobs
westernwholesale,westernwholesale,https://westernwholesale.freshteam.com/jobs
zetwerk,zetwerk,https://zetwerk.freshteam.com/jobs
zipstack,zipstack,https://zipstack.freshteam.com/jobs
