slug,api_count,sitemap_count,board_page_status,company_name,in_sitemap,in_wayback,internal_rows,remote_rows,hybrid_rows
1-percent-group,4,3,200,1 Percent Group,1,0,0,4,0
1-point-system-llc,3,3,200,1 point System LLC,1,0,0,0,0
4point-2-technologies,3,1,200,4Point 2 Technologies,1,0,0,0,0
7th-sky-technologies-llc,25,25,200,7Th Sky technologies llc,1,0,0,0,22
8bitai,1,1,200,8bit.ai,1,0,0,0,0
8byte,7,6,200,Octa Byte AI Pvt Ltd,1,0,0,0,0
a2z-jobs-consultancy,0,0,200,A2Z Jobs Consultancy,0,1,0,0,0
aainacareerscom,5,5,200,aainacareers.com,1,0,0,3,1
aarush-kitchens,1,1,200,Aarush Kitchens,1,0,0,0,0
aarushi-infotech,28,28,200,Aarushi Infotech,1,0,0,2,22
ace-talent-recruitment,26,26,200,Ace Talent Recruitment,1,1,0,0,0
acts-group-pf-institutions,1,1,200,ACTS Academy of Higher Education,1,0,0,0,0
adcanopus-digital-media-pvt-ltd,4,4,200,ADCanopus Digital Media Pvt. Ltd.,1,0,0,0,0
agape-business-solutions-llc,4,4,200,Agape Business Solutions LLC,1,0,0,0,0
agraga,4,4,200,Agraga,1,0,0,0,0
agramhr,3,3,200,AgramHR,1,0,0,0,2
agrizy,10,7,200,Agrizy,1,0,0,3,0
ahad-global,78,77,200,Ahad Global,1,0,0,0,0
airevo-labs,3,3,200,AIREVO LABS,1,0,0,0,2
airlink-communication-limited,1,1,200,Airlink Communication Limited,1,0,0,0,0
airmaniax-india-pvt-ltd,8,8,200,Airmaniax India Pvt Ltd,1,0,0,0,0
aisol-it,9,9,200,AiSol IT,1,0,0,9,0
aj-classic-traders-pvt-ltd,3,3,200,Aj classic Traders PVt Ltd,1,0,0,0,0
al-munsif-international,4,4,200,Al Munsif International,1,0,0,0,0
albatronix-consulting,0,6,200,Albatronix Consulting,1,0,0,0,0
alight-consultants-private-limited,1,1,200,Alight Consultants Private Limited,1,0,0,0,0
aliste-technologies,8,7,200,Aliste Technologies,1,0,0,0,1
alnatum-private-limited,1,1,200,Alnatum Private Limited,1,0,0,0,0
alpauls,20,20,200,Alpauls,1,0,0,0,0
altraize,30,29,200,ALTRAIZE,1,0,0,5,0
alvoral-private-limited,7,7,200,Alvoral Private Limited,1,0,0,0,0
ammo,4,4,200,Ammo,1,1,0,4,0
amnic,2,1,200,Amnic Technologies Private Limited,1,0,0,0,0
ana-reis-headhunter,1,1,200,Ana Reis - Headhunter,1,0,0,0,1
anddonehair,9,9,200,&Done,1,0,0,0,0
anglara-digital-solutions,0,0,200,Anglara Digital Solutions,0,1,0,0,0
anitz-hr-services,6,5,200,Alphaspec Consulting LLP,1,0,0,0,0
antinorm,1,1,200,Antinorm,1,0,0,0,0
apex-one,7,3,200,Apex One,1,0,0,1,2
applocum-international,1,1,200,ADDVantage Digital Solutions,1,0,0,0,0
apsona-technologies-india-pvt-ltd,2,2,200,Apsona Technologies India Pvt Ltd,1,0,0,1,1
arab-solutions,15,15,200,Arab Solutions,1,0,0,6,0
arch-staffing-solution,0,0,200,Arch Staffing Solution,0,1,0,0,0
arcohes,4,4,200,Arcohes,1,0,0,0,0
ariqt-international,10,10,200,Ariqt International,1,1,0,0,0
aristok-technologies,14,12,200,Aristok Technologies,1,0,0,0,0
arohana-tech-solutions-private-limited,39,38,200,Arohana Tech Solutions Private Limited,1,0,0,2,12
art-technology-and-software-india-pvt-ltd,24,18,200,Art Technology and Software India Pvt Ltd,1,0,5,8,1
artha-energy-resoures,15,15,200,Artha Energy Resoures,1,1,0,2,2
artha-nexgen,1,1,200,Artha Nexgen,1,0,0,0,0
asia-plastics,3,3,200,Asia plastics,1,0,0,0,0
aspiradiagnostics,5,5,200,Aspira Pathlab &amp; Diagnostics Ltd,1,0,0,0,0
at-dawn-technologies,11,10,200,At Dawn Technologies,1,0,0,0,4
atharv-consultings,4,4,200,Atharv Consultings,1,0,0,1,0
atlantico-services,7,7,200,Atlantico Services,1,0,0,1,0
atms-co-llp,10,10,200,ATMS & CO LLP,1,0,0,0,0
atoz-virtual,5,4,200,atoz virtual,1,0,0,0,0
aurassure-private-limited,10,10,200,Aurassure Private Limited,1,0,0,0,1
aurona,1,1,200,Aurona,1,0,0,1,0
auslink,3,3,200,Auslink,1,0,0,0,0
avalon-event-fabrics,2,2,200,Avalon event Fabrics,1,0,0,0,0
avia-technologies,9,9,200,Avia Technologies,1,0,0,0,0
avp-vigilant-technology-pvt-ltd,10,10,200,AVP Vigilant Technology Pvt Ltd,1,0,0,0,0
award-global,16,15,200,Award Global,1,0,0,1,1
ayfiz-absolutes,9,9,200,Ayfiz Absolutes,1,0,0,0,0
bayfield-food-ingredients,1,1,200,Bayfield Food Ingredients,1,1,0,0,0
bc-web-wise-pvt-ltd,9,8,200,BC Web Wise Pvt Ltd,1,0,0,0,0
beet,1,1,200,Beet.Health,1,0,0,1,0
belen-network,6,6,200,BELEN Network,1,0,0,2,0
beyond-border-consultants,10,10,200,Beyond Border Consultants,1,0,0,2,0
bhanzu,10,8,200,Bhanzu,1,0,2,1,0
bharat-growth-agency,6,6,200,Bharat Growth Agency,1,0,0,0,0
bigleap,1,1,200,Big Leap Digital Services Pvt. Ltd.,1,0,0,0,0
bigmint-technologies-private-limited,19,19,200,BigMint Technologies Private Limited,1,0,0,0,0
bilow-recruituing-agency,1,1,200,Bilow recruiting agency,1,0,0,0,0
biogentek,2,2,200,Biogentek,1,0,0,0,2
bitcoin-devs-company,0,0,200,Bitcoin Devs Company,0,1,0,0,0
bitech-middle-east-on-demand-bitech-international,1,1,200,Bitech Middle East On Demand (Bitech International),1,0,0,0,0
bitespeed,21,21,200,BiteSpeed,1,0,0,0,0
bitsbody,2,2,200,BitsBody,1,1,0,0,2
blinkdigital,2,2,200,blinkdigital,1,0,0,0,1
blockly-technologies-pvt-ltd,3,3,200,Blockly Technologies Pvt Ltd,1,0,0,3,0
bloomfieldx-data-analytics-pvt-ltd,2,2,200,Bloomfieldx Analytics Private Limited,1,0,0,1,0
bluelupin-technologies-private-limited,0,0,200,Bluelupin Technologies Private Limited,0,1,0,0,0
blueprint-solutions,7,4,200,Blueprint Solutions,1,0,3,7,0
blumetra,3,2,200,Blumetra,1,1,0,0,3
born-west-private-limited,2,2,200,Born West Private Limited,1,0,0,2,0
botup-technologies-pvt-ltd,7,7,200,Botup Technologies Pvt ltd,1,0,0,1,6
brainybuzz-solution-pvt-ltd,6,5,200,BrainyBuzz Digital,1,0,0,2,1
brandmovers-india,8,8,200,Brandmovers India,1,0,0,0,0
brelex-media,2,2,200,Brelex Media,1,0,0,2,0
bright-tier-solutions,22,22,200,Bright Tier Solutions,1,0,0,21,1
bro-reclutamiento-humano,6,6,200,Bro— Reclutamiento Humano,1,0,0,0,0
brothers-pictures,1,1,200,Brothers Pictures,1,1,0,0,0
buconsultants,35,35,200,BU Consultants,1,0,0,13,0
buildsuite,0,0,200,Buildsuite,0,1,0,0,0
byg-ventures-llp,5,5,200,Byg Ventures LLP,1,0,0,0,0
bynry,5,5,200,Bynry,1,0,0,1,4
c-net-infotech-pvt-ltd,0,0,200,C-Net Infotech Pvt Ltd,0,1,0,0,0
capawoke,1,1,200,Capawoke,1,0,0,0,0
capital-brix-1,3,3,200,capital brix,1,0,0,0,0
capitalvia,12,10,200,BellCurve,1,0,0,0,0
career-elevators,8,8,200,Career Elevators,1,0,0,4,1
career-one-stop,51,51,200,Career One Stop,1,0,0,35,2
career-portal,15,15,200,Career Portal,1,0,0,14,0
careerbloc,10,10,200,Careerbloc,1,0,0,2,0
careerconnects,23,23,200,Careerconnects,1,0,0,0,2
careernet-technologies-pvt-ltd,0,0,200,Careernet Technologies Pvt Ltd,0,1,0,0,0
careers-at-aifa-labs,9,9,200,Careers at AiFA Labs,1,0,0,2,3
careers-panorama-personnel-consultant-pvt-ltd,1,1,200,Careers Panorama Personnel Consultant Pvt Ltd,1,0,0,1,0
careersecure-eduversity,3,3,200,CareerSecure Private Limited,1,0,0,0,0
cargofl,4,3,200,CargoFL,1,0,0,0,2
carinfo,7,5,200,CarInfo,1,0,0,0,0
caring-hands-staffing,7,6,200,Caring Hands Staffing,1,0,0,0,1
causematch,0,0,200,CauseMatch,0,1,0,0,0
cayley,1,1,200,Cayley,1,0,0,0,0
certree,1,1,200,Certree,1,0,0,1,0
cgvak-software-and-exports-limited,1,1,200,CGvak Software Exports,1,0,0,0,0
chavda-infra-limited,3,1,200,Chavda Infra Limited,1,0,1,0,0
chimplab-advertising-inc,3,3,200,Chimplab Advertising Inc,1,0,0,0,0
claroda,6,5,200,Claroda,1,0,0,6,0
cloudheight-solutions,9,9,200,Cloudheight Solutions,1,0,0,1,3
codemon,13,13,200,CODEMONK,1,0,0,0,0
coders-brain-technology-pvt-ltd,0,0,200,Coders Brain Technology Pvt. Ltd.,0,1,0,0,0
codewy,0,0,200,Codewy,0,1,0,0,0
cognisol,9,9,200,Cognisol,1,0,0,0,0
commergence,58,15,200,Commergence,1,0,13,29,16
conntog,2,2,200,Conntog,1,0,0,0,0
conntogdemo2,2,2,200,Conntog Inc,1,0,0,0,0
consultbae-india-private-limited,146,126,200,ConsultBae India Private limited,1,0,0,43,12
contify,1,1,200,Contify,1,0,0,0,0
coolbootsmedia,2,1,200,coolbootsmedia,1,0,0,0,0
copods,6,6,200,Copods,1,0,0,0,1
coreconnectteam,1,1,200,Core Connect,1,0,0,0,0
coreflex-solutions-pvt-ltd,4,4,200,CoreFlex Solutions Pvt Ltd,1,0,0,0,1
coreinsightsai,2,2,200,Coreinsightsai,1,0,0,2,0
cosmic-uplift,4,4,200,Cosmic Uplift,1,0,0,1,0
crabs-associates,0,0,200,Crabs Associates,0,1,0,0,0
creatis,0,0,200,Creatis,0,1,0,0,0
creditas-solutions-pvt-ltd,4,4,200,Creditas Solutions Pvt Ltd,1,0,0,0,0
crescare-solutions,3,3,200,Crescare Solutions,1,0,0,1,0
crest-ventures-ltd,8,8,200,Crest Ventures Ltd,1,0,0,0,1
crylac-dynamic,0,0,200,Crylac dynamic,0,1,0,0,0
cv-ninja,9,9,200,CV Ninja,1,0,0,0,0
cyboard-school,8,6,200,Cyboard School,1,0,1,2,0
d-recruitment-company,0,0,200,D Recruitment Company,0,1,0,0,0
datoms,5,5,200,DATOMS,1,0,0,0,0
deepcorexlabs,4,4,200,DeepCoreX,1,0,0,2,2
deepmatrix-private-limited,0,0,200,DEEPMATRIX PRIVATE LIMITED,0,1,0,0,0
delaplex,25,19,200,Delaplex,1,0,0,9,10
delta4-infotech-pvt-ltd,53,5,200,Delta4 Infotech Pvt Ltd,1,0,0,2,0
deltaclass-technology-solutions-pvt-ltd,60,60,200,deltaclass technology solutions pvt. ltd,1,0,0,5,25
dentele-group,4,4,200,The Dentele Group,1,0,0,0,0
deservely-technologies-pvt-ltd,18,17,200,Deservely Technologies Pvt Ltd,1,0,0,1,3
dev-technosys-pvt-ltd,3,2,200,Dev Technosys Pvt. Ltd.,1,0,0,0,0
devastram,10,10,200,Devastram,1,0,0,0,0
devdort,43,43,200,Devdort,1,0,0,3,2
dgsgroup,10,10,200,DGS GROUP,1,0,0,0,0
dhiya-couture-pvt-ltd,8,8,200,Dhiya Couture Pvt Ltd,1,0,0,0,0
digidelsolutions,1,1,200,Digidel Solutions,1,0,0,0,0
diginnovators,4,2,200,Diginnovators,1,1,0,1,0
digital-hive,1,1,200,Digital Hive,1,0,0,0,0
digital-hub-india-pvt-ltd,1,1,200,Digital Hub India Pvt Ltd,1,0,0,0,0
digital-placement,0,0,200,Digital Placement,0,1,0,0,0
digitex-technologies,10,10,200,Digitex Technologies,1,0,0,1,0
digivyer-inc,7,7,200,Digivyer Inc,1,0,0,0,0
diving-swan,5,4,200,Diving Swan,1,0,0,0,0
dodo-payments,6,6,200,Dodo Payments,1,1,0,0,0
doodl-space,4,4,200,Doodl Space,1,0,0,4,0
dreamcast,19,19,200,Dreamcast,1,0,0,0,0
drop-zero-digital,1,1,200,Drop Zero Digital,1,0,0,1,0
dry-utility-experts,2,2,200,DRY UTILITY EXPERTS,1,0,0,0,2
duobridge-talent-solution,4,4,200,Duobridge Talent Solution,1,0,0,0,0
duranta-infotech-company,17,17,200,Duranta Infotech Pvt Ltd,1,0,0,0,0
durapid-technologies-pvt-ltd,21,20,200,Durapid Technologies Pvt Ltd,1,0,0,8,1
dwell,1,1,200,DwellFi,1,1,0,1,0
dynamic-edge-staffing-llc,1,1,200,DYNAMIC EDGE STAFFING LLC,1,0,0,0,1
e4-associates,29,29,200,E4 HR Associates,1,0,0,16,0
easy-recruitz,88,66,200,Easy Recruitz,1,0,0,2,2
eazy-erp-technologies-pvt-ltd,21,14,200,Eazy,1,1,1,0,1
eazygrad,8,4,200,eazygrad,1,0,4,0,0
eclatian-technologies-pvt-ltd,0,0,200,Eclatian Technologies Pvt. Ltd.,0,1,0,0,0
ecomx,2,2,200,EcomX,1,0,0,2,0
ecs-consulting,16,16,200,eCS Consulting,1,0,0,0,1
edatabae,39,38,200,eDataBae,1,0,0,34,0
edflixtm,1,1,200,EDFLIX™,1,0,0,0,0
edspiredtech,5,5,200,Edspired.Tech,1,0,0,0,0
edterra,6,6,200,EdTerra Edventures Pvt Ltd,1,0,0,0,2
edubot-technologies,1,1,200,Edubot Technologies,1,0,0,0,1
edufund,10,9,200,edufund,1,1,0,0,0
eevolvexformer-evolveminds,10,6,200,EevolveX,1,0,0,0,0
eldergo-senior-tours-private-limited,4,4,200,ElderGo Senior Tours Private Limited,1,0,0,0,0
electroneek,10,10,200,ElectroNeek,1,0,0,10,0
elite-path-solutions-llc,54,54,200,ELITE PATH SOLUTIONS LLC,1,0,0,2,13
elitegen-enterprise-llc,1,1,200,EliteGen Enterprise LLC,1,0,0,1,0
embakire,4,4,200,Embakire,1,0,0,1,2
ementor-enterprises-private-limited,29,29,200,EMentor Enterprises Private Limited,1,0,0,2,2
emoenergy,5,5,200,EMO.energy,1,0,0,0,0
empower-hr-solutions,1,1,200,Empower HR Solutions,1,0,0,1,0
encompass,10,10,200,Encompass,1,0,0,0,0
enduring-solutions,8,8,200,Enduring Solutions,1,0,0,0,0
engage-experts-international,9,9,200,Engage Experts International,1,0,0,0,0
enginecy,2,1,200,Enginecy,1,0,0,2,0
englishbhashi,10,10,200,EnglishBhashi,1,0,0,6,2
enlighten-schola,10,10,200,Enlighten Schola,1,0,0,0,0
enobizsolution,0,0,200,Enobizsolution,0,1,0,0,0
envi-corrugators,1,1,200,Envi Corrugators,1,0,0,0,0
envision-software-engineering-pvt-ltdcore-force-india,10,8,200,Envision Software Engineering PVT LTD(Core Force India),1,0,0,0,0
essential-healthcare-staffing-solutions,6,6,200,Essential Healthcare Staffing Solutions,1,0,0,0,0
etek-it-services-inc,0,0,200,"eTek IT Services, Inc.",0,1,0,0,0
ethinos-digital-marketing-private-limited,10,10,200,Ethinos Digital Marketing Private Limited,1,0,0,0,0
ethiojobs,5,1,200,Ethiojobs,1,0,0,5,0
etienne-llc,7,7,200,"Etienne, LLC",1,0,0,0,3
evarastaffing,10,10,200,Evarastaffing,1,0,0,1,0
even-healthcare,44,21,200,Even Healthcare,1,0,10,0,1
ezcareersai,2,1,200,ezcareers.ai,1,0,0,0,0
ezspace,8,8,200,Ezspace,1,0,0,0,0
fancall-private-limited,4,4,200,Fancall Private Limited,1,0,0,0,0
fashion-tv-india,20,19,200,F Jobs by Fashion TV India,1,1,0,0,0
feufo-inc,69,69,200,Feufo Inc,1,0,0,11,6
ff-inc,73,73,200,FF Inc,1,0,0,0,0
fiat-india,2,2,200,FIAT INDIA,1,0,0,0,0
finance-with-sharan,6,6,200,Finance with Sharan,1,0,0,0,1
find-my-hostel,7,7,200,Find My Hostel,1,0,0,0,0
findernest,3,3,200,FindErnest,1,1,0,0,0
first-club,13,13,200,First Club,1,0,0,0,0
fitup-rh,4,2,200,Fitup RH,1,0,0,0,3
fiveelevenemerald,3,2,200,Five Eleven Emerald Consulting,1,0,0,0,0
fiveforce-techno-solutions,4,4,200,Fiveforce Techno Solutions,1,0,0,0,0
flavaroma-flavours-and-fragrances-pvt-ltd,6,6,200,Flavaroma Flavours and Fragrances Pvt Ltd,1,0,0,1,0
flexis,4,4,200,Flexis,1,0,0,0,0
florida-south-nurse-registry,1,1,200,Florida South Nurse Registry,1,0,0,0,0
focus-consultingin,21,12,200,Focus Consulting.in,1,0,4,0,0
formics,3,3,200,Formics,1,0,0,0,0
freshtalent,3,3,200,FreshTalent - Part of Recruitment Room,1,1,0,0,1
frodoh,4,4,200,Frodoh Business Solution Pvt. Ltd.,1,0,0,0,0
frontrol,0,0,200,Frontrol,0,1,0,0,0
frugal,2,1,200,Frugal,1,1,0,1,1
fruitbowl-digital,7,7,200,Fruitbowl Digital,1,0,0,0,0
funatpuno,0,0,200,funatpuno,0,1,0,0,0
fusionfly,7,7,200,FusionFly,1,0,0,0,0
future-forge-talent,1,1,200,Future Forge Talent,1,0,0,0,0
fuzixel-technologies,10,10,200,Fuzixel Technologies,1,0,0,3,0
gainserv-infotech-pvt-ltd,1,1,200,Gainserv Infotech Pvt Ltd,1,0,0,0,0
garaz,11,11,200,Mr Garaz Technologies Private Limited,1,0,0,0,0
gaze-it-solutions-private-limited,0,0,200,Gaze IT Solutions Private Limited,0,1,0,0,0
geauxconnectsolutions,5,5,200,Geaux Connect Solutions,1,0,0,1,2
genese-solution,7,7,200,Genese Solution,1,0,0,0,1
genesis-aspire-partners,38,38,200,Genesis Aspire Partners,1,0,0,3,2
genrobotic-innovations-private-limited,48,46,200,Genrobotic Innovations Private Limited,1,0,0,0,1
giga-ops-global-solutions,10,10,200,GiGa-Ops Global Solutions,1,0,0,4,0
gigatech-global-services-pvt-ltd,1,1,200,Gigatech Global Services Pvt Ltd,1,0,0,1,0
global-calcium-pvt-ltd,27,25,200,Global Calcium Pvt Ltd,1,0,2,0,0
global-genie,5,5,200,Global Genie,1,0,0,0,0
globelance,8,8,200,Globelance,1,0,0,1,0
glowing-bud-pvt-ltd,17,15,200,TELNA,1,0,0,5,10
goalstox-technology-private-limited,0,0,200,Goalstox Technology Private Limited,0,1,0,0,0
golden-globe-hotels-pvt-ltd,21,15,200,Golden Globe Hotels Pvt. Ltd.,1,0,1,0,0
gorisco,3,3,200,Gorisco,1,0,0,0,0
grabitts-softech-services-pvtltd,1,1,200,Grabitts Softech Services Pvt.Ltd.,1,0,0,0,0
grand-continent-hotels,7,6,200,Grand Continent Hotels,1,0,0,0,0
gravity-engineering-services,7,7,200,Gravity engineering services,1,0,0,5,0
greedygame,11,11,200,GreedyGame,1,1,0,3,7
green-clover,0,0,200,Green clover,0,1,0,0,0
griffinmark-robotics,3,3,200,Griffinmark Robotics,1,0,0,0,0
growloc-private-limited,10,10,200,Growloc Private Limited,1,0,0,1,0
growqai,28,27,200,Growqai,1,0,0,1,0
growthally,10,10,200,growthally,1,0,0,0,1
growthmonk,1,1,200,growthmonk,1,0,0,0,1
growwstacks-automation-solutions-pvt-ltd,1,1,200,Growwstacks Automation Solutions Pvt Ltd,1,0,0,0,0
growx-tech-it-llc,2,2,200,Growx Tech IT LLC,1,0,0,0,0
gtftechnologies,3,3,200,GTF Technologies,1,0,0,0,0
gyandhan,5,5,200,Gyandhan,1,0,0,0,0
hancod-digital,4,3,200,Hancod Digital,1,0,0,0,0
hari-hara-it-technologies,3,3,200,Hari Hara IT Technologies,1,0,0,3,0
harveedesigns,5,5,200,harveedesigns,1,0,0,3,0
haystackanalytics-pvt-ltd,12,12,200,HaystackAnalytics Pvt Ltd,1,0,0,0,0
head-hunter-ag,5,5,200,Head Hunter Agri Skills,1,0,0,0,1
headsup-corporation,117,111,200,Headsup Corporation,1,1,0,2,2
headsupb2b,10,10,200,HeadsupB2B,1,1,0,1,1
headsupfortails,41,40,200,Heads Up For Tails,1,0,0,0,0
hexa-solutions,0,0,200,Hexa Solutions,0,1,0,0,0
hexaconcepts-india-pvt-ltd,6,4,200,Hexaconcepts (India) Pvt. Ltd.,1,0,0,0,1
hire,1,1,200,hire,1,0,0,0,0
hire-on-contract,22,22,200,Hire On Contract,1,0,0,0,4
hireon,13,13,200,HireOn,1,0,0,3,2
hireready-partners,59,59,200,HireReady Partners,1,0,0,1,3
hirex,6,6,200,HireX,1,0,0,6,0
hiringlabs-business-solutions,10,10,200,InfoWryt Solutions LLP,1,1,0,0,0
hirinity,1,1,200,Hirinity,1,0,0,0,0
hlthera,6,6,200,Hlthera,1,0,0,6,0
howl-digital,6,6,200,HOWL Digital,1,0,0,0,0
hrbaires,4,1,200,HRBaires,1,1,0,2,2
hrvisory,26,23,200,HRvisory,1,0,0,3,0
hunarstreet-technologies,643,448,200,Hunarstreet Technologies,1,0,8,25,6
hustlr-academiq360,6,6,200,Teacher Jobs by Academiq360,1,0,0,0,0
hyrdamed,70,0,200,HyrdaMed,0,1,0,9,61
hyrezy-talent-solutions,10,10,200,HyrEzy Talent Solutions,1,0,0,9,0
i-des-inc,1,1,200,I DES Inc,1,0,0,1,0
iamneoai,9,2,200,Iamneo Edutech Private Limited,1,1,7,0,3
iamops-india-pvt-ltd,7,6,200,IAMOPS India Pvt Ltd,1,0,1,0,1
iamservices247,18,18,200,I AM PULSE 247,1,0,0,1,0
iassess-consultants,9,9,200,Iassess Consultants,1,0,0,0,1
idea-elan,5,4,200,Idea Elan,1,0,0,4,0
iii-studio,5,3,200,III Studio,1,0,1,0,0
imhr-academy,8,8,200,IMHR ACADEMY,1,1,0,0,2
impact-hr-services-pvt-ltd,10,10,200,Impact HR Services Pvt Ltd,1,0,0,0,0
impact-staffing-and-consulting,4,4,200,Impact Staffing and Consulting,1,0,0,0,3
importrust,9,8,200,Importrust,1,0,0,1,6
improzo-solutions-pvt-ltd,8,7,200,Improzo,1,1,0,2,0
indian-green-steel,1,1,200,indian green steel,1,0,0,0,1
indigo-group,7,7,200,Indigo Group,1,0,0,0,0
indisquad,31,27,200,IndiSquad,1,0,0,26,2
inficore-soft,1,1,200,Inficore Soft,1,0,0,1,0
initium-solutions,0,0,200,Initium Solutions,0,1,0,0,0
innoventrics,1,1,200,Innoventrics,1,0,0,1,0
innovkaro-solutions-llp,8,8,200,Innovkaro Solutions LLP,1,0,0,0,0
instaweb-labs-private-limited,9,9,200,Websites.co.in,1,0,0,1,0
integrity-alliance-solutions,8,8,200,Integrity Alliance Solutions,1,0,0,0,0
intellivon,5,5,200,Intellivon,1,0,0,5,0
invarya,4,4,200,INVARYA,1,0,0,1,3
iota-diagnostic-pvt-ltd,2,2,200,IOTA Diagnostic Pvt. Ltd.,1,0,0,0,1
ipaydna,1,1,200,Conso4S,1,0,0,0,0
iqa,2,2,200,IQA,1,0,0,0,0
irecord-infotech-solutions-pvt-ltd,3,3,200,iRecord Software,1,0,0,0,0
jajabor-brand-consultancy,5,5,200,Jajabor Brand Consultancy,1,0,0,0,0
jak-staffing-solutions,1,1,200,JAK Staffing Solutions,1,0,0,0,0
jar,0,0,200,Jar,0,1,0,0,0
jaspreet,1,1,200,jaspreet,1,0,0,0,0
jb-group,20,20,200,JB Group,1,0,0,1,5
jiji-ghana,2,2,200,Jiji Ghana,1,0,0,0,1
job-resource-point,1,1,200,Job Resource Point,1,0,0,0,0
jobscai,1,1,200,jobscai,1,0,0,0,0
jobscubicle,0,0,200,Jobscubicle,0,1,0,0,0
jubilant-food-works,3,3,200,Jubilant Food works,1,0,0,0,0
k-damani-hospitality-pvt-limited,11,11,200,K DAMANI HOSPITALITY PVT LIMITED,1,0,0,0,0
k20s-information-technology-est,27,26,200,K20S Information Technology LLC,1,0,0,1,1
kalash-services,10,10,200,Kalash Services,1,0,0,0,0
kalvium,1,1,200,Kalvium,1,1,0,0,0
kandurisoftech,3,3,200,kandurisoftech,1,0,0,1,2
karbon-business,1,0,200,Karbon Business,0,1,0,0,0
kasplo-internet-pvt-ltd,5,5,200,KASPLO INTERNET PVT LTD,1,1,0,0,0
katapult-hr,31,30,200,Katapult,1,0,0,0,0
keeboo-staffing,9,9,200,Keeboo Staffing,1,0,0,0,8
kefilo,6,6,200,Kefilo,1,0,0,6,0
kens-world2door-cargo-llc,1,1,200,Kens World2Door Cargo LLC,1,0,0,1,0
kereses-consulting-india-private-ltd,4,4,200,Kereses Consulting India Private Ltd,1,0,0,0,0
keturah-konstellations,9,9,200,Keturah Konstellations,1,0,0,1,3
kezan-consulting,0,0,200,Kezan consulting,0,1,0,0,0
kish-hospitality-consultant,39,39,200,Kish Hospitality Consultant,1,0,0,0,1
klub,0,0,200,Klub,0,1,0,0,0
knowfinity-academy-llp,9,9,200,Knowfinity Academy LLP,1,0,0,2,0
knowvation-learnings,1,1,200,Knowvation Learnings,1,0,0,0,0
kodo,16,6,200,Kodo,1,1,1,0,0
kooe-private-limited,6,6,200,Kooe Private Limited,1,0,0,5,1
kor-unlimited,4,4,200,KOR UNLIMITED,1,0,0,4,0
krwizard,9,9,200,Krwizard,1,0,0,2,0
ksa-inc,2,2,200,KSA INC.,1,1,0,0,0
kuberbox,0,0,200,KuberBox,0,1,0,0,0
kuche7,29,28,200,Kuche7,1,0,0,0,0
kuku-fm,57,54,200,Kuku FM,1,0,0,11,2
kumarijob,32,32,200,First Job,1,0,0,0,0
kvat-co,9,9,200,KVAT & Co,1,0,0,0,0
landseek,2,2,200,Landseek AI,1,0,0,0,0
lead-aura,1,1,200,Lead Aura,1,0,0,0,0
leadias-private-limited,11,9,200,LeadIAS Private Limited,1,0,1,3,5
leadrat,4,3,200,Leadrat,1,0,0,0,0
learning-consultant,4,4,200,Learning Consultant,1,0,0,0,1
leena-ai,18,17,200,Leena Ai,1,1,0,3,2
lh2-holdings,2,1,200,LH2 Holdings,1,0,0,1,0
lifebox-technologies-private-ltd-flashaid,0,0,200,Lifebox Technologies Private Ltd (Flashaid),0,1,0,0,0
lilit-simonyan-consulting,9,9,200,Simonyan Consulting,1,0,0,7,0
live-your-best-life,8,7,200,Live Your Best Life,1,0,0,4,3
localbusiness-marketing,3,3,200,Local business Marketing,1,0,0,3,0
logic-software-solutions,7,7,200,Logic Software Solutions,1,0,0,6,1
lotus-web-solutions,0,0,200,Lotus Web Solutions,0,1,0,0,0
lovefreedom-solution,5,5,200,Lovefreedom Solution,1,0,0,0,2
lumenci,18,12,200,Lumenci,1,0,0,3,13
luxorlink-staffing,0,0,200,LuxorLink Staffing,0,1,0,0,0
lya-collective,2,2,200,LYA Collective,1,0,0,0,0
lyfe,8,8,200,LYFE,1,0,0,8,0
madhouse-mafia,6,6,200,Madhouse Mafia,1,0,0,0,0
maditxsolutions,1,1,200,Maditx Solutions,1,0,0,0,0
magnet-hr,10,10,200,Magnet HR Tech Digital,1,0,0,0,0
maid-4-you-consulting,10,10,200,Maid 4 You Consulting,1,0,0,1,0
majestic-basmati-rice-pvtltd,3,3,200,Majestic Basmati Rice Pvt.Ltd,1,0,0,0,0
manektech,6,6,200,Manektech,1,0,0,0,0
manfront-staffing-services-private-limited,62,62,200,Manfront Staffing Services Private Limited,1,1,0,2,3
mapmycrop,9,9,200,Map My Crop,1,0,0,0,0
marianaai,1,1,200,MarianaAI,1,0,0,0,0
masai,28,26,200,Masai,1,1,0,13,0
masflair,9,9,200,Masflair,1,0,0,1,0
maynor-consulting,10,10,200,Maynor Consulting,1,0,0,2,0
mayur-mehta-design,4,4,200,MAYUR MEHTA • Design,1,0,0,0,1
medico-hub-connect,158,158,200,Medico Hub,1,0,0,1,2
medico-workforce,20,20,200,Medico Workforce,1,0,0,8,0
medoralink,10,10,200,Medoralink,1,0,0,0,0
mega-cloud-lab,20,20,200,Mega Cloud Lab,1,0,0,8,6
mekyek,0,0,200,Mekyek,0,1,0,0,0
mentorsity,0,0,200,Mentorsity,0,1,0,0,0
merakie-experiential-solutions,1,1,200,Merakie Experiential Solutions,1,0,0,0,1
meras-plugins-private-limited,7,7,200,MERAS Plugins Private Limited,1,0,0,0,0
merito-1,19,16,200,merito,1,0,0,1,0
mindtel,5,5,200,Mindtel,1,0,0,2,0
misogiai,1,1,200,Misogi AI,1,0,0,1,0
mitr-hr-private-limited,84,63,200,Mitr HR Private Limited,1,0,0,1,0
mol-nippon-india-ship-management-pvt-ltd,1,1,200,MOL( India)  Pvt. Ltd.,1,0,0,0,0
monk-media,1,1,200,Monk Media,1,0,0,1,0
mortgage-brokers,1,1,200,Mortgage Brokers,1,0,0,0,1
ms-group,0,0,200,MS Group,0,1,0,0,0
mts-moose-tech-solutions-llc,0,0,200,MTS Moose Tech Solutions L.L.C.,0,1,0,0,0
multrix,5,4,200,Multrix,1,0,0,0,0
my-recruit,4,3,200,My Recruit,1,0,0,3,1
mycaptain,7,6,200,MyCaptain by Imarticus Learning,1,0,1,0,0
mymedica,0,0,200,MyMedica.id,0,1,0,0,0
naftech,2,1,200,NAFTech,1,0,0,0,0
nava,30,29,200,Nava,1,0,0,0,0
ndh-care-solution,3,3,200,NDH Care Solution,1,0,0,0,0
neelam-aqua-speciality-chems,1,1,200,Neelam Aqua & Speciality Chems,1,0,0,0,0
neetdeep-group,10,8,200,NeetDeep Group,1,0,0,1,0
neev-pvt-ltd,28,27,200,Neev Pvt Ltd,1,0,0,2,4
nergy-india-pvt-ltd,0,0,200,Nergy India Pvt Ltd,0,1,0,0,0
new-horizons-child-development-centre,8,7,200,New Horizons Child Development Centre,1,0,0,0,0
nexstem,8,8,200,Anthriq,1,1,0,0,0
nextgen-digital-solutions,10,10,200,Nextgen Digital Solutions,1,0,0,0,0
nextgen-techhub,1,1,200,nextGen techHUb,1,0,0,0,0
nextnation,12,12,200,NextNation,1,0,0,0,0
nextup-connections-llc,10,10,200,NextUp Connections LLC,1,0,0,2,0
nexus-talent-placement,3,3,200,Nexus Talent Placement,1,0,0,2,0
niharikatourstravels,1,1,200,Niharika Holidays,1,0,0,1,0
nine-hertz-india-pvt-ltd,18,18,200,Nine Hertz India Pvt Ltd,1,0,0,2,2
northstarquant,5,5,200,Northstar Quant,1,0,0,0,4
novo-emprego,11,11,200,NexyaHR,1,0,0,1,1
npec,10,10,200,NPEC,1,0,0,0,0
nsqtech-private-limited,10,10,200,NSQTech Private Limited,1,0,0,0,0
nurtur,8,4,200,Nurtur,1,0,4,0,0
nuwara-technology-pvt-ltd,1,1,200,Nuwara Technology Pvt Ltd,1,0,0,0,0
nvs-travel-solutions-pvt-ltd,13,11,200,Nvs Travel Solutions Pvt ltd,1,0,0,0,0
nxtsft-realtytech-innovations,3,3,200,Nxtsft Realtytech Innovations pvt ltd,1,0,0,2,1
occupation-elevation,4,2,200,Occupation Elevation,1,0,0,1,1
octorudra-hr-llp,10,10,200,OctoRudra HR LLP,1,0,0,1,1
odigma,8,8,200,ODigMa,1,0,0,0,0
office-performance,154,154,200,Platinum Coastal Group Inc,1,0,0,0,0
oikotechno,7,7,200,Oikotechno,1,0,0,0,0
olm-business-solutions,37,36,200,OLM Business Solutions,1,0,0,2,9
one-story,39,39,200,SyncUp,1,0,0,0,0
opkey,20,20,200,Opkey,1,1,0,0,0
optimum-data-analytics,5,5,200,Optimum Data Analytics,1,0,0,1,3
orange-health,18,15,200,Orange Health,1,1,0,1,1
orbion-infotech,5,5,200,Orbion Infotech,1,0,0,5,0
ownux-infosec-pvt-ltd,0,0,200,Ownux Infosec Pvt. Ltd.,0,1,0,0,0
oyelabs,3,3,200,oyelabs,1,0,0,3,0
pad-integrated-marketing-and-communications,6,6,200,PAD Integrated Marketing and Communications,1,0,0,0,0
padhai-help-pvt-ltd,0,0,200,Padhai Help Pvt Ltd.,0,1,0,0,0
panasa-technology,3,3,200,Panasa Technology,1,0,0,3,0
papertrue,4,3,200,PaperTrue,1,0,0,0,4
papigen,31,31,200,Papigen,1,0,0,24,6
parinaam-foundation,7,7,200,Parinaam Foundation,1,0,0,0,0
passdn-technologies-pvt-ltd,2,2,200,Passdn Technologies Pvt Ltd,1,0,0,0,0
passionmojo-pvt-ltd,57,0,200,PASSIONMOJO PVT LTD,0,1,0,8,1
pd-consulting,5,5,200,PD Consulting,1,0,0,5,0
peppermint-robotics,6,6,200,Peppermint Robotics,1,0,0,0,0
perfectly-hired-solutions-llc,7,7,200,Perfectly Hired Solutions LLC,1,0,0,0,1
phailaav,10,10,200,Phailaav,1,0,0,0,5
pharmizza-technology,5,5,200,Pharmizza Technology,1,0,0,0,0
philter-hr-solution,5,5,200,PHILTER HR SOLUTION,1,0,0,3,0
photonx-technologies-pvt-ltd,13,11,200,Photonx technologies pvt ltd,1,1,1,0,0
pibythree,3,3,200,Pibythree,1,0,0,0,0
pieces-of-hr,2,1,200,Pieces of HR,1,0,0,1,0
pitangent-analytics-amp-software,6,6,200,Pitangent Analytics &amp; Software,1,0,0,0,0
plabs-ventures-pvt-ltd,11,11,200,PLabs Ventures Pvt Ltd,1,0,0,0,0
placed,5,5,200,Placed,1,0,0,5,0
placementship,1,1,200,Placementship,1,0,0,0,0
planify-capital,10,10,200,planify capital,1,0,0,0,0
platinum-jimz,3,3,200,Platinum J.I.M.Z.,1,0,0,3,0
plural-hire,11,11,200,Plural Hire,1,0,0,0,0
pmweb,2,2,200,Pmweb,1,0,0,2,0
prasuma,5,5,200,Prasuma,1,0,0,0,0
presage-insights,4,4,200,Presage Insights,1,0,0,2,0
prestige-career-solutions,5,5,200,Prestige Career Solutions,1,0,0,0,2
primeline-solutions-llc,30,30,200,Primeline Solutions LLC,1,0,0,0,30
printo-document-services-pvt-ltd,9,9,200,Printo Document Services Pvt Ltd,1,0,0,0,0
printsmith,2,2,200,printsmith,1,0,0,0,0
printstop,8,8,200,PrintStop India Pvt Ltd,1,0,0,0,0
procdna-analytics-pvt-ltd,39,36,200,ProcDNA Analytics Pvt Ltd,1,0,1,0,21
procuzy,0,0,200,Procuzy,0,1,0,0,0
proiu-technologies,19,19,200,PROIU Technologies,1,0,0,18,1
propkarmaa,17,17,200,propkarmaa,1,0,0,0,0
psychsearch-professionals,9,9,200,PsychSearch Professionals,1,0,0,3,1
punch,0,0,200,Punch,0,1,0,0,0
pyjamahr,2,1,200,PyjamaHR,1,1,0,0,0
pyxidia-techlab-llp,24,19,200,Pyxidia Techlab LLP,1,0,1,1,1
q2q,7,4,200,Q2Q,1,0,3,0,0
qht-clinic,32,29,200,QHT Clinic,1,0,0,4,0
quantra-technology-solutions,0,0,200,Quantra Technology Solutions,0,1,0,0,0
quantum-project-infra-pvt-ltd,10,10,200,Green Cascades Pvt Ltd,1,0,0,0,3
quantumitinnovation,10,10,200,Quantum IT Innovation,1,0,0,10,0
quesrow-research-and-consulting-pvt-ltd,8,8,200,Quesrow Research and Consulting Pvt. Ltd,1,0,0,1,0
quickdrycleaning,3,3,200,DC Web Services,1,0,0,2,1
r-r-groups,7,7,200,R R Groups,1,0,0,7,0
rampwin-technologies-pvt-ltd,3,3,200,Rampwin Technologies Pvt. Ltd.,1,0,0,0,0
rarr-technologies,0,0,200,RARR Technologies,0,1,0,0,0
ras-beauty-private-limited,10,10,200,RAS BEAUTY PRIVATE LIMITED,1,0,0,0,0
ratti-brands-pvt-ltd,6,6,200,Ratti Brands Pvt Ltd,1,0,0,0,0
raveone-consultants,25,22,200,Raveone Consultants,1,0,0,1,0
rbk-educational-institutions,20,20,200,RBK Educational Institutions,1,0,0,0,0
rec-mrc,9,9,200,Rec MRC,1,0,0,2,0
recruire,0,0,200,Recruire,0,1,0,0,0
recruitlink,89,89,200,Recruitlink,1,0,0,10,14
recruitment-room,0,0,200,Recruitment Room,0,1,0,0,0
recruitzz,1,1,200,Recruitzz,1,0,0,1,0
recruzant-hr-solutions-llp,0,0,200,Recruzant HR Solutions LLP,0,1,0,0,0
redient-security,1,1,200,Redient Security,1,0,0,0,0
refyne,14,12,200,Refyne,1,0,0,0,0
regul-solutions,20,20,200,Regul Solutions,1,0,0,1,2
rejuvent-greentech,8,8,200,Rejuvent Greentech,1,0,0,0,0
rekruton-technologies,7,7,200,Rekruton Technologies,1,1,0,3,0
relic-consultancy-services,9,9,200,Relic Consultancy Services,1,0,0,1,1
remotown,4,3,200,Remotown,1,0,0,3,0
rentomojo,65,65,200,Rentomojo,1,0,0,1,2
renvoi,0,0,200,Renvoi,0,1,0,0,0
represent-media,3,3,200,Represent Media,1,0,0,0,0
retail-jeweller-india,8,8,200,Retail Jeweller India,1,1,0,0,0
rexera,3,3,200,RealPage | Rexera,1,0,0,0,0
rian,3,3,200,Rian,1,0,0,0,1
right-brainz-media-solution,9,9,200,Right Brainz Media Solution,1,0,0,0,0
rigved-infotech,3,2,200,Rigved Infotech,1,0,0,0,1
rikin-consultancy-services,3,3,200,Rikin Consultancy Services,1,0,0,0,0
risk-resources-llp,8,8,200,Risk Resources LLP,1,0,0,0,0
robokalam,9,8,200,Robokalam,1,0,0,1,1
rocket-learning,0,0,200,Rocket Learning,0,1,0,0,0
royal-infraconstru-ltd,7,7,200,Royal Infraconstru Ltd,1,0,0,0,0
s-and-j-group,1,1,200,S and J Group,1,0,0,0,0
s2v-automation-pvt-ltd,14,4,200,S2V Automation Pvt Ltd,1,0,8,0,0
safety-circle,0,0,200,Safety Circle,0,1,0,0,0
safety-projects-pvt-ltd,5,5,200,Safety Projects Pvt Ltd,1,0,0,0,0
sagon-technologies-private-limited,10,10,200,SAGON TECHNOLOGIES PRIVATE LIMITED,1,0,0,10,0
saher-management-consultancies,3,3,200,saher management consultancies,1,0,0,0,0
sales-profit,0,0,200,Sales & Profit,0,1,0,0,0
sam-manpower-and-career-services-llp,10,10,200,SAM Manpower and Career Services LLP,1,0,0,0,3
sanoha-global-private-limited,7,6,200,Sanoha Global Private Limited,1,0,0,1,2
santa-browser,7,7,200,Santa Browser,1,0,0,1,0
santoselect,6,6,200,SantoSelect,1,0,0,0,0
sanvi-business-solutions,40,40,200,Sanvi Business Solutions,1,0,0,0,0
saroe-inc,4,4,200,"Saroe, Inc.",1,0,0,2,2
sayaji-realty,19,16,200,Sayaji Realty,1,0,0,0,0
sbs-global,37,25,200,SBS Global,1,0,4,1,18
scalex,17,17,200,ScaleX Media Pvt Ltd,1,0,0,16,1
sciometrix,11,11,200,SCIOMETRIX,1,1,0,0,5
scouto,32,19,200,Scouto,1,0,0,0,1
seattle-new-media,9,9,200,Seattle New Media,1,0,0,7,2
segwise,0,0,200,Segwise,0,1,0,0,0
sensegrass,0,0,200,Sensegrass,0,1,0,0,0
sepiolite-technology,1,1,200,Sepiolite Technology,1,0,0,0,0
setoo,8,8,200,Setoo Solution Pvt Ltd,1,0,0,0,0
setoo-solutions-private-limited,5,5,200,Setoo Solutions Private Limited,1,0,0,0,0
shahnait-llp,2,2,200,ShahnaIT LLP,1,0,0,1,1
sharpassets,4,4,200,SharpAssets,1,0,0,0,0
shellkode,6,6,200,ShellKode,1,0,0,0,1
shodh-advantech,0,0,200,SHODH Advantech,0,1,0,0,0
shopdeck,10,7,200,Shopdeck,1,1,1,0,0
signature-medical-staffing,4,4,200,Signature Medical Staffing,1,0,0,0,0
simforge,2,2,200,SimForge,1,0,0,0,0
simple-energy-private-limited,10,9,200,Simple Energy Private Limited,1,0,0,0,0
simplismart,4,3,200,Simplismart,1,1,0,0,4
skadoosh-media,11,11,200,Skadoosh,1,0,0,0,0
skillyt,8,8,200,Skillyt,1,0,0,0,0
skillzenloop,1,1,200,Skillzenloop,1,0,0,1,0
slam-entertainment,1,1,200,Slam Entertainment,1,0,0,1,0
smallcase,14,6,200,smallcase,1,1,8,2,11
smarted-1,0,0,200,SmartED,0,1,0,0,0
smyrasolutions,1,1,200,Smyra Software Solutions Pvt Ltd,1,0,0,1,0
smytten,15,13,200,Smytten,1,0,0,0,0
softview-infotech,4,4,200,Softview Infotech,1,0,0,0,0
sofueled,1,1,200,Sofueled,1,0,0,1,0
solariumenergy,4,4,200,Solarium Green Energy Limited,1,0,0,0,0
solguruz-llp,4,4,200,SolGuruz Private Limited,1,1,0,0,0
solvecube,0,0,200,Solvecube,0,1,0,0,0
sourcedear,2,2,200,sourcedear,1,0,0,0,0
sourceitt,2,1,200,SourceIT,1,0,0,0,0
southdesk,4,2,200,SouthDesk,1,0,0,4,0
sova-health,16,13,200,Sova Health,1,1,0,3,0
speakez-virtual-solutions-llc,16,16,200,SpeakEZ Virtual Solutions LLC,1,0,0,2,2
spektra-company,6,6,200,Spektra Company,1,1,0,0,3
spg-consulting-1,8,8,200,SPG Consulting,1,0,0,0,0
spjimr,1,1,200,spjimr,1,0,0,1,0
splash-business-intelligence,9,9,200,Splash Business Intelligence,1,0,0,0,7
sprdh-solutions-pvt-ltd,2,1,200,SPRDH Solutions Pvt. Ltd,1,0,1,0,0
springreen,5,5,200,Springreen,1,0,0,0,0
sprintlyworks,9,3,200,SprintlyWorks,1,1,0,6,2
square-one,4,4,200,Square One,1,0,0,0,2
srim-works,44,42,200,SRIM WORKS,1,0,0,43,0
srv-it-hub-private-limited,6,4,200,SRV InfoTech,1,0,1,0,0
stackfusion-private-limited,3,3,200,Stackfusion Private Limited,1,0,0,0,0
staffing-agency-recruitment,9,9,200,Staffing Agency Recruitment,1,0,0,2,0
staffing-spot-inc,12,12,200,"Staffing Spot, Inc.",1,0,0,1,10
staford-schools,3,3,200,Staford,1,0,0,0,0
starcom-consulting-limited,3,3,200,Starcom consulting limited,1,1,0,1,0
steigen-elevators,1,1,200,Steigen Elevators,1,0,0,0,0
stelda-healthcare,4,4,200,Stelda Healthcare,1,0,0,0,0
straightup,26,26,200,STRAIGHT UP,1,0,0,26,0
strongyes,8,8,200,StrongYes,1,0,0,8,0
stylz,6,6,200,Stylz,1,0,0,0,0
sucseed-indovation-ventures,11,11,200,SucSEED Indovation Ventures LLP,1,0,0,0,1
super-engitech-pvt-ltd,3,3,200,SUPER ENGITECH PVT LTD,1,0,0,0,0
super-scholar,56,56,200,Neuraleap Technologies Group,1,0,0,0,0
supra-its,10,10,200,Supra ITS,1,0,0,3,2
surreal,2,2,200,Surreal,1,0,0,0,0
suvarna-and-associates,0,0,200,Suvarna and Associates,0,1,0,0,0
suvidha-sewa-pvt-ltd,65,65,200,Suvidha Sewa Pvt. Ltd.,1,0,0,0,0
swiss-beauty-cosmetics-private-limited,18,17,200,Swiss Beauty Cosmetics Private Limited,1,0,0,0,0
synergy-landscape-group,1,1,200,Synergy Landscape Group,1,0,0,0,0
talent-arabia,70,70,200,Talent Arabia,1,0,0,3,1
talent-avenue-staffing-llc,23,23,200,Talent Avenue Staffing LLC,1,0,0,5,4
talent-outsourcing-channel-solutions,11,11,200,Talent Outsourcing Channel Solutions,1,0,0,0,0
talent-quest-solution,2,2,200,Talent Quest Solution,1,0,0,0,0
talent-searchers,3,3,200,Talent Searchers,1,0,0,0,0
talent-steer-partners,12,4,200,Talent Steer Partners Pvt Ltd,1,1,1,1,2
talentesia,1,1,200,Talentesia,1,0,0,0,0
talentien-global-solutions,5,5,200,Talentien Global Solutions,1,0,0,0,3
talentknit,1,1,200,TalentKnit,1,0,0,0,0
talentovate,1,1,200,Talentovate,1,0,0,1,0
talentpulse-consultant,0,0,200,TalentPulse Consultant,0,1,0,0,0
talentsmart,18,18,200,Talentsmart,1,0,0,1,12
talpro-india-private-limited,6,4,200,CVPRO - Powered By TALPRO,1,0,0,3,3
taqwa-jewellers-llp,1,1,200,Taqwa Jewellers LLP,1,0,0,0,0
tcp-corps,313,296,200,TCP Corps,1,0,0,17,33
teacher-pool,31,31,200,Teacher Pool,1,0,0,0,0
team-geek-solutions,19,19,200,Team Geek Solutions,1,0,0,5,5
techd-cybersecuri-limited,2,2,200,TechD Cybersecuri Limited,1,0,0,0,0
techglora,2,2,200,Techglora Integrated IT services,1,0,0,0,0
techhost-services,218,139,200,Tuitions Tree,1,1,0,40,21
techkareer,4,4,200,TheJobsMap,1,0,0,2,0
techleads-it,1,1,200,Techleads IT Solutions Pvt. Ltd.,1,0,0,0,1
technique-control-facility-management-pvt-ltd,19,19,200,Technique Control Facility Management Pvt Ltd,1,0,0,0,0
techrefic-technologies-private-limited,0,0,200,Techrefic Technologies Private Limited,0,1,0,0,0
techwise-digital,10,10,200,Techwise Digital,1,0,0,3,0
tek-placements,2,1,200,Canus Resources,1,0,0,0,0
tenthmountainrecruiting,6,6,200,TENTH MOUNTAIN,1,1,0,2,1
terratern,12,12,200,TerraTern Pvt Ltd,1,0,0,1,0
test-unity,10,10,200,Test Unity,1,0,0,2,6
testvox,7,6,200,Testvox,1,1,0,5,0
tetrahed-inc,8,7,200,Tetrahed INC,1,0,0,0,0
the-1-club,13,12,200,1% Club,1,0,0,1,0
the-amazon-guru,5,5,200,Genera Online Pvt Ltd,1,0,0,0,0
the-artarium-llp,60,57,200,The Artarium LLP,1,0,2,0,0
the-big-advantage,20,20,200,The BIG Advantage,1,0,0,0,2
the-corporate,32,31,200,TheCorporate LLC,1,0,0,5,13
the-future-university,18,18,200,The Future University,1,0,0,0,0
the-india-fitness-connect-private-limited,37,36,200,The India Fitness Connect Private Limited,1,0,0,0,2
the-pixelart-company-inc,3,3,200,The PixelArt Company Inc,1,0,0,0,0
the-ready2help,3,2,200,The Ready2Help,1,0,1,0,0
the-seksaria-group,1,1,200,The Seksaria Group,1,0,0,0,0
theaims,9,9,200,theaims,1,0,0,0,0
theitoons,0,0,200,TheIToons,0,1,0,0,0
thetotaloffice,8,8,200,The Total Office,1,0,0,0,0
thimblerr,4,4,200,thimblerr,1,1,0,0,0
thinkmetal,3,3,200,ThinkMetal,1,0,0,0,0
thomas-talent-network,10,10,200,Thomas Talent Network,1,1,0,6,1
tidy-torch,2,2,200,Tidy Torch,1,0,0,0,0
time-hack-consulting,43,41,200,Time Hack Consulting,1,0,0,2,4
timelyai,0,0,200,timelyai,0,1,0,0,0
top-talents,36,31,200,Top Talents,1,0,0,2,34
topbeat,1,1,200,Guitar Bro,1,0,0,0,1
trailytics,1,1,200,Trailytics,1,0,0,0,0
transcounts,8,8,200,Transcounts,1,0,0,0,4
triangular-dots,7,7,200,Triangular Dots,1,0,0,0,0
triveous,3,3,200,triveous,1,0,0,3,0
trueflow-talent,2,1,200,TrueFlow Talent,1,0,0,0,0
truww,69,39,200,Truww,1,1,0,0,0
trymania,4,4,200,TryMania,1,0,0,4,0
tud-spaces-pvt-ltd,10,10,200,"TUD Spaces Pvt L,td.",1,0,0,0,0
tulip-group,124,11,200,Tulip Group,1,1,0,0,0
turaminds-technologies-pvt-ltd,3,3,200,TuraMinds Technologies Pvt Ltd,1,0,0,0,3
tushar-trans-equipment-pvt-ltd,8,8,200,Tushar Trans Equipment Pvt. Ltd.,1,0,0,0,0
tv2z,1,1,200,TV2Z,1,0,0,0,0
tyzer-technologies,7,7,200,TYZER TECHNOLOGIES,1,0,0,0,0
ua-brands-international-private-limited,2,2,200,Uniform Advantage Brands (UA Brands),1,0,0,1,0
uhomescom,3,3,200,Uhomes.com,1,0,0,0,1
ulabs,6,5,200,Unifynd Labs (U.LABS),1,0,0,0,0
umanist-staffing-llc,30,30,200,Umanist Staffing LLC,1,0,0,4,5
unbounce-careers-private-limited,0,0,200,UNBOUNCE CAREERS PRIVATE LIMITED,0,1,0,0,0
unfilterstory,7,7,200,unfilterstory,1,0,0,3,1
universal-flexibles-pvt-ltd,3,2,200,Universal Flexibles Pvt. Ltd.,1,0,1,0,0
unreconciled,9,6,200,unreconciled,1,0,3,0,0
ushta-te-consultancy,2,2,200,Ushta Te Consultancy,1,0,0,0,0
valam-solutions,10,10,200,Valam Solutions,1,0,0,0,0
vanshika,10,10,200,COOX Online Private Limited,1,0,0,0,0
varsal-terra-technology-private-limited,5,4,200,VARSAL-TERRA TECHNOLOGY PRIVATE LIMITED,1,0,0,0,0
vasundhara-it-pvt-ltd,8,7,200,Vasundhara IT Pvt Ltd,1,0,1,0,0
vatatree-consulting,22,22,200,Vatatree Consulting,1,0,0,0,0
velaz-solar,3,3,200,Velaz Solar,1,0,0,0,2
velocetalent,10,10,200,VeloceTalent,1,0,0,8,1
venanalytics-pvt-ltd,11,11,200,Venxr,1,0,0,0,0
venpep-solutions,5,5,200,Venpep Solutions,1,0,0,0,0
verloop,4,4,200,Verloop.io,1,0,0,0,0
versatileclub,20,20,200,Versatile.club,1,0,0,13,5
vgc-advisors-pvt-ltd,2,2,200,VGC Advisors Pvt Ltd,1,0,0,0,0
vhan-confiance-opc-private-limited,9,9,200,VHAN Confiance (OPC) Private Limited,1,0,0,0,0
victrix-systems-labs,6,6,200,Victrix Systems & Labs,1,0,0,0,0
vidpro-consultancy-services,31,31,200,Vidpro Consultancy Services,1,0,0,0,13
vilas,10,4,200,Vilas,1,0,0,0,0
vilasitawear,8,8,200,Vilasitawear,1,0,0,8,0
vimerse-infotech-inc,0,0,200,Vimerse Infotech inc,0,1,0,0,0
vip-advisors,2,2,200,VIP Advisors,1,0,0,0,0
viraaj-hr-solutions,3,3,200,viraaj hr solutions,1,0,0,0,0
virtual-admins,2,2,200,Virtual Admins,1,1,0,0,0
virtual-connect-solutions,5,5,200,Virtual Connect Solutions,1,0,0,1,1
virtuevin-solutions,4,4,200,VirtueVin Solutions,1,0,0,4,0
virtuhr,4,4,200,VirtuHR,1,0,0,0,0
visionaryhire,1,1,200,VisionaryHire,1,0,0,0,0
vmax-wellness,24,22,200,VMax Wellness,1,1,0,13,0
volopay,0,0,200,volopay,0,1,0,0,0
voxvalley-technologies-pvt-ltd,20,19,200,voxvalley technologies pvt ltd,1,0,1,0,2
vyeco,1,1,200,Vyeco Solutions,1,0,0,0,0
walltrendz,3,3,200,Walltrendz,1,0,0,1,0
way2go,10,10,200,WAY2GO,1,0,0,0,0
webgo-software-labs,4,4,200,WebGo Software Labs,1,0,0,2,2
webgross-solutions-pvt-ltd,16,16,200,Webgross,1,1,0,0,0
wedmegood,16,16,200,WedMeGood,1,0,0,0,2
weltec,8,8,200,Weltec,1,0,0,1,2
werecruiters-1,25,17,200,werecruiters,1,0,1,0,0
westlisoft-technologies,0,0,200,WESTLISOFT TECHNOLOGIES,0,1,0,0,0
wevois-labs-pvt-ltd,22,21,200,Wevois Labs Pvt Ltd,1,0,0,0,5
white-house-business-solutions-pvt-ltd,1,1,200,White House Business Solutions Pvt Ltd,1,0,0,0,0
white-panda-media-pvt-ltd,9,9,200,Passionbits,1,0,0,1,8
wildship-enterprises-private-limited,2,2,200,Wildship Enterprises Private Limited,1,0,0,0,0
wind-pioneers,1,1,200,Wind Pioneers,1,1,0,0,1
winvesta,9,9,200,Winvesta,1,1,0,0,0
wirality,8,8,200,Wirality,1,0,0,0,0
work-force-nexus-recruitment-agency,15,14,200,Work Force Nexus Recruitment Agency,1,0,0,9,0
work-strive,0,0,200,Work Strive,0,1,0,0,0
worldwide-techservices,3,3,200,Worldwide TechServices,1,0,0,0,0
xalts,0,0,200,Xalts,0,1,0,0,0
xexagon,10,10,200,XEXAGON,1,0,0,0,0
yes-unipessoal-lda,2,2,200,Yes Unipessoal Lda,1,0,0,0,2
yo-ai-labs,3,3,200,YO AI Labs,1,0,0,3,0
yo-hr-consultancy,11,11,200,YO HR Consultancy,1,1,0,11,0
yourdost,4,4,200,YourDOST,1,0,0,0,1
yourfriendlyhr,13,13,200,YourFriendlyhr,1,0,0,5,0
yournest-venture-capital,6,3,200,YourNest Venture Capital,1,0,1,1,0
yourstory-media,3,3,200,Yourstory Media,1,0,0,0,0
zartek-technologies,4,4,200,Zartek Technologies,1,0,0,0,0
zealant-consulting-group,22,22,200,Zealant Consulting Group,1,1,0,6,4
zenith-recruitment-visa-services,7,7,200,Zenith Recruitment & visa Services,1,0,0,0,0
zeqon-international-llp,8,4,200,Zeqon International LLP,1,0,0,0,0
ziance-technologies-private-limited,3,3,200,Ziance Technologies Private Limited,1,0,0,2,0
zifcare,0,0,200,Zifcare,0,1,0,0,0
zigsaw,4,4,200,Zigsaw,1,1,0,0,0
zilogic-systems,0,0,200,Zilogic Systems,0,1,0,0,0
zinance,5,3,200,Zinance,1,0,0,0,5
zocaai-technologies-private-limited,10,10,200,ZOCAAI Technologies Private Limited,1,0,0,0,0
zoid-technologies-pvt-ltd,6,6,200,Zoid technologies Pvt. Ltd.,1,0,0,0,0
zorba-consulting-india,18,17,200,Zorba Consulting India,1,0,0,6,0
zurato-technologies-pvt-ltd,0,0,200,Zurato Technologies Pvt Ltd,0,1,0,0,0
zylyz-global-consultant,4,4,200,Zylyz Global Consultant,1,0,0,1,0
zyvka,0,0,200,Zyvka,0,1,0,0,0
