ats,tenant,url,jobs
keka,3genconsulting,https://3genconsulting.keka.com,0
keka,3scsolution,https://3scsolution.keka.com,13
keka,10decoders,https://10decoders.keka.com,10
keka,acaindia,https://acaindia.keka.com,21
keka,7edge,https://7edge.keka.com,6
keka,360degreecloud,https://360degreecloud.keka.com,26
keka,acuitilabs,https://acuitilabs.keka.com,17
keka,100,https://100.keka.com,91
keka,aaram,https://aaram.keka.com,100
keka,adaan,https://adaan.keka.com,2
keka,adda247,https://adda247.keka.com,8
keka,adlift,https://adlift.keka.com,13
keka,adit,https://adit.keka.com,37
keka,adrefresh,https://adrefresh.keka.com,3
keka,aecor,https://aecor.keka.com,0
keka,42gears,https://42gears.keka.com,6
keka,aeroqube,https://aeroqube.keka.com,10
keka,akaike,https://akaike.keka.com,3
keka,algoscale,https://algoscale.keka.com,0
keka,aivarinnovations,https://aivarinnovations.keka.com,29
keka,alignminds,https://alignminds.keka.com,1
keka,adscholars,https://adscholars.keka.com,3
keka,a3logics,https://a3logics.keka.com,2
keka,12thwonder,https://12thwonder.keka.com,4
keka,9spl,https://9spl.keka.com,5
keka,acciojob,https://acciojob.keka.com,0
keka,1to1help,https://1to1help.keka.com,15
keka,afreespace,https://afreespace.keka.com,5
keka,abitainnovation,https://abitainnovation.keka.com,13
keka,a1apps,https://a1apps.keka.com,16
keka,algoworks,https://algoworks.keka.com,33
keka,aipl,https://aipl.keka.com,2
keka,21kschool,https://21kschool.keka.com,29
keka,8views,https://8views.keka.com,21
keka,ahinternational,https://ahinternational.keka.com,7
keka,ahamhousing,https://ahamhousing.keka.com,48
keka,analyticsvidhya,https://analyticsvidhya.keka.com,40
keka,algoshack,https://algoshack.keka.com,76
keka,ansibytecode,https://ansibytecode.keka.com,8
keka,anubhutiorganization,https://anubhutiorganization.keka.com,10
keka,amura,https://amura.keka.com,17
keka,antiersolutions,https://antiersolutions.keka.com,28
keka,aitmc,https://aitmc.keka.com,2
keka,allcloud,https://allcloud.keka.com,4
keka,aivantage,https://aivantage.keka.com,9
keka,appwrk,https://appwrk.keka.com,13
keka,aminu,https://aminu.keka.com,15
keka,arisinfra,https://arisinfra.keka.com,7
keka,arthanergy,https://arthanergy.keka.com,10
keka,antara,https://antara.keka.com,10
keka,asec,https://asec.keka.com,12
keka,asint,https://asint.keka.com,2
keka,almirqab,https://almirqab.keka.com,1
keka,assetplus,https://assetplus.keka.com,13
keka,almondz,https://almondz.keka.com,6
keka,atica,https://atica.keka.com,14
keka,aqbsolutions,https://aqbsolutions.keka.com,8
keka,atliq,https://atliq.keka.com,0
keka,arhamedia,https://arhamedia.keka.com,12
keka,arthashastra,https://arthashastra.keka.com,6
keka,attentiveos,https://attentiveos.keka.com,21
keka,aurumanalytica,https://aurumanalytica.keka.com,11
keka,astria,https://astria.keka.com,2
keka,asteria,https://asteria.keka.com,6
keka,atgeir,https://atgeir.keka.com,2
keka,avidorganics,https://avidorganics.keka.com,6
keka,applify,https://applify.keka.com,3
keka,axio,https://axio.keka.com,5
keka,awiros,https://awiros.keka.com,4
keka,aurigait,https://aurigait.keka.com,16
keka,balavikasa,https://balavikasa.keka.com,28
keka,aubergine,https://aubergine.keka.com,5
keka,bebetta,https://bebetta.keka.com,9
keka,avizva,https://avizva.keka.com,0
keka,avengers,https://avengers.keka.com,6
keka,bettrhq,https://bettrhq.keka.com,4
keka,babyorgano,https://babyorgano.keka.com,8
keka,avail,https://avail.keka.com,1
keka,bacancy,https://bacancy.keka.com,11
keka,beyondodds,https://beyondodds.keka.com,36
keka,belltechlogix,https://belltechlogix.keka.com,2
keka,baypure,https://baypure.keka.com,9
keka,biz4group,https://biz4group.keka.com,10
keka,americanchase,https://americanchase.keka.com,6
keka,awfis,https://awfis.keka.com,8
keka,amberstudent,https://amberstudent.keka.com,23
keka,blueflamelabs,https://blueflamelabs.keka.com,10
keka,bolt,https://bolt.keka.com,5
keka,berkowits,https://berkowits.keka.com,27
keka,atyantik,https://atyantik.keka.com,1
keka,borekitsourcing,https://borekitsourcing.keka.com,0
keka,andesinfra,https://andesinfra.keka.com,8
keka,bondada,https://bondada.keka.com,75
keka,bosswallah,https://bosswallah.keka.com,13
keka,basilicflystudio,https://basilicflystudio.keka.com,4
keka,botvfx,https://botvfx.keka.com,21
keka,breakinbrew,https://breakinbrew.keka.com,11
keka,bizhero,https://bizhero.keka.com,22
keka,bookmytournow,https://bookmytournow.keka.com,16
keka,casepoint,https://casepoint.keka.com,10
keka,bough,https://bough.keka.com,14
keka,bimex,https://bimex.keka.com,1
keka,changeinkk,https://changeinkk.keka.com,6
keka,buyogo,https://buyogo.keka.com,2
keka,caterpillar,https://caterpillar.keka.com,89
keka,chapter247,https://chapter247.keka.com,8
keka,caizin,https://caizin.keka.com,4
keka,calibraint,https://calibraint.keka.com,11
keka,cied,https://cied.keka.com,0
keka,byld,https://byld.keka.com,24
keka,bijak,https://bijak.keka.com,0
keka,bigohtech,https://bigohtech.keka.com,8
keka,banyancloud,https://banyancloud.keka.com,6
keka,cis,https://cis.keka.com,78
keka,brilliant,https://brilliant.keka.com,12
keka,bimakavach,https://bimakavach.keka.com,13
keka,ceremorphictechnologies,https://ceremorphictechnologies.keka.com,12
keka,cloudangles,https://cloudangles.keka.com,24
keka,cheranglobal,https://cheranglobal.keka.com,28
keka,blitznow,https://blitznow.keka.com,24
keka,clrindia,https://clrindia.keka.com,1
keka,cloudthat,https://cloudthat.keka.com,76
keka,codingninjas,https://codingninjas.keka.com,0
keka,clirnet,https://clirnet.keka.com,11
keka,conservetrichy,https://conservetrichy.keka.com,7
keka,comida,https://comida.keka.com,12
keka,cloudkaptan,https://cloudkaptan.keka.com,6
keka,contentninja,https://contentninja.keka.com,7
keka,convegenius,https://convegenius.keka.com,23
keka,coozmoo,https://coozmoo.keka.com,12
keka,costrategix,https://costrategix.keka.com,1
keka,cognida,https://cognida.keka.com,10
keka,clickpost,https://clickpost.keka.com,13
keka,coditude,https://coditude.keka.com,55
keka,communicationcrafts,https://communicationcrafts.keka.com,11
keka,credentia,https://credentia.keka.com,2
keka,burlington,https://burlington.keka.com,20
keka,crescerance,https://crescerance.keka.com,3
keka,cars24,https://cars24.keka.com,7
keka,curise,https://curise.keka.com,0
keka,copoint,https://copoint.keka.com,4
keka,coverself,https://coverself.keka.com,0
keka,copperpod,https://copperpod.keka.com,4
keka,dataction,https://dataction.keka.com,2
keka,bukhashbrothers,https://bukhashbrothers.keka.com,17
keka,dbears,https://dbears.keka.com,3
keka,cropinhrms,https://cropinhrms.keka.com,2
keka,dcx,https://dcx.keka.com,2
keka,crepdogcrew,https://crepdogcrew.keka.com,53
keka,chromeinfotech,https://chromeinfotech.keka.com,14
keka,cubet,https://cubet.keka.com,9
keka,deligence,https://deligence.keka.com,2
keka,cybrain,https://cybrain.keka.com,4
keka,daralshifa,https://daralshifa.keka.com,4
keka,csdemo,https://csdemo.keka.com,681
keka,cypherox,https://cypherox.keka.com,5
keka,dayalgroup,https://dayalgroup.keka.com,19
keka,digit88,https://digit88.keka.com,8
keka,cygni,https://cygni.keka.com,6
keka,digimantra,https://digimantra.keka.com,8
keka,drblal,https://drblal.keka.com,10
keka,dhyeyconsulting,https://dhyeyconsulting.keka.com,40
keka,droisys,https://droisys.keka.com,18
keka,dynamicsmonk,https://dynamicsmonk.keka.com,3
keka,dreamtime,https://dreamtime.keka.com,58
keka,eastvillage,https://eastvillage.keka.com,0
keka,csf,https://csf.keka.com,16
keka,eccentric,https://eccentric.keka.com,13
keka,cybernext,https://cybernext.keka.com,5
keka,designboxed,https://designboxed.keka.com,8
keka,ekacare,https://ekacare.keka.com,11
keka,dsm,https://dsm.keka.com,0
keka,dohagolfclub,https://dohagolfclub.keka.com,1
keka,driverlogistics,https://driverlogistics.keka.com,23
keka,enterpriseminds,https://enterpriseminds.keka.com,11
keka,enpro,https://enpro.keka.com,12
keka,e2msolutions,https://e2msolutions.keka.com,37
keka,epaylater,https://epaylater.keka.com,13
keka,eccouncil,https://eccouncil.keka.com,12
keka,erbrains,https://erbrains.keka.com,11
keka,escalon,https://escalon.keka.com,4
keka,ergode,https://ergode.keka.com,51
keka,etggs,https://etggs.keka.com,4
keka,entropik,https://entropik.keka.com,3
keka,eurotek,https://eurotek.keka.com,4
keka,enzigma,https://enzigma.keka.com,9
keka,erproots,https://erproots.keka.com,0
keka,equipped,https://equipped.keka.com,3
keka,exeliq,https://exeliq.keka.com,5
keka,eyerov,https://eyerov.keka.com,15
keka,factentry,https://factentry.keka.com,11
keka,denken,https://denken.keka.com,18
keka,ethinos,https://ethinos.keka.com,2
keka,cleanmax,https://cleanmax.keka.com,49
keka,etrademarketing,https://etrademarketing.keka.com,19
keka,falcon,https://falcon.keka.com,8
keka,fclpl,https://fclpl.keka.com,1
keka,fairdealmarket,https://fairdealmarket.keka.com,33
keka,exploringinfinities,https://exploringinfinities.keka.com,18
keka,evolve,https://evolve.keka.com,23
keka,flairlabs,https://flairlabs.keka.com,12
keka,finacplus,https://finacplus.keka.com,16
keka,founderlink,https://founderlink.keka.com,9
keka,echoindia,https://echoindia.keka.com,7
keka,frido,https://frido.keka.com,37
keka,fenix,https://fenix.keka.com,0
keka,eovdigital,https://eovdigital.keka.com,3
keka,dmudubai,https://dmudubai.keka.com,5
keka,fleetpanda,https://fleetpanda.keka.com,1
keka,gallagherandmohan,https://gallagherandmohan.keka.com,8
keka,gameberry,https://gameberry.keka.com,8
keka,fynd,https://fynd.keka.com,16
keka,fourtyseven,https://fourtyseven.keka.com,2
keka,gdtc,https://gdtc.keka.com,15
keka,fpga,https://fpga.keka.com,4
keka,farmart,https://farmart.keka.com,0
keka,fusionpact,https://fusionpact.keka.com,40
keka,foxsense,https://foxsense.keka.com,15
keka,fuelbuddy,https://fuelbuddy.keka.com,0
keka,getambee,https://getambee.keka.com,2
keka,evolveback,https://evolveback.keka.com,38
keka,gamlaa,https://gamlaa.keka.com,59
keka,gostops,https://gostops.keka.com,28
keka,getvisitapp,https://getvisitapp.keka.com,44
keka,ecosmob,https://ecosmob.keka.com,14
keka,greyb,https://greyb.keka.com,5
keka,habilelabs,https://habilelabs.keka.com,8
keka,habuild,https://habuild.keka.com,12
keka,hitechroboticsystemz,https://hitechroboticsystemz.keka.com,5
keka,heaptrace,https://heaptrace.keka.com,5
keka,gokwik,https://gokwik.keka.com,12
keka,grexa,https://grexa.keka.com,9
keka,grow,https://grow.keka.com,6
keka,hr,https://hr.keka.com,44
keka,gurully,https://gurully.keka.com,1
keka,goyaleducationaltrust,https://goyaleducationaltrust.keka.com,33
keka,homesfy,https://homesfy.keka.com,32
keka,ibexlabs,https://ibexlabs.keka.com,5
keka,geolotusglobal,https://geolotusglobal.keka.com,3
keka,icmcapital,https://icmcapital.keka.com,2
keka,hod,https://hod.keka.com,3
keka,hatio,https://hatio.keka.com,7
keka,icreativeaktiv,https://icreativeaktiv.keka.com,7
keka,iion,https://iion.keka.com,1
keka,ideyalabs,https://ideyalabs.keka.com,6
keka,idreamcareer,https://idreamcareer.keka.com,11
keka,ibaset,https://ibaset.keka.com,2
keka,inextrix,https://inextrix.keka.com,5
keka,indiefolio,https://indiefolio.keka.com,8
keka,industrybuying,https://industrybuying.keka.com,6
keka,gocomet,https://gocomet.keka.com,22
keka,infollion,https://infollion.keka.com,16
keka,infozech,https://infozech.keka.com,3
keka,hiveminds,https://hiveminds.keka.com,34
keka,idream,https://idream.keka.com,6
keka,insidea,https://insidea.keka.com,2
keka,inkey,https://inkey.keka.com,16
keka,innocean,https://innocean.keka.com,6
keka,impactanalytics,https://impactanalytics.keka.com,47
keka,intense,https://intense.keka.com,2
keka,hasel,https://hasel.keka.com,10
keka,ingeniousebrain,https://ingeniousebrain.keka.com,6
keka,inheritx,https://inheritx.keka.com,8
keka,ithrive,https://ithrive.keka.com,7
keka,iteachschools,https://iteachschools.keka.com,18
keka,isdm,https://isdm.keka.com,17
keka,irsl,https://irsl.keka.com,27
keka,ginesysone,https://ginesysone.keka.com,12
keka,inspiredge,https://inspiredge.keka.com,8
keka,ixltech,https://ixltech.keka.com,10
keka,intentwise,https://intentwise.keka.com,5
keka,jaikisan,https://jaikisan.keka.com,8
keka,justopulse,https://justopulse.keka.com,54
keka,kapturecrm,https://kapturecrm.keka.com,26
keka,jupiter,https://jupiter.keka.com,15
keka,indialaw,https://indialaw.keka.com,0
keka,kevit,https://kevit.keka.com,1
keka,kickdrum,https://kickdrum.keka.com,4
keka,kenresearch,https://kenresearch.keka.com,25
keka,kilowott,https://kilowott.keka.com,11
keka,kidvento,https://kidvento.keka.com,26
keka,kimiricahunter,https://kimiricahunter.keka.com,19
keka,in2itebs,https://in2itebs.keka.com,21
keka,infiniteuptime,https://infiniteuptime.keka.com,2
keka,hsquare,https://hsquare.keka.com,35
keka,instantpay,https://instantpay.keka.com,5
keka,lambdatest,https://lambdatest.keka.com,13
keka,kitemaps,https://kitemaps.keka.com,6
keka,knabfinance,https://knabfinance.keka.com,2
keka,kunskapsskolan,https://kunskapsskolan.keka.com,15
keka,learningcenter,https://learningcenter.keka.com,1
keka,kognivera,https://kognivera.keka.com,11
keka,kpgroup,https://kpgroup.keka.com,857
keka,ketto,https://ketto.keka.com,16
keka,letmecall,https://letmecall.keka.com,2
keka,kwickliving,https://kwickliving.keka.com,25
keka,lightstorm,https://lightstorm.keka.com,0
keka,leadership,https://leadership.keka.com,15
keka,klay,https://klay.keka.com,274
keka,kaizenempire,https://kaizenempire.keka.com,6
keka,lifesight,https://lifesight.keka.com,26
keka,magentamobility,https://magentamobility.keka.com,1
keka,lyzr,https://lyzr.keka.com,16
keka,mantra4change,https://mantra4change.keka.com,6
keka,marutitech,https://marutitech.keka.com,4
keka,masscomcorp,https://masscomcorp.keka.com,3
keka,logichive,https://logichive.keka.com,3
keka,liminal,https://liminal.keka.com,8
keka,maxiq,https://maxiq.keka.com,15
keka,loop,https://loop.keka.com,32
keka,lumel,https://lumel.keka.com,9
keka,lydesign,https://lydesign.keka.com,20
keka,madhusgarage,https://madhusgarage.keka.com,7
keka,mangoadvisors,https://mangoadvisors.keka.com,11
keka,magicrete,https://magicrete.keka.com,19
keka,mellowdesigns,https://mellowdesigns.keka.com,17
keka,luna,https://luna.keka.com,7
keka,lera,https://lera.keka.com,9
keka,metayb,https://metayb.keka.com,40
keka,minfy,https://minfy.keka.com,39
keka,matrixcomsec,https://matrixcomsec.keka.com,23
keka,mishipay,https://mishipay.keka.com,12
keka,mlcu,https://mlcu.keka.com,0
keka,maxxton,https://maxxton.keka.com,1
keka,mayhem,https://mayhem.keka.com,1
keka,lrenergy,https://lrenergy.keka.com,14
keka,jeebly,https://jeebly.keka.com,13
keka,moschip,https://moschip.keka.com,49
keka,mpl1,https://mpl1.keka.com,8
keka,msclinical,https://msclinical.keka.com,18
keka,minutus,https://minutus.keka.com,0
keka,infocusp,https://infocusp.keka.com,9
keka,muskaandreams,https://muskaandreams.keka.com,24
keka,mcb,https://mcb.keka.com,20
keka,malpani,https://malpani.keka.com,7
keka,nasscomfoundation,https://nasscomfoundation.keka.com,10
keka,motiveminds,https://motiveminds.keka.com,3
keka,naviamarkets,https://naviamarkets.keka.com,3
keka,mozilortech,https://mozilortech.keka.com,2
keka,narolainfotech,https://narolainfotech.keka.com,3
keka,netcomlearning,https://netcomlearning.keka.com,45
keka,myhq,https://myhq.keka.com,29
keka,nethority,https://nethority.keka.com,20
keka,neutrinos,https://neutrinos.keka.com,14
keka,nijatech,https://nijatech.keka.com,2
keka,mosaicwellness,https://mosaicwellness.keka.com,34
keka,montycloud,https://montycloud.keka.com,17
keka,ncompass,https://ncompass.keka.com,0
keka,nimt,https://nimt.keka.com,100
keka,nurix,https://nurix.keka.com,8
keka,nference,https://nference.keka.com,1
keka,niyo,https://niyo.keka.com,15
keka,occamsadvisory,https://occamsadvisory.keka.com,10
keka,medhavi,https://medhavi.keka.com,62
keka,openfinancial,https://openfinancial.keka.com,1
keka,onsitego,https://onsitego.keka.com,12
keka,opslogic,https://opslogic.keka.com,10
keka,nreach,https://nreach.keka.com,36
keka,mydbops,https://mydbops.keka.com,9
keka,oswaalbooks,https://oswaalbooks.keka.com,14
keka,olivaclinic,https://olivaclinic.keka.com,29
keka,ottimate,https://ottimate.keka.com,2
keka,organo,https://organo.keka.com,29
keka,oneplus,https://oneplus.keka.com,1
keka,p99soft,https://p99soft.keka.com,17
keka,ngenious,https://ngenious.keka.com,15
keka,opkeservices,https://opkeservices.keka.com,1
keka,optimite,https://optimite.keka.com,2
keka,medon,https://medon.keka.com,10
keka,pell,https://pell.keka.com,15
keka,perceptyne,https://perceptyne.keka.com,8
keka,peoplebox,https://peoplebox.keka.com,6
keka,pgbhagwatca,https://pgbhagwatca.keka.com,39
keka,phykon,https://phykon.keka.com,7
keka,pandorum,https://pandorum.keka.com,5
keka,paperflite,https://paperflite.keka.com,7
keka,neuralgo,https://neuralgo.keka.com,13
keka,pravaig,https://pravaig.keka.com,20
keka,peopleatgems,https://peopleatgems.keka.com,0
keka,prismforce,https://prismforce.keka.com,12
keka,praxian,https://praxian.keka.com,19
keka,proshort,https://proshort.keka.com,2
keka,pima,https://pima.keka.com,18
keka,paritycube,https://paritycube.keka.com,9
keka,pointo,https://pointo.keka.com,16
keka,paxcom,https://paxcom.keka.com,11
keka,punjabjewels,https://punjabjewels.keka.com,13
keka,pcsinfinity,https://pcsinfinity.keka.com,2
keka,puretech,https://puretech.keka.com,14
keka,nutrabay,https://nutrabay.keka.com,16
keka,procedure,https://procedure.keka.com,3
keka,rackbank,https://rackbank.keka.com,3
keka,oneture,https://oneture.keka.com,7
keka,pcbpower,https://pcbpower.keka.com,5
keka,paramountassure,https://paramountassure.keka.com,68
keka,prefr,https://prefr.keka.com,0
keka,rapidflowapps,https://rapidflowapps.keka.com,17
keka,qed42,https://qed42.keka.com,3
keka,procol,https://procol.keka.com,9
keka,raptee,https://raptee.keka.com,33
keka,prudentglobaltech,https://prudentglobaltech.keka.com,31
keka,quadrantech,https://quadrantech.keka.com,4
keka,queuebuster,https://queuebuster.keka.com,6
keka,perstorp,https://perstorp.keka.com,9
keka,rigi,https://rigi.keka.com,3
keka,rivuletiq,https://rivuletiq.keka.com,6
keka,pramana,https://pramana.keka.com,9
keka,rootquotient,https://rootquotient.keka.com,9
keka,quest,https://quest.keka.com,0
keka,rcm,https://rcm.keka.com,1
keka,rostrumedu,https://rostrumedu.keka.com,7
keka,relanto,https://relanto.keka.com,43
keka,reelo,https://reelo.keka.com,26
keka,saadaa,https://saadaa.keka.com,26
keka,salescodeai,https://salescodeai.keka.com,7
keka,sageit,https://sageit.keka.com,21
keka,rgbsi,https://rgbsi.keka.com,272
keka,onesilq,https://onesilq.keka.com,0
keka,salesdemo,https://salesdemo.keka.com,142
keka,sarasanalytics,https://sarasanalytics.keka.com,1
keka,sapro,https://sapro.keka.com,25
keka,pyxis,https://pyxis.keka.com,3
keka,rubick,https://rubick.keka.com,23
keka,satsure,https://satsure.keka.com,30
keka,savaglobal,https://savaglobal.keka.com,34
keka,saarthee,https://saarthee.keka.com,40
keka,salty,https://salty.keka.com,14
keka,scimplify,https://scimplify.keka.com,67
keka,randomtrees,https://randomtrees.keka.com,4
keka,royalhealth,https://royalhealth.keka.com,55
keka,secpod,https://secpod.keka.com,20
keka,saladdays,https://saladdays.keka.com,186
keka,rnc,https://rnc.keka.com,24
keka,quintessential,https://quintessential.keka.com,16
keka,rocketium,https://rocketium.keka.com,4
keka,shipthis,https://shipthis.keka.com,5
keka,sanjhi,https://sanjhi.keka.com,14
keka,shopos,https://shopos.keka.com,18
keka,shopflo,https://shopflo.keka.com,10
keka,silverpush,https://silverpush.keka.com,14
keka,saltside,https://saltside.keka.com,0
keka,sioniq,https://sioniq.keka.com,19
keka,shott,https://shott.keka.com,14
keka,sjinnovation,https://sjinnovation.keka.com,20
keka,seas,https://seas.keka.com,45
keka,serviqual,https://serviqual.keka.com,7
keka,secutech,https://secutech.keka.com,18
keka,skit,https://skit.keka.com,15
keka,sidsfarm,https://sidsfarm.keka.com,16
keka,skanai,https://skanai.keka.com,28
keka,siliconsignals,https://siliconsignals.keka.com,9
keka,silverlabs,https://silverlabs.keka.com,4
keka,skylarkdrones,https://skylarkdrones.keka.com,22
keka,simandhareducation,https://simandhareducation.keka.com,19
keka,smilefoundation,https://smilefoundation.keka.com,5
keka,snitch,https://snitch.keka.com,17
keka,smartcoin,https://smartcoin.keka.com,34
keka,sisainfosec,https://sisainfosec.keka.com,27
keka,smartdocs,https://smartdocs.keka.com,18
keka,softobiz,https://softobiz.keka.com,43
keka,sentientgeeks,https://sentientgeeks.keka.com,23
keka,sphinx,https://sphinx.keka.com,10
keka,stonefield,https://stonefield.keka.com,0
keka,soterius,https://soterius.keka.com,10
keka,smytten,https://smytten.keka.com,19
keka,sisinty,https://sisinty.keka.com,14
keka,successivesoftware,https://successivesoftware.keka.com,4
keka,sunflowerlab,https://sunflowerlab.keka.com,3
keka,sundew,https://sundew.keka.com,4
keka,stoneshippers,https://stoneshippers.keka.com,11
keka,speed,https://speed.keka.com,101
keka,spyneai,https://spyneai.keka.com,27
keka,sustainiam,https://sustainiam.keka.com,3
keka,sellability,https://sellability.keka.com,11
keka,syrencloud,https://syrencloud.keka.com,12
keka,systango,https://systango.keka.com,11
keka,superplum,https://superplum.keka.com,9
keka,superk,https://superk.keka.com,17
keka,taazaa,https://taazaa.keka.com,8
keka,supplychainhub,https://supplychainhub.keka.com,19
keka,selldo,https://selldo.keka.com,6
keka,sureify,https://sureify.keka.com,11
keka,softlinkglobal,https://softlinkglobal.keka.com,9
keka,solsarc,https://solsarc.keka.com,4
keka,tartanhq,https://tartanhq.keka.com,11
keka,teamkarimganj,https://teamkarimganj.keka.com,1
keka,snoonu,https://snoonu.keka.com,81
keka,teampumpkin,https://teampumpkin.keka.com,23
keka,squadrun,https://squadrun.keka.com,9
keka,surveysparrow,https://surveysparrow.keka.com,3
keka,tandemloop,https://tandemloop.keka.com,4
keka,tap,https://tap.keka.com,3
keka,tcglobal,https://tcglobal.keka.com,6
keka,tdf,https://tdf.keka.com,19
keka,techsolengineers,https://techsolengineers.keka.com,18
keka,teaxpress,https://teaxpress.keka.com,11
keka,techdome,https://techdome.keka.com,9
keka,techahead,https://techahead.keka.com,7
keka,thenudge,https://thenudge.keka.com,39
keka,think9,https://think9.keka.com,23
keka,svadha,https://svadha.keka.com,11
keka,talentformula,https://talentformula.keka.com,18
keka,thoughtfocus,https://thoughtfocus.keka.com,26
keka,tatvic,https://tatvic.keka.com,4
keka,tericsoft,https://tericsoft.keka.com,1
keka,targetpublications,https://targetpublications.keka.com,12
keka,tohands,https://tohands.keka.com,10
keka,tarento,https://tarento.keka.com,62
keka,tradelab,https://tradelab.keka.com,6
keka,toprankers,https://toprankers.keka.com,101
keka,transform,https://transform.keka.com,1
keka,thf,https://thf.keka.com,108
keka,thomsun,https://thomsun.keka.com,20
keka,trulivproperties,https://trulivproperties.keka.com,11
keka,ucdc,https://ucdc.keka.com,9
keka,teachmint,https://teachmint.keka.com,28
keka,toddle,https://toddle.keka.com,16
keka,turno,https://turno.keka.com,45
keka,udchalo,https://udchalo.keka.com,1
keka,trenser,https://trenser.keka.com,5
keka,turbolabtech,https://turbolabtech.keka.com,0
keka,tripjack,https://tripjack.keka.com,32
keka,uandi,https://uandi.keka.com,8
keka,ugaoo,https://ugaoo.keka.com,49
keka,truagency,https://truagency.keka.com,20
keka,trinitytouch,https://trinitytouch.keka.com,24
keka,tvsnext,https://tvsnext.keka.com,20
keka,techmagnate,https://techmagnate.keka.com,6
keka,urjacommunications,https://urjacommunications.keka.com,8
keka,valorem,https://valorem.keka.com,5
keka,urbanpiper,https://urbanpiper.keka.com,5
keka,swaransoft,https://swaransoft.keka.com,15
keka,uniathena,https://uniathena.keka.com,17
keka,unboxrobotics,https://unboxrobotics.keka.com,29
keka,universityliving,https://universityliving.keka.com,9
keka,tvarit,https://tvarit.keka.com,6
keka,vidushi,https://vidushi.keka.com,21
keka,vedam,https://vedam.keka.com,5
keka,viva,https://viva.keka.com,11
keka,voidsolutions,https://voidsolutions.keka.com,44
keka,voluntas,https://voluntas.keka.com,5
keka,venwiztechnologies,https://venwiztechnologies.keka.com,8
keka,vyaparapp,https://vyaparapp.keka.com,68
keka,walkover,https://walkover.keka.com,8
keka,vidyawires,https://vidyawires.keka.com,22
keka,vajrorap,https://vajrorap.keka.com,5
keka,webito,https://webito.keka.com,5
keka,vitely,https://vitely.keka.com,14
keka,weaddo,https://weaddo.keka.com,6
keka,webklipper,https://webklipper.keka.com,15
keka,voiro,https://voiro.keka.com,3
keka,webvillee,https://webvillee.keka.com,4
keka,weqtechnologies,https://weqtechnologies.keka.com,3
keka,wedogood,https://wedogood.keka.com,4
keka,wealthindia,https://wealthindia.keka.com,1
keka,webplat,https://webplat.keka.com,0
keka,vncglobal,https://vncglobal.keka.com,4
keka,wisdmlabs,https://wisdmlabs.keka.com,2
keka,vegapay,https://vegapay.keka.com,23
keka,vicekeeper,https://vicekeeper.keka.com,8
keka,wolken,https://wolken.keka.com,2
keka,wildnet,https://wildnet.keka.com,22
keka,winzo,https://winzo.keka.com,20
keka,ultahost,https://ultahost.keka.com,134
keka,wohlig,https://wohlig.keka.com,17
keka,workindia,https://workindia.keka.com,2
keka,wbg,https://wbg.keka.com,2
keka,universaled,https://universaled.keka.com,159
keka,wishtreetech,https://wishtreetech.keka.com,6
keka,woundtech,https://woundtech.keka.com,17
keka,yanoljacloudsolution,https://yanoljacloudsolution.keka.com,14
keka,vinove,https://vinove.keka.com,46
keka,winfosolutions,https://winfosolutions.keka.com,34
keka,yushka,https://yushka.keka.com,25
keka,zehntech,https://zehntech.keka.com,1
keka,xeno,https://xeno.keka.com,4
keka,vizenlifesciences,https://vizenlifesciences.keka.com,11
keka,zenwork,https://zenwork.keka.com,11
keka,zanskar,https://zanskar.keka.com,9
keka,zluri,https://zluri.keka.com,8
keka,zebu,https://zebu.keka.com,44
keka,zono,https://zono.keka.com,6
keka,zippee,https://zippee.keka.com,45
keka,zocket,https://zocket.keka.com,9
keka,zupersoft,https://zupersoft.keka.com,5
keka,zypp,https://zypp.keka.com,17
keka,wishlink,https://wishlink.keka.com,17
keka,zuddl,https://zuddl.keka.com,9
keka,yashindustries,https://yashindustries.keka.com,109
keka,eloelo,https://eloelo.keka.com,29
