ats,tenant,url
workday,abeilleassurances/aema_groupe,https://abeilleassurances.wd3.myworkdayjobs.com/AEMA_Groupe
workday,alcority/nms,https://alcority.wd1.myworkdayjobs.com/NMS
workday,acacia/acacia_careers,https://acacia.wd5.myworkdayjobs.com/acacia_careers
workday,accudyne/sundynecareerssite,https://accudyne.wd5.myworkdayjobs.com/SundyneCareersSite
workday,agstar/%ef%ac%82agstar,https://agstar.wd5.myworkdayjobs.com/%EF%AC%82agstar
workday,aam/standardlifeaberdeen,https://aam.wd3.myworkdayjobs.com/StandardLifeAberdeen
workday,anymed/albany_med,https://anymed.wd5.myworkdayjobs.com/Albany_Med
workday,acronis/acronis_careers,https://acronis.wd3.myworkdayjobs.com/acronis_careers
workday,atheneum/atheneum,https://atheneum.wd103.myworkdayjobs.com/Atheneum
workday,alcority/westlawn,https://alcority.wd1.myworkdayjobs.com/westlawn
workday,asuprep/asup,https://asuprep.wd5.myworkdayjobs.com/ASUP
workday,academicpartnerships/risepoint,https://academicpartnerships.wd5.myworkdayjobs.com/risepoint
workday,academicpartnerships/academicpartnerships,https://academicpartnerships.wd5.myworkdayjobs.com/AcademicPartnerships
workday,acxiom/acxiomusa,https://acxiom.wd5.myworkdayjobs.com/AcxiomUSA
workday,accolade/external_careers,https://accolade.wd5.myworkdayjobs.com/External_Careers
workday,alcority/williamsracing,https://alcority.wd1.myworkdayjobs.com/WilliamsRacing
workday,alcority/salamander,https://alcority.wd1.myworkdayjobs.com/Salamander
workday,alliedghi/ca,https://alliedghi.wd5.myworkdayjobs.com/CA
workday,accuvant/accuvantcareers,https://accuvant.wd5.myworkdayjobs.com/AccuvantCareers
workday,ancestry/careers,https://ancestry.wd5.myworkdayjobs.com/careers
workday,aegion/aegion_careers,https://aegion.wd501.myworkdayjobs.com/aegion_careers
workday,atmosenergy/external_career_site,https://atmosenergy.wd5.myworkdayjobs.com/external_career_site
workday,agilitas/lmc,https://agilitas.wd5.myworkdayjobs.com/LMC
workday,bgea/bgea_careers,https://bgea.wd1.myworkdayjobs.com/bgea_careers
workday,alation/externalsite,https://alation.wd5.myworkdayjobs.com/ExternalSite
workday,brady/bradyservices_careers,https://brady.wd1.myworkdayjobs.com/BradyServices_Careers
workday,autodoc/autodoc_group,https://autodoc.wd3.myworkdayjobs.com/autodoc_group
workday,bamfhealth/external,https://bamfhealth.wd5.myworkdayjobs.com/External
workday,bgea/bgea_internships,https://bgea.wd1.myworkdayjobs.com/bgea_internships
workday,bioclinica/bioclinica_careers,https://bioclinica.wd1.myworkdayjobs.com/Bioclinica_careers
workday,biltmore/biltmorecareers,https://biltmore.wd1.myworkdayjobs.com/Biltmorecareers
workday,burkert/burkert-career,https://burkert.wd3.myworkdayjobs.com/burkert-career
workday,caprisun/jobs,https://caprisun.wd3.myworkdayjobs.com/Jobs
workday,audubon/audubon,https://audubon.wd5.myworkdayjobs.com/Audubon
workday,bardmaterials/bardmaterials_careers,https://bardmaterials.wd5.myworkdayjobs.com/BARDMaterials_CAREERS
workday,bemis/bemis_external_career_site,https://bemis.wd5.myworkdayjobs.com/Bemis_External_Career_Site
workday,breakthrought1d/breakthrought1d,https://breakthrought1d.wd1.myworkdayjobs.com/BreakthroughT1D
workday,carbonblack/life_at_cb,https://carbonblack.wd1.myworkdayjobs.com/Life_at_Cb
workday,bigheart/bigheart,https://bigheart.wd5.myworkdayjobs.com/bigheart
workday,bonadio/bonadio_careers,https://bonadio.wd5.myworkdayjobs.com/Bonadio_Careers
workday,capfed/capfed_careers,https://capfed.wd1.myworkdayjobs.com/CapFed_Careers
workday,blankfactor/blankfactor_external,https://blankfactor.wd12.myworkdayjobs.com/Blankfactor_External
workday,brandman/brandmancareers,https://brandman.wd5.myworkdayjobs.com/BrandmanCareers
workday,braunability/braunability,https://braunability.wd1.myworkdayjobs.com/braunability
workday,caliburnintl/external,https://caliburnintl.wd5.myworkdayjobs.com/External
workday,cancer/flcancer_careers,https://cancer.wd1.myworkdayjobs.com/FLCancer_Careers
workday,barnhillcontracting/barnhill_trade_opportunities,https://barnhillcontracting.wd5.myworkdayjobs.com/barnhill_trade_opportunities
workday,carbonhealth/careers,https://carbonhealth.wd1.myworkdayjobs.com/careers
workday,cco/cco,https://cco.wd3.myworkdayjobs.com/CCO
workday,carlson/managedhotels,https://carlson.wd1.myworkdayjobs.com/MANAGEDHOTELS
workday,chess/chess,https://chess.wd1.myworkdayjobs.com/CHESS
workday,chukchansigold/cgrccareers,https://chukchansigold.wd1.myworkdayjobs.com/cgrccareers
workday,cbrlgroup/crackerbarrelexternal,https://cbrlgroup.wd5.myworkdayjobs.com/CrackerBarrelExternal
workday,castandcrew/castandcrew,https://castandcrew.wd5.myworkdayjobs.com/CastandCrew
workday,castandcrew/backstage,https://castandcrew.wd5.myworkdayjobs.com/Backstage
workday,cliftonlarsonallen/cla,https://cliftonlarsonallen.wd1.myworkdayjobs.com/cla
workday,champlain/champlain-employment-opportunities,https://champlain.wd5.myworkdayjobs.com/Champlain-Employment-Opportunities
workday,celgene/celgenecareers,https://celgene.wd1.myworkdayjobs.com/celgenecareers
workday,clc/external,https://clc.wd5.myworkdayjobs.com/External
workday,carbonblack/cb_university_careers,https://carbonblack.wd1.myworkdayjobs.com/Cb_University_Careers
workday,chordenergy/indeedmobile,https://chordenergy.wd1.myworkdayjobs.com/IndeedMobile
workday,citymd/external_career_citymd,https://citymd.wd5.myworkdayjobs.com/External_Career_CityMD
workday,checkout/checkoutcareers,https://checkout.wd3.myworkdayjobs.com/CheckoutCareers
workday,convergys/external_us,https://convergys.wd1.myworkdayjobs.com/external_us
workday,coalliance/co-alliance,https://coalliance.wd5.myworkdayjobs.com/co-alliance
workday,confluentmedical/confluent_medical,https://confluentmedical.wd5.myworkdayjobs.com/Confluent_Medical
workday,colfax/djocareers,https://colfax.wd5.myworkdayjobs.com/djocareers
workday,concentrix/external,https://concentrix.wd5.myworkdayjobs.com/external
workday,convergys/external_egypt,https://convergys.wd1.myworkdayjobs.com/external_egypt
workday,cotality/global,https://cotality.wd5.myworkdayjobs.com/Global
workday,cotality/acq,https://cotality.wd5.myworkdayjobs.com/ACQ
workday,cotality/aus,https://cotality.wd5.myworkdayjobs.com/AUS
workday,concho/external,https://concho.wd5.myworkdayjobs.com/external
workday,cradlepoint/job-opportunities,https://cradlepoint.wd1.myworkdayjobs.com/Job-Opportunities
workday,cspire-telapex/internships,https://cspire-telapex.wd12.myworkdayjobs.com/internships
workday,csc/dxcjobs,https://csc.wd1.myworkdayjobs.com/DXCJobs
workday,csra/external_career_site,https://csra.wd5.myworkdayjobs.com/External_Career_Site
workday,cspire-telapex/external-careers,https://cspire-telapex.wd12.myworkdayjobs.com/external-careers
workday,dimensiondata/dimensiondata_careers,https://dimensiondata.wd3.myworkdayjobs.com/dimensiondata_careers
workday,dfrg/del_friscos_grille_careers,https://dfrg.wd5.myworkdayjobs.com/Del_Friscos_Grille_Careers
workday,dbrs/careers,https://dbrs.wd3.myworkdayjobs.com/Careers
workday,dfrg/doubleeagle_careers,https://dfrg.wd5.myworkdayjobs.com/DoubleEagle_Careers
workday,dimensiondata/britehouse_careers,https://dimensiondata.wd3.myworkdayjobs.com/britehouse_careers
workday,daymoninteractions/cds-careers,https://daymoninteractions.wd5.myworkdayjobs.com/CDS-Careers
workday,dfrg/dfrg_careers,https://dfrg.wd5.myworkdayjobs.com/DFRG_Careers
workday,dimensiondata/merchants_careers,https://dimensiondata.wd3.myworkdayjobs.com/merchants_careers
workday,cpmagroup/consertuscareers,https://cpmagroup.wd501.myworkdayjobs.com/consertuscareers
workday,cytovance/cytovance_careers,https://cytovance.wd1.myworkdayjobs.com/CYTOVANCE_CAREERS
workday,dfrg/bartaco_careers,https://dfrg.wd5.myworkdayjobs.com/bartaco_Careers
workday,cylance/externalsite,https://cylance.wd1.myworkdayjobs.com/ExternalSite
workday,cushwake/external,https://cushwake.wd1.myworkdayjobs.com/External
workday,digitalglobe/ssl,https://digitalglobe.wd1.myworkdayjobs.com/SSL
workday,digitalglobe/maxar,https://digitalglobe.wd1.myworkdayjobs.com/MAXAR
workday,dfrg/barcelona_wine_bar_careers,https://dfrg.wd5.myworkdayjobs.com/Barcelona_Wine_Bar_Careers
workday,digitalfirstmedia/mng,https://digitalfirstmedia.wd5.myworkdayjobs.com/MNG
workday,digitalglobe/mda,https://digitalglobe.wd1.myworkdayjobs.com/MDA
workday,digitalglobe/digitalglobe_careers,https://digitalglobe.wd1.myworkdayjobs.com/DigitalGlobe_Careers
workday,dinebrands/dinecareers,https://dinebrands.wd1.myworkdayjobs.com/DineCareers
workday,dupontpolymer/careers,https://dupontpolymer.wd5.myworkdayjobs.com/Careers
workday,dinebrands/restaurantcareersite,https://dinebrands.wd1.myworkdayjobs.com/RestaurantCareerSite
workday,ecentria/careers,https://ecentria.wd1.myworkdayjobs.com/careers
workday,employeeownedbrands/leer_new_lisbon_operations,https://employeeownedbrands.wd1.myworkdayjobs.com/Leer_New_Lisbon_Operations
workday,employeeownedbrands/laundry_one,https://employeeownedbrands.wd1.myworkdayjobs.com/Laundry_One
workday,encana/encanacareers,https://encana.wd3.myworkdayjobs.com/encanacareers
workday,donaanacounty/dac,https://donaanacounty.wd5.myworkdayjobs.com/DAC
workday,employeeownedbrands/crystal,https://employeeownedbrands.wd1.myworkdayjobs.com/Crystal
workday,djoglobal/djocareers,https://djoglobal.wd1.myworkdayjobs.com/djocareers
workday,enzazaden/enza-careers,https://enzazaden.wd3.myworkdayjobs.com/Enza-Careers
workday,eldclinichealthsystems/external,https://eldclinichealthsystems.wd5.myworkdayjobs.com/External
workday,employeeownedbrands/leer_carroll_operations,https://employeeownedbrands.wd1.myworkdayjobs.com/Leer_Carroll_Operations
workday,eversidehealth/marathon-health-careers,https://eversidehealth.wd501.myworkdayjobs.com/Marathon-Health-Careers
workday,ecacolleges/eca_careers,https://ecacolleges.wd1.myworkdayjobs.com/ECA_Careers
workday,encoreeventtechnologies/canada_external,https://encoreeventtechnologies.wd5.myworkdayjobs.com/Canada_External
workday,ewe/eweintranet,https://ewe.wd3.myworkdayjobs.com/EWEIntranet
workday,encoreeventtechnologies/encoreeventtechnologiescareers,https://encoreeventtechnologies.wd5.myworkdayjobs.com/encoreeventtechnologiescareers
workday,elobau/elobau,https://elobau.wd3.myworkdayjobs.com/elobau
workday,excellusbcbs/univerahealthcarecareers,https://excellusbcbs.wd1.myworkdayjobs.com/UniveraHealthcareCareers
workday,expressscripts/cigna,https://expressscripts.wd5.myworkdayjobs.com/Cigna
workday,espaceproprio/ep,https://espaceproprio.wd10.myworkdayjobs.com/EP
workday,expressscripts/express-scripts,https://expressscripts.wd5.myworkdayjobs.com/express-scripts
workday,ferrarausa/ferraracandycareers,https://ferrarausa.wd1.myworkdayjobs.com/FerraraCandyCareers
workday,firstsolar/firstsolar,https://firstsolar.wd1.myworkdayjobs.com/FirstSolar
workday,fairchild/external,https://fairchild.wd1.myworkdayjobs.com/External
workday,freeths/freeths_external,https://freeths.wd3.myworkdayjobs.com/Freeths_External
workday,fideliscare/fidelis_external,https://fideliscare.wd1.myworkdayjobs.com/fidelis_external
workday,glwater/careers,https://glwater.wd1.myworkdayjobs.com/Careers
workday,firstacceptance/firstacceptance,https://firstacceptance.wd5.myworkdayjobs.com/FirstAcceptance
workday,gogo/careers-satcomdirect,https://gogo.wd503.myworkdayjobs.com/careers-satcomdirect
workday,finnair/finnair,https://finnair.wd3.myworkdayjobs.com/finnair
workday,grubhub/external,https://grubhub.wd1.myworkdayjobs.com/External
workday,finnair/finnair1,https://finnair.wd3.myworkdayjobs.com/finnair1
workday,galvestoncountytx/countyofgalvestoncareers,https://galvestoncountytx.wd5.myworkdayjobs.com/CountyofGalvestonCareers
workday,fththird/dividendcareers,https://fththird.wd5.myworkdayjobs.com/Dividendcareers
workday,greatwest/great_west,https://greatwest.wd5.myworkdayjobs.com/Great_West
workday,groupefdj/fdj,https://groupefdj.wd3.myworkdayjobs.com/FDJ
workday,halozyme/halozymecareers,https://halozyme.wd1.myworkdayjobs.com/halozymecareers
workday,halyardhealth/careers,https://halyardhealth.wd1.myworkdayjobs.com/careers
workday,drinkpak/drinkpak,https://drinkpak.wd5.myworkdayjobs.com/DrinkPAK
workday,hamiltoncollege/hamiltoncollegejobopportunities,https://hamiltoncollege.wd5.myworkdayjobs.com/HamiltonCollegeJobOpportunities
workday,genesiscare/genesiscare_careers,https://genesiscare.wd3.myworkdayjobs.com/Genesiscare_Careers
workday,firstbrandsgroup/fbg_careers,https://firstbrandsgroup.wd5.myworkdayjobs.com/FBG_Careers
workday,hengeler/hm-careers-legal,https://hengeler.wd3.myworkdayjobs.com/HM-Careers-Legal
workday,hengeler/hm-careers-business-services,https://hengeler.wd3.myworkdayjobs.com/HM-Careers-Business-Services
workday,hengeler/jobpostings,https://hengeler.wd3.myworkdayjobs.com/jobpostings
workday,hengeler/hm-candidate_events,https://hengeler.wd3.myworkdayjobs.com/HM-Candidate_Events
workday,hccfl/hccjobs,https://hccfl.wd1.myworkdayjobs.com/hccjobs
workday,hartford/careers_restricted,https://hartford.wd5.myworkdayjobs.com/Careers_Restricted
workday,goosehead/careers,https://goosehead.wd5.myworkdayjobs.com/Careers
workday,hitt/hitt,https://hitt.wd1.myworkdayjobs.com/HITT
workday,horizonpharma/horizon_pharma,https://horizonpharma.wd1.myworkdayjobs.com/Horizon_Pharma
workday,heidelberg/careersheidelberg,https://heidelberg.wd3.myworkdayjobs.com/careersHEIDELBERG
workday,hfsc/careers,https://hfsc.wd5.myworkdayjobs.com/Careers
workday,ideal/ideal,https://ideal.wd5.myworkdayjobs.com/IDEAL
workday,heniff/heniff,https://heniff.wd5.myworkdayjobs.com/Heniff
workday,ice/ice,https://ice.wd1.myworkdayjobs.com/ICE
workday,hq/allied_external,https://hq.wd12.myworkdayjobs.com/Allied_External
workday,hfflp/ushfflpcareers,https://hfflp.wd5.myworkdayjobs.com/ushfflpcareers
workday,httpsmarvell/marvellcareers,https://httpsmarvell.wd1.myworkdayjobs.com/MarvellCareers
workday,infios/infios,https://infios.wd3.myworkdayjobs.com/infios
workday,iiheartmedia/external_ihm,https://iiheartmedia.wd5.myworkdayjobs.com/External_iHM
workday,illuminateusa/illuminate_careers,https://illuminateusa.wd5.myworkdayjobs.com/Illuminate_Careers
workday,insmed/external,https://insmed.wd5.myworkdayjobs.com/EXTERNAL
workday,imshealth/imscg,https://imshealth.wd1.myworkdayjobs.com/IMSCG
workday,ian/mobilitysupport,https://ian.wd5.myworkdayjobs.com/MobilitySupport
workday,imshealth/imshealth,https://imshealth.wd1.myworkdayjobs.com/IMSHEALTH
workday,interoute/external,https://interoute.wd3.myworkdayjobs.com/external
workday,invisors/external,https://invisors.wd5.myworkdayjobs.com/External
workday,isg/isg,https://isg.wd3.myworkdayjobs.com/ISG
workday,invesco/intelliflo,https://invesco.wd1.myworkdayjobs.com/intelliflo
workday,jm/external,https://jm.wd3.myworkdayjobs.com/External
workday,ipacc/infinityinsurancecareers,https://ipacc.wd1.myworkdayjobs.com/infinityinsurancecareers
workday,kcumb/studentjobs,https://kcumb.wd1.myworkdayjobs.com/StudentJobs
workday,kci/external,https://kci.wd1.myworkdayjobs.com/External
workday,kwm/careers_kwm,https://kwm.wd105.myworkdayjobs.com/careers_kwm
workday,kardex/kardex,https://kardex.wd3.myworkdayjobs.com/Kardex
workday,interstatehotels/interstate_hotels_careers,https://interstatehotels.wd5.myworkdayjobs.com/Interstate_Hotels_Careers
workday,kcumb/jobs,https://kcumb.wd1.myworkdayjobs.com/Jobs
workday,ivanhoecambridge/carrieres,https://ivanhoecambridge.wd10.myworkdayjobs.com/Carrieres
workday,keppelom/komcareers,https://keppelom.wd3.myworkdayjobs.com/KOMCareers
workday,koerberscsoftware/koerber,https://koerberscsoftware.wd3.myworkdayjobs.com/Koerber
workday,kingston/1,https://kingston.wd1.myworkdayjobs.com/1
workday,kimcorealty/kimcocareers,https://kimcorealty.wd1.myworkdayjobs.com/KimcoCareers
workday,leaseplanusa/leaseplancareers,https://leaseplanusa.wd12.myworkdayjobs.com/LeasePlanCareers
workday,lilly/lly,https://lilly.wd5.myworkdayjobs.com/lly
workday,lesley/lesley_university_careers,https://lesley.wd1.myworkdayjobs.com/Lesley_University_Careers
workday,lilly/cmp,https://lilly.wd5.myworkdayjobs.com/cmp
workday,kohls/kohlscareers,https://kohls.wd1.myworkdayjobs.com/kohlscareers
workday,lakewood/careers,https://lakewood.wd1.myworkdayjobs.com/Careers
workday,lakelandhealth/external,https://lakelandhealth.wd5.myworkdayjobs.com/external
workday,lliheartmedia/externai_ihm,https://lliheartmedia.wd5.myworkdayjobs.com/ExternaI_iHM
workday,lliheartmedia/external_ihm,https://lliheartmedia.wd5.myworkdayjobs.com/External_iHM
workday,llihealtmedia/external_ihm,https://llihealtmedia.wd5.myworkdayjobs.com/External_iHM
workday,llihealimedia/external_ihm,https://llihealimedia.wd5.myworkdayjobs.com/External_iHM
workday,lord/lord_careers,https://lord.wd1.myworkdayjobs.com/LORD_careers
workday,lyten/lyten_external_career_site,https://lyten.wd5.myworkdayjobs.com/Lyten_External_Career_Site
workday,logmein/logmeincareers,https://logmein.wd5.myworkdayjobs.com/LogMeInCareers
workday,lliheatimedia/external_ihm,https://lliheatimedia.wd5.myworkdayjobs.com/External_iHM
workday,lobehold/search,https://lobehold.wd3.myworkdayjobs.com/Search
workday,mypath/mypathcareers,https://mypath.wd1.myworkdayjobs.com/mypathcareers
workday,liheartmedia/external_ihm,https://liheartmedia.wd5.myworkdayjobs.com/External_iHM
workday,medbase/medbase_jobs,https://medbase.wd3.myworkdayjobs.com/Medbase_jobs
workday,medivation/external,https://medivation.wd1.myworkdayjobs.com/External
workday,metabo/metabocareers,https://metabo.wd3.myworkdayjobs.com/metabocareers
workday,mtholyoke/external,https://mtholyoke.wd5.myworkdayjobs.com/External
workday,merit/merit,https://merit.wd1.myworkdayjobs.com/Merit
workday,michaelkors/michael_kors,https://michaelkors.wd1.myworkdayjobs.com/Michael_Kors
workday,marshall/marshall_fleet_solutions,https://marshall.wd103.myworkdayjobs.com/Marshall_Fleet_Solutions
workday,mygtcmi/gtc,https://mygtcmi.wd1.myworkdayjobs.com/GTC
workday,merrillcorp/merrill_careers,https://merrillcorp.wd1.myworkdayjobs.com/merrill_careers
workday,musinsa/musinsa_careers,https://musinsa.wd3.myworkdayjobs.com/MUSINSA_Careers
workday,nancial/abcfinancialservices,https://nancial.wd5.myworkdayjobs.com/ABCFinancialServices
workday,magnateworldwide/mww,https://magnateworldwide.wd5.myworkdayjobs.com/MWW
workday,naic/naic,https://naic.wd1.myworkdayjobs.com/NAIC
workday,mvminc/mvmcareers,https://mvminc.wd1.myworkdayjobs.com/mvmcareers
workday,minnstate/minnesota_state_careers,https://minnstate.wd1.myworkdayjobs.com/Minnesota_State_Careers
workday,mohegan/korea,https://mohegan.wd1.myworkdayjobs.com/Korea
workday,nance/external,https://nance.wd1.myworkdayjobs.com/External
workday,nen/mehilainen_careers,https://nen.wd103.myworkdayjobs.com/mehilainen_careers
workday,navcanada/ats_career,https://navcanada.wd3.myworkdayjobs.com/ATS_Career
workday,netease/neteasegroup,https://netease.wd3.myworkdayjobs.com/NetEasegroup
workday,nestor/nestor,https://nestor.wd10.myworkdayjobs.com/Nestor
workday,nextracker/nextracker_careers,https://nextracker.wd5.myworkdayjobs.com/nextracker_careers
workday,nyuhs/nyuhscareers1,https://nyuhs.wd1.myworkdayjobs.com/nyuhscareers1
workday,orangetheory/orangetheory,https://orangetheory.wd1.myworkdayjobs.com/orangetheory
workday,oath/careers,https://oath.wd5.myworkdayjobs.com/careers
workday,olympiawa/external,https://olympiawa.wd1.myworkdayjobs.com/External
workday,newsday/newsday,https://newsday.wd501.myworkdayjobs.com/newsday
workday,osv-amerisure/amerisure,https://osv-amerisure.wd5.myworkdayjobs.com/Amerisure
workday,osv-enterprise/enterprisebanktrust_jobs,https://osv-enterprise.wd1.myworkdayjobs.com/EnterpriseBankTrust_Jobs
workday,nemours/careers_at_nemours,https://nemours.wd1.myworkdayjobs.com/careers_at_nemours
workday,osv-chegg/usa,https://osv-chegg.wd5.myworkdayjobs.com/USA
workday,novitex/novitex_external_career_site,https://novitex.wd5.myworkdayjobs.com/Novitex_External_Career_Site
workday,osv-chegg/chegg,https://osv-chegg.wd5.myworkdayjobs.com/Chegg
workday,osv-chegg/internships,https://osv-chegg.wd5.myworkdayjobs.com/Internships
workday,osv-chegg/busuu,https://osv-chegg.wd5.myworkdayjobs.com/Busuu
workday,osv-a10networks/a10careersite,https://osv-a10networks.wd5.myworkdayjobs.com/A10CareerSite
workday,osv-bioventus/external,https://osv-bioventus.wd5.myworkdayjobs.com/External
workday,osv-edf/edf_external_careers,https://osv-edf.wd5.myworkdayjobs.com/EDF_External_Careers
workday,osv-bsb/bsb,https://osv-bsb.wd5.myworkdayjobs.com/BSB
workday,osv-edf/confidential,https://osv-edf.wd5.myworkdayjobs.com/Confidential
workday,osv-cfainstitute/careers,https://osv-cfainstitute.wd5.myworkdayjobs.com/Careers
workday,osv-chegg/israel,https://osv-chegg.wd5.myworkdayjobs.com/Israel
workday,osv-broadsoft/broadsoft,https://osv-broadsoft.wd5.myworkdayjobs.com/BroadSoft
workday,osv-enterprise/lanb_merger,https://osv-enterprise.wd1.myworkdayjobs.com/LANB_Merger
workday,ottoint/careers,https://ottoint.wd3.myworkdayjobs.com/careers
workday,osv-momentapharma/momentacareers,https://osv-momentapharma.wd1.myworkdayjobs.com/MomentaCareers
workday,osv-chc/careers-at-chc,https://osv-chc.wd5.myworkdayjobs.com/Careers-at-CHC
workday,osv-chegg/india,https://osv-chegg.wd5.myworkdayjobs.com/India
workday,osv-interpipeline/iplcareers,https://osv-interpipeline.wd5.myworkdayjobs.com/IPLCareers
workday,osv-tifec/fanthreesixty,https://osv-tifec.wd5.myworkdayjobs.com/FanThreeSixty
workday,osv-tifec/excolo,https://osv-tifec.wd5.myworkdayjobs.com/Excolo
workday,osv-tifec/sportingkc,https://osv-tifec.wd5.myworkdayjobs.com/sportingkc
workday,osv-msagroup/msagroup_careers,https://osv-msagroup.wd5.myworkdayjobs.com/MSAGROUP_Careers
workday,osv-howardhughes/howardhughes,https://osv-howardhughes.wd5.myworkdayjobs.com/HowardHughes
workday,osv-rtr/roomtoread,https://osv-rtr.wd5.myworkdayjobs.com/RoomToRead
workday,osv-firstunited/fubcareersite,https://osv-firstunited.wd5.myworkdayjobs.com/FUBCareersite
workday,osv-rubicon/magnitecareers,https://osv-rubicon.wd5.myworkdayjobs.com/MagniteCareers
workday,ornatx/orna_careers,https://ornatx.wd12.myworkdayjobs.com/Orna_Careers
workday,osv-wc/woodardcurran,https://osv-wc.wd5.myworkdayjobs.com/WoodardCurran
workday,osramcontinental/linkedin,https://osramcontinental.wd3.myworkdayjobs.com/LinkedIn
workday,osv-momentapharma/linkedin,https://osv-momentapharma.wd1.myworkdayjobs.com/LinkedIn
workday,outsystems/outsystems,https://outsystems.wd5.myworkdayjobs.com/OutSystems
workday,osv-cci/ccicareers,https://osv-cci.wd1.myworkdayjobs.com/CCICareers
workday,osv-accolade/external_careers,https://osv-accolade.wd5.myworkdayjobs.com/External_Careers
workday,pacbio/pacbio-,https://pacbio.wd1.myworkdayjobs.com/PacBio-
workday,owens/studentemployment,https://owens.wd1.myworkdayjobs.com/StudentEmployment
workday,pattern/pattern_careers,https://pattern.wd1.myworkdayjobs.com/Pattern_Careers
workday,polycom/external,https://polycom.wd1.myworkdayjobs.com/External
workday,peterpiperpizza/peterpiperpizza,https://peterpiperpizza.wd5.myworkdayjobs.com/PeterPiperPizza
workday,poshmark/poshmark_careers,https://poshmark.wd5.myworkdayjobs.com/Poshmark_Careers
workday,proteus/proteus,https://proteus.wd5.myworkdayjobs.com/Proteus
workday,phoebehealth/phoebehealth,https://phoebehealth.wd5.myworkdayjobs.com/phoebehealth
workday,purposebrands/purposebrands,https://purposebrands.wd1.myworkdayjobs.com/purposebrands
workday,promeritag/external_career_site,https://promeritag.wd3.myworkdayjobs.com/External_Career_Site
workday,prescryptive/prescryptive_health_external,https://prescryptive.wd5.myworkdayjobs.com/Prescryptive_Health_External
workday,promeritag/realright_external_career_site,https://promeritag.wd3.myworkdayjobs.com/Realright_External_Career_Site
workday,plexus/plexus_careers,https://plexus.wd5.myworkdayjobs.com/plexus_careers
workday,redcare/external,https://redcare.wd3.myworkdayjobs.com/External
workday,rban/urban-careers,https://rban.wd1.myworkdayjobs.com/Urban-Careers
workday,rentpath/rent_group_careers,https://rentpath.wd5.myworkdayjobs.com/Rent_Group_Careers
workday,redfin/redfin_careers,https://redfin.wd1.myworkdayjobs.com/redfin_careers
workday,retrophin/retrophincareers,https://retrophin.wd1.myworkdayjobs.com/RetrophinCareers
workday,regionalhealth/goldcareers,https://regionalhealth.wd1.myworkdayjobs.com/Goldcareers
workday,refinitiv/careers,https://refinitiv.wd5.myworkdayjobs.com/careers
workday,revantage/preferred_apartment_communities,https://revantage.wd1.myworkdayjobs.com/Preferred_Apartment_Communities
workday,revvity/external,https://revvity.wd1.myworkdayjobs.com/External
workday,redwood/rwcareers,https://redwood.wd1.myworkdayjobs.com/RWCareers
workday,revantage/livcor,https://revantage.wd1.myworkdayjobs.com/LivCor
workday,risepoint/risepoint,https://risepoint.wd5.myworkdayjobs.com/Risepoint
workday,rosettastone/rosetta_stone,https://rosettastone.wd5.myworkdayjobs.com/Rosetta_Stone
workday,sbgi/dsg,https://sbgi.wd5.myworkdayjobs.com/DSG
workday,scottrade/scottradecareers,https://scottrade.wd1.myworkdayjobs.com/ScottradeCareers
workday,sbgi/bsc,https://sbgi.wd5.myworkdayjobs.com/BSC
workday,rstfcu/careers,https://rstfcu.wd5.myworkdayjobs.com/Careers
workday,saintfrancis/external,https://saintfrancis.wd1.myworkdayjobs.com/External
workday,schoolsfirstfcu/careers,https://schoolsfirstfcu.wd5.myworkdayjobs.com/Careers
workday,rstam/%ef%ac%81rstamericancareers,https://rstam.wd1.myworkdayjobs.com/%EF%AC%81rstamericancareers
workday,servicemaster/copesan,https://servicemaster.wd1.myworkdayjobs.com/copesan
workday,seagate/ext,https://seagate.wd1.myworkdayjobs.com/EXT
workday,shi/stratascalecareers,https://shi.wd12.myworkdayjobs.com/stratascalecareers
workday,servicemaster/servicemaster,https://servicemaster.wd1.myworkdayjobs.com/servicemaster
workday,quibi/quibicareers,https://quibi.wd5.myworkdayjobs.com/quibicareers
workday,servicemaster/terminix,https://servicemaster.wd1.myworkdayjobs.com/terminix
workday,sekologistics/seko_logistics,https://sekologistics.wd5.myworkdayjobs.com/Seko_Logistics
workday,shire/takeda_shire_internal_jobs,https://shire.wd5.myworkdayjobs.com/Takeda_Shire_Internal_Jobs
workday,servicemaster/merrymaids,https://servicemaster.wd1.myworkdayjobs.com/merrymaids
workday,sibelco/sibelco-careers,https://sibelco.wd3.myworkdayjobs.com/Sibelco-Careers
workday,sallie-mae/careers,https://sallie-mae.wd5.myworkdayjobs.com/Careers
workday,smt/external_career_site,https://smt.wd3.myworkdayjobs.com/External_Career_Site
workday,shire/external,https://shire.wd5.myworkdayjobs.com/External
workday,shl/shl_careers,https://shl.wd3.myworkdayjobs.com/SHL_Careers
workday,sity/careers,https://sity.wd103.myworkdayjobs.com/Careers
workday,silfex/silfex,https://silfex.wd1.myworkdayjobs.com/Silfex
workday,solarcity/01,https://solarcity.wd1.myworkdayjobs.com/01
workday,sni/scrippsnetworksinteractivecareers,https://sni.wd5.myworkdayjobs.com/ScrippsNetworksInteractiveCareers
workday,solina/sol_ext_car,https://solina.wd3.myworkdayjobs.com/Sol_ext_car
workday,sp/bgea-sp-internships,https://sp.wd1.myworkdayjobs.com/BGEA-SP-Internships
workday,storaenso/stora_enso_site_opportunities,https://storaenso.wd3.myworkdayjobs.com/Stora_Enso_site_opportunities
workday,soundunited/external,https://soundunited.wd1.myworkdayjobs.com/External
workday,son/nebraskastatecareers,https://son.wd1.myworkdayjobs.com/NebraskaStateCareers
workday,specialtys/specialtys,https://specialtys.wd5.myworkdayjobs.com/specialtys
workday,stanfordhealthcare/shc_external_career_site,https://stanfordhealthcare.wd5.myworkdayjobs.com/shc_external_career_site
workday,sp/internships,https://sp.wd1.myworkdayjobs.com/internships
workday,standoutforgood/standoutforgood,https://standoutforgood.wd1.myworkdayjobs.com/StandOutForGood
workday,sp/samaritanspursecareers,https://sp.wd1.myworkdayjobs.com/samaritanspursecareers
workday,stevenstransport/stevenstransportinc,https://stevenstransport.wd5.myworkdayjobs.com/stevenstransportinc
workday,ssq/ssqsite_carriere,https://ssq.wd10.myworkdayjobs.com/SSQSite_carriere
workday,storaenso/temporary_internal_site,https://storaenso.wd3.myworkdayjobs.com/Temporary_Internal_Site
workday,socure/socurecareers,https://socure.wd1.myworkdayjobs.com/SocureCareers
workday,soundcloud/scc,https://soundcloud.wd3.myworkdayjobs.com/SCC
workday,stord/stord_external_career,https://stord.wd5.myworkdayjobs.com/Stord_External_Career
workday,symantec/university,https://symantec.wd1.myworkdayjobs.com/university
workday,symantec/careers,https://symantec.wd1.myworkdayjobs.com/careers
workday,surveysampling/researchnowssicareers,https://surveysampling.wd1.myworkdayjobs.com/researchnowssicareers
workday,stock/overstock_careers,https://stock.wd5.myworkdayjobs.com/Overstock_Careers
workday,tableau/external,https://tableau.wd1.myworkdayjobs.com/External
workday,tci/toyota_ca,https://tci.wd5.myworkdayjobs.com/Toyota_CA
workday,tcbrands/topgolfcareers,https://tcbrands.wd1.myworkdayjobs.com/TopgolfCareers
workday,svsu/external,https://svsu.wd5.myworkdayjobs.com/External
workday,the-hartford/careers_restricted,https://the-hartford.wd5.myworkdayjobs.com/Careers_Restricted
workday,timeinc/equest,https://timeinc.wd5.myworkdayjobs.com/eQuest
workday,timeinc/careers,https://timeinc.wd5.myworkdayjobs.com/Careers
workday,trading/edftrading,https://trading.wd1.myworkdayjobs.com/EDFTrading
workday,tru/tru-jobs,https://tru.wd5.myworkdayjobs.com/TRU-Jobs
workday,uniphore/uniphore,https://uniphore.wd1.myworkdayjobs.com/Uniphore
workday,tihinsurance/tih_careers,https://tihinsurance.wd1.myworkdayjobs.com/TIH_Careers
workday,ubiquity/ubiquity,https://ubiquity.wd1.myworkdayjobs.com/UBIQUITY
workday,truist/crump,https://truist.wd1.myworkdayjobs.com/Crump
workday,tmhcc/oncallint_external,https://tmhcc.wd1.myworkdayjobs.com/OnCallInt_External
workday,truist/mis,https://truist.wd1.myworkdayjobs.com/MIS
workday,truist/crc,https://truist.wd1.myworkdayjobs.com/CRC
workday,ufpi/ufpi,https://ufpi.wd1.myworkdayjobs.com/ufpi
workday,traveloka/traveloka,https://traveloka.wd3.myworkdayjobs.com/Traveloka
workday,valorhospitality/who-we-are,https://valorhospitality.wd1.myworkdayjobs.com/who-we-are
workday,veristat/veristatcareers,https://veristat.wd1.myworkdayjobs.com/Veristatcareers
workday,valleyhealthlink/valleyhealthcareers,https://valleyhealthlink.wd5.myworkdayjobs.com/valleyhealthcareers
workday,umuc/umuc_careers,https://umuc.wd1.myworkdayjobs.com/UMUC_Careers
workday,unifrax/unifrax,https://unifrax.wd5.myworkdayjobs.com/Unifrax
workday,var-ian/mobilitysupport,https://var-ian.wd5.myworkdayjobs.com/MobilitySupport
workday,veitusa/veit,https://veitusa.wd5.myworkdayjobs.com/Veit
workday,vetsource/vetsource_careers,https://vetsource.wd1.myworkdayjobs.com/vetsource_careers
workday,vhr-atlantahousing/external,https://vhr-atlantahousing.wd1.myworkdayjobs.com/External
workday,vha/vizient_careers,https://vha.wd1.myworkdayjobs.com/Vizient_Careers
workday,vhr-otsuka/externaljnti,https://vhr-otsuka.wd1.myworkdayjobs.com/ExternalJNTI
workday,vhr-ossur/ossurcareersiceland,https://vhr-ossur.wd5.myworkdayjobs.com/OssurCareersIceland
workday,vhr-otsuka/bonafide,https://vhr-otsuka.wd1.myworkdayjobs.com/Bonafide
workday,vhr-otsuka/pharmavite,https://vhr-otsuka.wd1.myworkdayjobs.com/Pharmavite
workday,vhr-osvhr/osv_external_career_site,https://vhr-osvhr.wd1.myworkdayjobs.com/OSV_External_Career_Site
workday,vhr-jazz/jazzpharmaceuticals,https://vhr-jazz.wd1.myworkdayjobs.com/JazzPharmaceuticals
workday,vhr-otsuka/external,https://vhr-otsuka.wd1.myworkdayjobs.com/External
workday,vhr-otsuka/japan_external_career_site_opc,https://vhr-otsuka.wd1.myworkdayjobs.com/Japan_External_Career_Site_OPC
workday,vhr-otsuka/ridgeexternal,https://vhr-otsuka.wd1.myworkdayjobs.com/RidgeExternal
workday,vhr-intellectualventures/intellectualventures,https://vhr-intellectualventures.wd1.myworkdayjobs.com/intellectualventures
workday,vhr-pbs/pbscareers,https://vhr-pbs.wd115.myworkdayjobs.com/PBSCareers
workday,vhr-genband/ribboncareers,https://vhr-genband.wd1.myworkdayjobs.com/ribboncareers
workday,vhr-otsuka/recorexternal,https://vhr-otsuka.wd1.myworkdayjobs.com/RecorExternal
workday,vhr-epri/epricareers,https://vhr-epri.wd1.myworkdayjobs.com/epricareers
workday,vhr-ringcontainer/ring_careers,https://vhr-ringcontainer.wd1.myworkdayjobs.com/Ring_Careers
workday,viewpoint/viewpoint,https://viewpoint.wd5.myworkdayjobs.com/Viewpoint
workday,vhr-orbis/orbis_careers,https://vhr-orbis.wd3.myworkdayjobs.com/Orbis_Careers
workday,vzbuilders/careers,https://vzbuilders.wd5.myworkdayjobs.com/careers
workday,vhr-unither/external,https://vhr-unither.wd5.myworkdayjobs.com/External
workday,weis/careers,https://weis.wd1.myworkdayjobs.com/careers
workday,vivintsolar/vslr_careers,https://vivintsolar.wd1.myworkdayjobs.com/VSLR_Careers
workday,whitewave/whitewave_foods_careers,https://whitewave.wd1.myworkdayjobs.com/WhiteWave_Foods_Careers
workday,yle/external,https://yle.wd3.myworkdayjobs.com/External
workday,wayswater/external,https://wayswater.wd5.myworkdayjobs.com/External
workday,webcor/webcor,https://webcor.wd5.myworkdayjobs.com/webcor
workday,xpedx/veritivcareers-canada,https://xpedx.wd5.myworkdayjobs.com/VeritivCareers-Canada
workday,whmc/careers,https://whmc.wd5.myworkdayjobs.com/Careers
workday,vhr-wescom/wescomcareers,https://vhr-wescom.wd5.myworkdayjobs.com/WescomCareers
workday,xpedx/veritivcareers,https://xpedx.wd5.myworkdayjobs.com/VeritivCareers
workday,wth/wth,https://wth.wd1.myworkdayjobs.com/WTH
workday,wmt/wmtrecruiting,https://wmt.wd1.myworkdayjobs.com/wmtrecruiting
workday,x/external_careers,https://x.wd1.myworkdayjobs.com/External_Careers
workday,zer/p%ef%ac%81zercareers,https://zer.wd1.myworkdayjobs.com/P%EF%AC%81zerCareers
workday,yorkrsg/yorkriskservices,https://yorkrsg.wd5.myworkdayjobs.com/YorkRiskServices
workday,walmart/non-workdayinternal,https://walmart.wd5.myworkdayjobs.com/non-workdayinternal
