Company,Company Stub,URL,Comment
abnormalsecurity,abnormalsecurity,https://boards.greenhouse.io/abnormalsecurity,
Adyen,adyen,https://boards.greenhouse.io/adyen,
aegworldwide,aegworldwide,https://boards.greenhouse.io/aegworldwide,
Affirm,affirm,https://boards.greenhouse.io/affirm,
agilityrobotics,agilityrobotics,https://boards.greenhouse.io/agilityrobotics,
andurilindustries,andurilindustries,https://boards.greenhouse.io/andurilindustries,
appsflyer,appsflyer,https://boards.greenhouse.io/appsflyer,
aurorainnovation,aurorainnovation,https://boards.greenhouse.io/aurorainnovation,
bitwarden,bitwarden,https://boards.greenhouse.io/bitwarden,
bradken,bradken,https://boards.greenhouse.io/bradken,
bugcrowd,bugcrowd,https://boards.greenhouse.io/bugcrowd,
cerebras,cerebras,https://boards.greenhouse.io/cerebras,
chargepoint,chargepoint,https://boards.greenhouse.io/chargepoint,
chime,chime,https://boards.greenhouse.io/chime,
Clariti Cloud Inc.,clariticloudinc,https://boards.greenhouse.io/clariticloudinc,
cloudflare,cloudflare,https://boards.greenhouse.io/cloudflare,
cognite,cognite,https://boards.greenhouse.io/cognite,
coinbase,coinbase,https://boards.greenhouse.io/coinbase,
cordial81,cordial81,https://boards.greenhouse.io/cordial81,
coupang,coupang,https://boards.greenhouse.io/coupang,
crunchyroll,crunchyroll,https://boards.greenhouse.io/crunchyroll,
databricks,databricks,https://boards.greenhouse.io/databricks,
datadog,datadog,https://boards.greenhouse.io/datadog,
dataminr,dataminr,https://boards.greenhouse.io/dataminr,
Diligent Corporation,diligentcorporation,https://boards.greenhouse.io/diligentcorporation,
DoorDash USA,doordashcanada,https://boards.greenhouse.io/doordashcanada,
DoorDash USA,doordashusa,https://boards.greenhouse.io/doordashusa,
dropbox,dropbox,https://boards.greenhouse.io/dropbox,
efihr,efihr,https://boards.greenhouse.io/efihr,
Encora,encora10,https://boards.greenhouse.io/encora10,
epicgames,epicgames,https://boards.greenhouse.io/epicgames,
esri,esri,https://boards.greenhouse.io/esri,
ezinc,ezinc,https://boards.greenhouse.io/ezinc,
fanduel,fanduel,https://boards.greenhouse.io/fanduel,
figma,figma,https://boards.greenhouse.io/figma,
form3,form3,https://boards.greenhouse.io/form3,
fundraiseup,fundraiseup,https://boards.greenhouse.io/fundraiseup,
Garner Health,garnerhealth,https://boards.greenhouse.io/garnerhealth,
genedx,genedx,https://boards.greenhouse.io/genedx,
Gymshark,gymshark,https://boards.greenhouse.io/gymshark,
highmetric,highmetric,https://boards.greenhouse.io/highmetric,
himarley,himarley,https://boards.greenhouse.io/himarley,
hootsuite,hootsuite,https://boards.greenhouse.io/hootsuite,
hubspotjobs,hubspotjobs,https://boards.greenhouse.io/hubspotjobs,
inariagriculture,inariagriculture,https://boards.greenhouse.io/inariagriculture,
instacart,instacart,https://boards.greenhouse.io/instacart,
instrinsicrobotics,instrinsicrobotics,https://boards.greenhouse.io/instrinsicrobotics,
inter,inter,https://boards.greenhouse.io/inter,
Isar Aerospace SE,isaraerospace,https://boards.greenhouse.io/isaraerospace,
ithaka,ithaka,https://boards.greenhouse.io/ithaka,
jumo,jumo,https://boards.greenhouse.io/jumo,
liftoff,liftoff,https://boards.greenhouse.io/liftoff,
lightmatter,lightmatter,https://boards.greenhouse.io/lightmatter,
lighttricks,lighttricks,https://boards.greenhouse.io/lighttricks,
lyft,lyft,https://boards.greenhouse.io/lyft,
mark43,mark43,https://boards.greenhouse.io/mark43,
mewssystems,mewssystems,https://boards.greenhouse.io/mewssystems,
mongodb,mongodb,https://boards.greenhouse.io/mongodb,
nebius,nebius,https://boards.greenhouse.io/nebius,
neuralink,neuralink,https://boards.greenhouse.io/neuralink,
nice,nice,https://boards.greenhouse.io/nice,
OKX,okx,https://boards.greenhouse.io/okx,
planetscale,planetscale,https://boards.greenhouse.io/planetscale,
PolyAI,polyai,https://boards.greenhouse.io/polyai,
Postman,postman,https://boards.greenhouse.io/postman,
Process Street,processstreet,https://boards.greenhouse.io/processstreet,
relativity,relativity,https://boards.greenhouse.io/relativity,
remotetcx,remotetcx,https://boards.greenhouse.io/remotetcx,
ridgeline,ridgeline,https://boards.greenhouse.io/ridgeline,
ripple,ripple,https://boards.greenhouse.io/ripple,
robinhood,robinhood,https://boards.greenhouse.io/robinhood,
rqdclearing,rqdclearing,https://boards.greenhouse.io/rqdclearing,
saltsecurity,saltsecurity,https://boards.greenhouse.io/saltsecurity,
saltup,saltup,https://boards.greenhouse.io/saltup,
sesai,sesai,https://boards.greenhouse.io/sesai,
skillzinc,skillzinc,https://boards.greenhouse.io/skillzinc,
sofi,sofi,https://boards.greenhouse.io/sofi,
spacex,spacex,https://boards.greenhouse.io/spacex,
SPARETECH,sparetech,https://boards.greenhouse.io/sparetech,
stitchfix,stitchfix,https://boards.greenhouse.io/stitchfix,
suitsupply,suitsupply,https://boards.greenhouse.io/suitsupply,
sumpup,sumpup,https://boards.greenhouse.io/sumpup,
syndio,syndio,https://boards.greenhouse.io/syndio,
toast,toast,https://boards.greenhouse.io/toast,
trustpilot,trustpilot,https://boards.greenhouse.io/trustpilot,
vast,vast,https://boards.greenhouse.io/vast,
wayve,wayve,https://boards.greenhouse.io/wayve,
zoo,zoo,https://boards.greenhouse.io/zoo,
zuora,zuora,https://boards.greenhouse.io/zuora,
