slug,url,n_sources,sources
aa020,aa020.taleo.net,1,Masterjx9-OpenPostings
aa067,aa067.taleo.net,1,Masterjx9-OpenPostings
aa080,aa080.taleo.net,1,Masterjx9-OpenPostings
aa083,aa083.taleo.net,1,Masterjx9-OpenPostings
aa115,aa115.taleo.net,1,Masterjx9-OpenPostings
aa142,aa142.taleo.net,1,Masterjx9-OpenPostings
aa165,aa165.taleo.net,1,Masterjx9-OpenPostings
aa210,aa210.taleo.net,1,Masterjx9-OpenPostings
aa224,aa224.taleo.net,1,Masterjx9-OpenPostings
aa243,aa243.taleo.net,1,Masterjx9-OpenPostings
aa270,aa270.taleo.net,1,Masterjx9-OpenPostings
aa287,aa287.taleo.net,1,Masterjx9-OpenPostings
aa308,aa308.taleo.net,1,Masterjx9-OpenPostings
aa328,aa328.taleo.net,1,Masterjx9-OpenPostings
aa333,aa333.taleo.net,1,Masterjx9-OpenPostings
aarcorp,aarcorp.taleo.net,1,Masterjx9-OpenPostings
acthealth,acthealth.taleo.net,1,Masterjx9-OpenPostings
adb,adb.taleo.net,1,Masterjx9-OpenPostings
adibegypt,adibegypt.taleo.net,1,Masterjx9-OpenPostings
agnicoeagle,agnicoeagle.taleo.net,1,Masterjx9-OpenPostings
aicpa,aicpa.taleo.net,1,Masterjx9-OpenPostings
aircanada,aircanada.taleo.net,1,Masterjx9-OpenPostings
aku,aku.taleo.net,1,Masterjx9-OpenPostings
albertahs,albertahs.taleo.net,1,Masterjx9-OpenPostings
alsea,alsea.taleo.net,1,Masterjx9-OpenPostings
ansell,ansell.taleo.net,1,Masterjx9-OpenPostings
arabbank,arabbank.taleo.net,1,Masterjx9-OpenPostings
ardent,ardent.taleo.net,1,Masterjx9-OpenPostings
arupjobs,arupjobs.taleo.net,1,Masterjx9-OpenPostings
atkcareers,atkcareers.taleo.net,1,Masterjx9-OpenPostings
autozone,autozone.taleo.net,1,Masterjx9-OpenPostings
awac,awac.taleo.net,1,Masterjx9-OpenPostings
axp,axp.taleo.net,1,Masterjx9-OpenPostings
azadea,azadea.taleo.net,1,Masterjx9-OpenPostings
baesystems,baesystems.taleo.net,1,Masterjx9-OpenPostings
baptistfirst,baptistfirst.taleo.net,1,Masterjx9-OpenPostings
baptisthlth,baptisthlth.taleo.net,1,Masterjx9-OpenPostings
bayshore,bayshore.taleo.net,1,Masterjx9-OpenPostings
bombardier,bombardier.taleo.net,1,Masterjx9-OpenPostings
bracbank,bracbank.taleo.net,1,Masterjx9-OpenPostings
bswhealth,bswhealth.taleo.net,1,Masterjx9-OpenPostings
burnsmcdonn,burnsmcdonn.taleo.net,1,Masterjx9-OpenPostings
bwcareers,bwcareers.taleo.net,1,Masterjx9-OpenPostings
caegypt,caegypt.taleo.net,1,Masterjx9-OpenPostings
campofriofg,campofriofg.taleo.net,1,Masterjx9-OpenPostings
capecodhc,capecodhc.taleo.net,1,Masterjx9-OpenPostings
capps,capps.taleo.net,1,Masterjx9-OpenPostings
cbd,cbd.taleo.net,1,Masterjx9-OpenPostings
cbe,cbe.taleo.net,1,Masterjx9-OpenPostings
cccconnect,cccconnect.taleo.net,1,Masterjx9-OpenPostings
ccsd,ccsd.taleo.net,1,Masterjx9-OpenPostings
cfopitt,cfopitt.taleo.net,1,Masterjx9-OpenPostings
chicago,chicago.taleo.net,1,Masterjx9-OpenPostings
chicagotransit,chicagotransit.taleo.net,1,Masterjx9-OpenPostings
chn,chn.taleo.net,1,Masterjx9-OpenPostings
cibeg,cibeg.taleo.net,1,Masterjx9-OpenPostings
cinfin,cinfin.taleo.net,1,Masterjx9-OpenPostings
cityofnorthlasvegas,cityofnorthlasvegas.taleo.net,1,Masterjx9-OpenPostings
ciusssemtl,ciusssemtl.taleo.net,1,Masterjx9-OpenPostings
cnhs,cnhs.taleo.net,1,Masterjx9-OpenPostings
colum,colum.taleo.net,1,Masterjx9-OpenPostings
cookcountyil,cookcountyil.taleo.net,1,Masterjx9-OpenPostings
cpsk12il,cpsk12il.taleo.net,1,Masterjx9-OpenPostings
crowley,crowley.taleo.net,1,Masterjx9-OpenPostings
cu,cu.taleo.net,1,Masterjx9-OpenPostings
cuhk,cuhk.taleo.net,1,Masterjx9-OpenPostings
cwt,cwt.taleo.net,1,Masterjx9-OpenPostings
daimler,daimler.taleo.net,1,Masterjx9-OpenPostings
dasstateoh,dasstateoh.taleo.net,1,Masterjx9-OpenPostings
drhorton,drhorton.taleo.net,1,Masterjx9-OpenPostings
dubaiholding,dubaiholding.taleo.net,1,Masterjx9-OpenPostings
durham,durham.taleo.net,1,Masterjx9-OpenPostings
eani,eani.taleo.net,1,Masterjx9-OpenPostings
easyjet,easyjet.taleo.net,1,Masterjx9-OpenPostings
edc,edc.taleo.net,1,Masterjx9-OpenPostings
edmonton,edmonton.taleo.net,1,Masterjx9-OpenPostings
ekkanoo,ekkanoo.taleo.net,1,Masterjx9-OpenPostings
elsewedyelectric,elsewedyelectric.taleo.net,1,Masterjx9-OpenPostings
encompasshealth,encompasshealth.taleo.net,1,Masterjx9-OpenPostings
energytransfer,energytransfer.taleo.net,1,Masterjx9-OpenPostings
epco,epco.taleo.net,1,Masterjx9-OpenPostings
equitable,equitable.taleo.net,1,Masterjx9-OpenPostings
equitybank,equitybank.taleo.net,1,Masterjx9-OpenPostings
erlanger,erlanger.taleo.net,1,Masterjx9-OpenPostings
eslseet,eslseet.taleo.net,1,Masterjx9-OpenPostings
etisalatmisr,etisalatmisr.taleo.net,1,Masterjx9-OpenPostings
evergy,evergy.taleo.net,1,Masterjx9-OpenPostings
fa007,fa007.taleo.net,1,Masterjx9-OpenPostings
fa009,fa009.taleo.net,1,Masterjx9-OpenPostings
fao,fao.taleo.net,1,Masterjx9-OpenPostings
followmont,followmont.taleo.net,1,Masterjx9-OpenPostings
frbog,frbog.taleo.net,1,Masterjx9-OpenPostings
gb-corporation,gb-corporation.taleo.net,1,Masterjx9-OpenPostings
gecareers,gecareers.taleo.net,1,Masterjx9-OpenPostings
genpact,genpact.taleo.net,1,Masterjx9-OpenPostings
ghabbour,ghabbour.taleo.net,1,Masterjx9-OpenPostings
gmh,gmh.taleo.net,1,Masterjx9-OpenPostings
govskpsc,govskpsc.taleo.net,1,Masterjx9-OpenPostings
govvg,govvg.taleo.net,1,Masterjx9-OpenPostings
groupeseb,groupeseb.taleo.net,1,Masterjx9-OpenPostings
gsu,gsu.taleo.net,1,Masterjx9-OpenPostings
ha,ha.taleo.net,1,Masterjx9-OpenPostings
harristeeter,harristeeter.taleo.net,1,Masterjx9-OpenPostings
hccs,hccs.taleo.net,1,Masterjx9-OpenPostings
hcmc,hcmc.taleo.net,1,Masterjx9-OpenPostings
hdr,hdr.taleo.net,1,Masterjx9-OpenPostings
healthnswgov,healthnswgov.taleo.net,1,Masterjx9-OpenPostings
healthsouth,healthsouth.taleo.net,1,Masterjx9-OpenPostings
henryford,henryford.taleo.net,1,Masterjx9-OpenPostings
hhccareers,hhccareers.taleo.net,1,Masterjx9-OpenPostings
hhsc,hhsc.taleo.net,1,Masterjx9-OpenPostings
hilton,hilton.taleo.net,1,Masterjx9-OpenPostings
hkmu,hkmu.taleo.net,1,Masterjx9-OpenPostings
homegroup,homegroup.taleo.net,1,Masterjx9-OpenPostings
humber,humber.taleo.net,1,Masterjx9-OpenPostings
hyatt,hyatt.taleo.net,1,Masterjx9-OpenPostings
hyundaicapital,hyundaicapital.taleo.net,1,Masterjx9-OpenPostings
iaea,iaea.taleo.net,1,Masterjx9-OpenPostings
iamgold,iamgold.taleo.net,1,Masterjx9-OpenPostings
ibxhome,ibxhome.taleo.net,1,Masterjx9-OpenPostings
incresearch,incresearch.taleo.net,1,Masterjx9-OpenPostings
inl,inl.taleo.net,1,Masterjx9-OpenPostings
iworkfornsw,iworkfornsw.taleo.net,1,Masterjx9-OpenPostings
jacobs,jacobs.taleo.net,1,Masterjx9-OpenPostings
jazz,jazz.taleo.net,1,Masterjx9-OpenPostings
jobsnsw,jobsnsw.taleo.net,1,Masterjx9-OpenPostings
justenergy,justenergy.taleo.net,1,Masterjx9-OpenPostings
kearney,kearney.taleo.net,1,Masterjx9-OpenPostings
kindred,kindred.taleo.net,1,Masterjx9-OpenPostings
kp,kp.taleo.net,1,Masterjx9-OpenPostings
kpmgza,kpmgza.taleo.net,1,Masterjx9-OpenPostings
lbl,lbl.taleo.net,1,Masterjx9-OpenPostings
lbrands,lbrands.taleo.net,1,Masterjx9-OpenPostings
lockton,lockton.taleo.net,1,Masterjx9-OpenPostings
mainline,mainline.taleo.net,1,Masterjx9-OpenPostings
manpower,manpower.taleo.net,1,Masterjx9-OpenPostings
manpowergroup,manpowergroup.taleo.net,1,Masterjx9-OpenPostings
marcuscorp,marcuscorp.taleo.net,1,Masterjx9-OpenPostings
massanf,massanf.taleo.net,1,Masterjx9-OpenPostings
mch,mch.taleo.net,1,Masterjx9-OpenPostings
mclarenhlth,mclarenhlth.taleo.net,1,Masterjx9-OpenPostings
mcps,mcps.taleo.net,1,Masterjx9-OpenPostings
mdanderson,mdanderson.taleo.net,1,Masterjx9-OpenPostings
memorialcare,memorialcare.taleo.net,1,Masterjx9-OpenPostings
mlcinsurance,mlcinsurance.taleo.net,1,Masterjx9-OpenPostings
mlgw,mlgw.taleo.net,1,Masterjx9-OpenPostings
molgroup,molgroup.taleo.net,1,Masterjx9-OpenPostings
mossadams,mossadams.taleo.net,1,Masterjx9-OpenPostings
mtr,mtr.taleo.net,1,Masterjx9-OpenPostings
mtstatejobs,mtstatejobs.taleo.net,1,Masterjx9-OpenPostings
nabors,nabors.taleo.net,1,Masterjx9-OpenPostings
nato,nato.taleo.net,1,Masterjx9-OpenPostings
nbe,nbe.taleo.net,1,Masterjx9-OpenPostings
neimanmarcus,neimanmarcus.taleo.net,1,Masterjx9-OpenPostings
nexcom,nexcom.taleo.net,1,Masterjx9-OpenPostings
orangecameroun,orangecameroun.taleo.net,1,Masterjx9-OpenPostings
otago,otago.taleo.net,1,Masterjx9-OpenPostings
ou,ou.taleo.net,1,Masterjx9-OpenPostings
percepta,percepta.taleo.net,1,Masterjx9-OpenPostings
pmu,pmu.taleo.net,1,Masterjx9-OpenPostings
praxair,praxair.taleo.net,1,Masterjx9-OpenPostings
pruitthealth,pruitthealth.taleo.net,1,Masterjx9-OpenPostings
pruitthealthcareers,pruitthealthcareers.taleo.net,1,Masterjx9-OpenPostings
qrcareers,qrcareers.taleo.net,1,Masterjx9-OpenPostings
racq,racq.taleo.net,1,Masterjx9-OpenPostings
radware,radware.taleo.net,1,Masterjx9-OpenPostings
raymondjames,raymondjames.taleo.net,1,Masterjx9-OpenPostings
rossstores,rossstores.taleo.net,1,Masterjx9-OpenPostings
s01ha,s01ha.taleo.net,1,Masterjx9-OpenPostings
s02dasstateoh,s02dasstateoh.taleo.net,1,Masterjx9-OpenPostings
schneider,schneider.taleo.net,1,Masterjx9-OpenPostings
schneiderele,schneiderele.taleo.net,1,Masterjx9-OpenPostings
scpmg,scpmg.taleo.net,1,Masterjx9-OpenPostings
scripps,scripps.taleo.net,1,Masterjx9-OpenPostings
segalco,segalco.taleo.net,1,Masterjx9-OpenPostings
shp,shp.taleo.net,1,Masterjx9-OpenPostings
smu,smu.taleo.net,1,Masterjx9-OpenPostings
smucareers,smucareers.taleo.net,1,Masterjx9-OpenPostings
socgen,socgen.taleo.net,1,Masterjx9-OpenPostings
sraco,sraco.taleo.net,1,Masterjx9-OpenPostings
stanford,stanford.taleo.net,1,Masterjx9-OpenPostings
stantec,stantec.taleo.net,1,Masterjx9-OpenPostings
starbucks,starbucks.taleo.net,1,Masterjx9-OpenPostings
stckw,stckw.taleo.net,1,Masterjx9-OpenPostings
stgcognizant,stgcognizant.taleo.net,1,Masterjx9-OpenPostings
stgcpsk12il,stgcpsk12il.taleo.net,1,Masterjx9-OpenPostings
stgmassanf,stgmassanf.taleo.net,1,Masterjx9-OpenPostings
stgupmcjobs,stgupmcjobs.taleo.net,1,Masterjx9-OpenPostings
stonybrooku,stonybrooku.taleo.net,1,Masterjx9-OpenPostings
suncoastresc,suncoastresc.taleo.net,1,Masterjx9-OpenPostings
supervalu,supervalu.taleo.net,1,Masterjx9-OpenPostings
tampaairport,tampaairport.taleo.net,1,Masterjx9-OpenPostings
tas-adhbrac,tas-adhbrac.taleo.net,1,Masterjx9-OpenPostings
tas-daimler,tas-daimler.taleo.net,1,Masterjx9-OpenPostings
tas-hyatt,tas-hyatt.taleo.net,1,Masterjx9-OpenPostings
tas-tgh,tas-tgh.taleo.net,1,Masterjx9-OpenPostings
tatweer,tatweer.taleo.net,1,Masterjx9-OpenPostings
tbc,tbc.taleo.net,1,Masterjx9-OpenPostings
tbe,tbe.taleo.net,3,Masterjx9-OpenPostings;andreasasprou-ats-finder;kalil0321-ats-companies
tcnj,tcnj.taleo.net,1,Masterjx9-OpenPostings
teletech,teletech.taleo.net,1,Masterjx9-OpenPostings
temple,temple.taleo.net,1,Masterjx9-OpenPostings
tenet,tenet.taleo.net,1,Masterjx9-OpenPostings
tetratech,tetratech.taleo.net,1,Masterjx9-OpenPostings
texashealth,texashealth.taleo.net,1,Masterjx9-OpenPostings
textron,textron.taleo.net,1,Masterjx9-OpenPostings
tfl,tfl.taleo.net,1,Masterjx9-OpenPostings
tgh,tgh.taleo.net,1,Masterjx9-OpenPostings
towson,towson.taleo.net,1,Masterjx9-OpenPostings
trinity,trinity.taleo.net,1,Masterjx9-OpenPostings
trnaxp,trnaxp.taleo.net,1,Masterjx9-OpenPostings
ttcareers,ttcareers.taleo.net,1,Masterjx9-OpenPostings
ttec,ttec.taleo.net,1,Masterjx9-OpenPostings
tuhs,tuhs.taleo.net,1,Masterjx9-OpenPostings
uab,uab.taleo.net,1,Masterjx9-OpenPostings
ual-pro,ual-pro.taleo.net,1,Masterjx9-OpenPostings
ugl,ugl.taleo.net,1,Masterjx9-OpenPostings
uhg,uhg.taleo.net,1,Masterjx9-OpenPostings
uhhospitals,uhhospitals.taleo.net,1,Masterjx9-OpenPostings
uiowa,uiowa.taleo.net,1,Masterjx9-OpenPostings
umb,umb.taleo.net,1,Masterjx9-OpenPostings
unifirst,unifirst.taleo.net,1,Masterjx9-OpenPostings
uofmo,uofmo.taleo.net,1,Masterjx9-OpenPostings
upmcjobs,upmcjobs.taleo.net,1,Masterjx9-OpenPostings
ura,ura.taleo.net,1,Masterjx9-OpenPostings
uth,uth.taleo.net,1,Masterjx9-OpenPostings
uthscsa,uthscsa.taleo.net,1,Masterjx9-OpenPostings
utsw,utsw.taleo.net,1,Masterjx9-OpenPostings
valero,valero.taleo.net,1,Masterjx9-OpenPostings
virtusa,virtusa.taleo.net,1,Masterjx9-OpenPostings
vontier,vontier.taleo.net,1,Masterjx9-OpenPostings
vsco,vsco.taleo.net,1,Masterjx9-OpenPostings
vulcanmat,vulcanmat.taleo.net,1,Masterjx9-OpenPostings
vwgoa,vwgoa.taleo.net,1,Masterjx9-OpenPostings
westpac,westpac.taleo.net,1,Masterjx9-OpenPostings
weyerhaeuser,weyerhaeuser.taleo.net,1,Masterjx9-OpenPostings
who,who.taleo.net,1,Masterjx9-OpenPostings
wipo,wipo.taleo.net,1,Masterjx9-OpenPostings
woodforest,woodforest.taleo.net,1,Masterjx9-OpenPostings
worleyparsons,worleyparsons.taleo.net,1,Masterjx9-OpenPostings
wvu,wvu.taleo.net,1,Masterjx9-OpenPostings
xl,xl.taleo.net,1,Masterjx9-OpenPostings
xoriant,xoriant.taleo.net,1,Masterjx9-OpenPostings
zionsbancorp,zionsbancorp.taleo.net,1,Masterjx9-OpenPostings
