slug,html_status,html_location,bare_status
1840andco,301,https://jobs.1840andco.com/,200
10kbi-2021,404,,200
98point6,404,,200
a1comms,404,,200
abl-group,404,,200
abramsonlaborgroup,200,,200
accesspay,404,,200
acelr8,404,,200
accredible,301,https://careers.accredible.com/,200
activestate,404,,200
acuitycare,404,,200
adblock,404,,200
addressable,404,,200
adenza,404,,200
aesc-group,404,,200
aibidia,301,https://careers.aibidia.com/,200
agencyanalytics,200,,200
agmonitor,200,,200
airhelp,301,https://careers.airhelp.com/,200
alliedmaker,404,,200
alliedtalentpartners,404,,200
alohastaffing,404,,200
altavr,404,,200
altr,302,https://www.altr.com/careers#open-positions,200
amber,200,,200
amihealthcare,200,,200
amplience,301,https://careers.amplience.com/,200
analystinstitute,404,,200
ampx,404,,200
animaladvocacycareers,404,,200
apexprimecare,404,,200
aoea,200,,200
appleburybehaviorassociates,404,,200
appliedlabs,404,,200
appinchina,200,,200
appleyardlees,200,,200
aquivalabs,301,https://careers.aquivalabs.com/,200
arch,404,,200
aptem,200,,200
arellanoassociates,200,,200
ariswater,404,,200
arkamys,404,,200
armaments,404,,200
armis,404,,200
arqit,301,https://careers.arqit.uk/,200
arthurventures,200,,200
artisan,404,,200
ascend,301,https://careers.ascendproperties.com/,200
assaabloy,404,,200
auden,404,,200
autorek,301,https://join.autorek.com/,200
automotiverecruiters,404,,200
auvodka,404,,200
axelerant,404,,200
banyancom,404,,200
balticpower,200,,200
betashares,404,,404
bdoguernsey,200,,200
bedegaming,200,,200
beautiful-destinations,200,,200
beehiiv,301,https://careers.beehiiv.com/,200
betterlesson,404,,200
bettyvieira,200,,200
bigtex,404,,200
bildstudios,404,,200
billie,200,,200
bionano,404,,200
birchesgroup,200,,200
bison-old,302,https://boards.greenhouse.io/bisontechnologies,200
bluefin,404,,200
blueoceanseismic,404,,200
blueprintbiosecurity,200,,200
bluon,404,,200
bmd,404,,200
branch,404,,200
brick-lane,200,,200
bricklane,200,,200
bricktownwatertaxi,200,,200
britten-norman,200,,200
brooklyndata,404,,200
bsagroup,404,,200
bsocial,301,https://karriere.bsocial.dk/,200
bsr,200,,200
buildarocketboy,200,,200
c5alliance,301,https://careers.c5alliance.com/,200
cadogantate,404,,200
calcot,301,https://careers.calcotcollection.co.uk/,200
calbudgetcenter,200,,200
cameronmackintosh,301,https://careers.cameronmackintosh.com/,200
calligo,200,,200
campskyline,200,,200
careconnect,404,,200
carewell,404,,200
careycarey,404,,200
carringtonwest,301,https://careers.carringtonwest.com/,200
cartoncloud,301,https://careers.cartoncloud.com/,200
cepton,404,,200
cerkl,404,,200
certn,404,,200
cfcu,404,,200
chlmortgages,404,,200
choozle,404,,200
cintra-dev,200,,200
clarifyb2b,200,,200
cleared-recruiters,404,,200
climatebonds,200,,200
closetamerica,404,,200
codat,404,,200
cloudcall,302,https://cloudcall.com/careers/,200
cogx,301,https://careers.cogx.live/,200
cohoclimate,200,,200
collins-jewell,404,,200
comnexa,404,,200
comstock,404,,200
conductorone,404,,200
connectearth,404,,200
connectpay,404,,200
controlant,302,https://controlant.com/careers,200
coopereyecare,404,,200
cornwallinsight,200,,200
cotesaintluc,404,,200
coursedog,404,,200
courtclerk,200,,200
covers,404,,200
criadvantage,404,,200
crossroadcoach,404,,200
ctrl,404,,200
curateinsights,404,,200
culturetrip,404,,200
credencebackground,200,,200
cyberstart,301,https://careers.cyberstart.com/,200
cybernetic-controls,200,,200
dataclymer,404,,200
db1group,302,https://db1.inhire.app/vagas,200
deepseas,200,,200
demica,404,,200
desmos,200,,200
dimesociety,404,,200
dmed,404,,200
doist,404,,200
donestreet,404,,200
dornanoandco,301,https://careers.dornanoandco.com/,200
doublefine,404,,200
dyedurham,301,https://jobs.dyedurham.com/,200
edgehealth,200,,200
ekaterratea,404,,200
elliptic,302,https://www.elliptic.co/company/life-at-elliptic,200
emerald,200,,200
enablemedicine,404,,200
encantos,301,https://careers.encantosworld.com/,200
engagetech,404,,200
engagemilepost,404,,200
enodatech,404,,200
enhance,200,,200
encompass,200,,200
epochai,301,https://careers.epoch.ai/,200
enquizit,404,,200
etereo,404,,200
evotix,404,,200
everi,200,,200
exclaimer,301,https://careers.exclaimer.com/,200
exploration,302,https://www.exploration.space/careers,200
facebook,200,,200
fairground-music,200,,200
fetch-package,301,https://careers.fetchpackage.com/,200
findmypast,404,,200
fairwaygroup,200,,200
finvi,404,,200
flawlessrecruit,404,,200
flexcavo,404,,200
fifa,200,,200
floowitalent,404,,200
flowengineering,404,,200
fortnightcollective,404,,200
forwardplatform,404,,200
fourhands,404,,200
fredgoodwill,404,,200
fremontgroup,302,https://www.fremontgroup.com/,200
freetrade,404,,200
freshformdraft,404,,200
freuds,404,,200
frontierpsychiatry,404,,200
frollo,200,,200
frontofficesports,301,https://careers.frontofficesports.com/,200
fuelcycle,301,https://careers.fuelcycle.com/,200
gain-careers,404,,200
gainuk,404,,200
gappify,404,,200
gameplaygalaxy,200,,200
gauntfrancisarchitectsltd,404,,200
gbglobal,301,https://careers.gbglobal.world/,200
gcp,404,,200
gdsgroup,302,https://gdsgroup.com/about-us/careers/,200
gearsupply,404,,200
geeiq,200,,200
geminiadvisory,404,,200
geosite,404,,200
getmagic,404,,200
getmagical,404,,200
goenumerate,404,,404
globeleq,200,,200
goborderless,404,,200
goodworksconsulting,404,,200
goodshepherdhospice,404,,200
hallindustrialservices,404,,200
handlgroup,404,,200
hannover,404,,200
handymanhub,404,,200
happiful,200,,200
harmonicfinance,301,https://careers.harmonicfinance.com/,200
hawk-eye,302,https://careers.hawkeyeinnovations.com/,200
headforwards,404,,200
healthcomp,404,,200
healthrise,404,,200
heisme,404,,200
hellosugar,404,,200
hireguide,404,,200
hk-pc,302,https://careers.hawkeyeinnovations.com/,200
honestorigins,200,,200
howells,302,https://www.glennhowells.co.uk/careers/,200
hunterslaw,200,,200
hunsicker,200,,200
hustlenoticebiz,404,,200
hyperhippo,404,,200
iamals,404,,200
ians-group,404,,200
icario,200,,200
identitye2e,404,,200
ihie,200,,200
imagr,302,https://www.linkedin.com/company/imagr/jobs/,200
immo,404,,200
impactjustice,301,https://careers.impactjustice.org/,200
infoplus,301,https://careers.infopluscommerce.com/,200
inmoment,404,,200
insightgroup,200,,200
instantimpactrecruitment,200,,200
instep,404,,200
intellihr,200,,200
intercom,200,,200
interopio,200,,200
iovino,404,,200
isam,404,,200
iterativescopes,302,https://boards.greenhouse.io/iterativehealth,200
ipsos,200,,200
itx,404,,200
jarseducation,404,,200
jbh,404,,200
iwbi,200,,200
jed-svmha,200,,200
jerseypost,200,,200
jetsettersjourney,404,,200
jlg,302,https://jlgarchitects.com/,200
jmfinn,404,,200
jobmatchpros,404,,200
jobsatklue,302,https://klue.com/careers,200
joinef,302,https://www.joinef.com/about/careers,200
jukeboxhealth,404,,200
just,404,,200
kanegroup,302,https://kanegroup.co.uk/careers/vacancies,200
kbit,404,,200
kicksaw,301,https://careers.kicksaw.com/,200
kinetic,302,https://kinetic.teamtailor.com/,200
knack,302,https://www.knack.com/careers,200
kodez,200,,200
laiier,404,,200
landvault,404,,200
lasso,302,https://theorg.com/org/lasso-io/jobs,200
lantern,200,,200
leadforamerica,404,,200
lifera,404,,200
ligaderroboter,404,,200
lichfields,200,,200
liven,200,,200
lldc,200,,200
loft,404,,200
logistics,404,,200
loreto,404,,200
lovinspoonfuls,404,,200
luminovo,301,https://join.luminovo.com/,200
lummustechnology,404,,200
lytho,301,https://careers.lytho.com/,200
maccreanorlavington,200,,200
madfishdigital,200,,200
magneticrock,404,,200
makepositive,404,,200
maldensolutions,404,,200
martingale,404,,200
marvelfusion,404,,200
maven-search,404,,200
mavericklabs,404,,200
maximatherapy,404,,200
mdliaison,404,,200
meadenmoore,404,,200
mechanismventures,404,,200
medic,200,,200
medium,404,,200
meanpug,404,,200
mentorme,301,https://careers.mentorme.co/,200
merus,404,,200
meridianbirdremovalcareers,200,,200
midwestvision,404,,200
millerkaplan,404,,200
mindsethealth,301,https://careers.mindsethealth.com/,200
mimeo-eu,200,,200
minna,404,,200
mjhealthcare,404,,200
moca,301,https://careers.moca.ca/,200
montu,404,,200
mooven,200,,200
mourant,404,,200
muddy-boots-nursery,404,,200
mplc,200,,200
musora,301,https://careers.musora.com/,200
mutinex,404,,200
myinterview,200,,200
mymedtrust,404,,200
ncse,404,,200
ndsrecovery,404,,200
neon,404,,200
newleafteletherapy,301,https://careers.newleafteletherapy.com/,200
neworbit,404,,200
nexcoregroup,302,https://nexcoregroup.com/careers/,200
nextira,404,,200
ngc,301,https://careers.ngcgroupinc.com/,200
nicolehollis,200,,200
northern,404,,200
northcodersgroup,200,,200
novelenergy,301,https://careers.novelenergy.biz/,200
nuix,301,https://careers.nuix.com/,200
nowthisnews,404,,200
notonthehighstreet,200,,200
nutrifreshservices,301,https://careers.nutrifreshservices.com/,200
oceancharge,301,https://careers.oceancharge.uk/,200
onboarding,200,,200
omniengine,301,https://jobs.omniengine.com/,200
ohpen,301,https://careers.ohpen.com/,200
oncallhealth,404,,200
onevalley,404,,200
oneplan,200,,200
oneworld,200,,200
operiogroup,404,,200
opyn,404,,200
orbitarchitects,404,,200
orbisoperations,404,,200
ottimate,404,,200
ouswre,200,,200
outtoday,404,,200
outthererpo,404,,200
overlandpartners,200,,200
paradigm,302,https://www.joinparadigm.com/careers,200
parallax,404,,200
partnersinsight,404,,200
pastaevangelists,404,,200
patinahealth,301,https://careers.patinahealth.com/,200
pbp,200,,200
patlive,200,,200
permanentequity,404,,200
personify,302,https://personify-corp.breezy.hr/?,200
ph-creative,404,,200
photobookworldwide,404,,200
pipedreams,404,,200
planable,404,,200
plusxinnovation,301,https://careers.plusxinnovation.com/,200
poppinshealth,301,https://careers.poppinshealth.com/,200
precisionneuro,200,,200
poudrelibraries,200,,200
prepaypower,301,https://careers.prepaypower.ie/,200
premier-roofing-old,200,,200
oneapp,ReadTimeout,,
primeproviders,404,,200
pridefoundation,200,,200
progenygroup,301,https://careers.theprogenygroup.com/,200
propelleraero,404,,200
procook,301,https://careers.procook.co.uk/,200
proref,200,,200
protectus,404,,200
ptiworldwide,200,,200
psgequity,200,,200
pulselive,200,,200
queryclick,404,,200
qualitylogic,200,,200
rbaofgreaterwi,404,,200
rbw,404,,200
rbaofmke,200,,200
rckpartners,404,,200
reach3,404,,200
rcophth,200,,200
receptional,301,https://careers.receptional.com/,200
recentive,200,,200
recycle,200,,200
redantler,404,,200
reidcampbell,404,,200
relive,404,,200
renovia,301,https://careers.renovia.com/,200
repdata,200,,200
rethinkfood,404,,200
revolutionaryclinics,404,,200
rewardinsight,404,,200
ri-pandc,404,,200
ri-training,200,,200
riipen,200,,200
resolutionproject,404,,200
rivaltechnologies,404,,200
rivalry,301,https://www.rivalryjobs.com/,200
riverisland,302,https://careers.riverisland.com/,200
riverislandretail,404,,200
riverislandslt,200,,200
robertson,200,,200
romyconsulting,404,,200
rossstrategic,200,,200
ruckus-games,301,https://careers.ruckus-games.com/,200
runecast,301,https://careers.runecast.com/,200
royomartin,302,https://royomartin.com/careers/,200
sbsmiles,404,,200
sclsales,404,,200
scoreplay,404,,200
scribe-x,404,,200
securityinnovation,404,,200
sepiontechnologies,200,,200
sharplinecommunities,404,,200
sistemtutoring,404,,200
sjp,404,,200
slabemachine,404,,200
skyshowtime,200,,200
smithcorp,404,,200
snap,200,,200
socialmobility,200,,200
sovereign,404,,200
sparelabs,404,,200
spectrum,404,,200
sparkadvisors,404,,200
spektrix,200,,200
squareone,200,,200
ssmgrp,404,,200
st-annes,404,,200
sstb,200,,200
statusim,301,https://jobs.status.im/,200
steer73,200,,200
stayinthegame,404,,200
strivetalent,301,https://apply.strivetalent.org/,200
stsaviour,200,,200
studiopdp,301,https://careers.studiopdp.com/,200
superside,302,https://www.superside.com/,200
supplypike,301,https://careers.supplypike.com/,200
support-partners,404,,200
surrealdb,200,,200
swiftcomply,404,,200
symbiosis,404,,200
switch,200,,200
synthace,404,,200
sync,301,https://careers.sync.health/,200
syspro,301,https://careers.syspro.com/,200
syscomm,200,,200
systeminit,302,https://jobs.ashbyhq.com/System%20Initiative/,200
t2biosystems,301,https://careers.t2biosystems.com/,200
taco,200,,200
tadlockroofing,404,,200
tailscale,404,,200
syncfusion,200,,200
teacherapprenticeship,404,,200
teambi,200,,200
techontoast,404,,200
tedxtoronto,404,,200
tenzing,404,,200
tenovallc,404,,200
tgro,404,,200
tfas-enterprises,200,,200
thalamos,200,,200
thedecisionlab,301,https://careers.thedecisionlab.com/,200
thebulwark,200,,200
theearthlingco,404,,200
theimpact,200,,200
theinstantgroup,200,,200
themultiplayergroup,301,https://careers.themultiplayergroup.com/,200
theloadingdock,200,,200
theo,200,,200
therapymgmt,404,,200
theready,200,,200
thesnapbar,301,https://jobs.snapbar.com/,200
thestahlcompanies,404,,200
thestorysociety,200,,200
tink,404,,200
tillo,404,,200
tngconsulting,404,,200
tilled,404,,200
toolhouse,301,https://careers.toolhouse.com/,200
trainwell,200,,200
trust,JSONDecodeError,,
trisonbusinesssolutions,404,,200
tripledotstudios,302,https://www.tripledot.com/careers,200
truly,404,,200
tundraland,404,,200
turionspace,404,,200
tuscanystrategy,404,,200
tymeshift,301,https://careers.tymeshift.com/,200
ukbiobank,301,https://careers.ukbiobank.ac.uk/,200
ukagritechcentre,200,,200
unbrokenstudios,301,https://careers.unbrokenstudios.com/,200
unionkitchen,404,,200
unitedwounds,404,,200
universal,404,,200
upfronthealthcare,404,,200
vaiie,200,,200
verdox,404,,200
verdantas,200,,200
vidaselect,404,,200
vidico,404,,200
vitech-systems-group,200,,200
virtualstaffing,301,https://careers.virtualstaffing.net/,200
vitalbio,200,,200
volition,404,,200
vsgbg,404,,200
wagepoint,302,https://wagepoint.teamtailor.com/jobs,200
washingtoncapitalpartners,404,,200
waymark,200,,200
wearebrandavenue,404,,200
weare54,200,,200
wearecharlotte,404,,200
weareplanet,404,,200
wetravel,301,https://jobs.wetravel.com/,200
wecarehcc,200,,200
wetzelandsons,200,,200
wheleneng,200,,200
whipplepet,200,,200
womenforwomen,301,https://careers.womenforwomen.org/,200
worthix,404,,200
xebia,404,,200
xyzreality,404,,200
yorkshiregardencentres,404,,200
ynab,200,,200
yumpingo,301,https://careers.yumpingo.com/,200
yuno-energy,301,https://careers.yunoenergy.ie/,200
zendar,404,,200
zenergi,404,,200
