slug,postings,root_status,root_location,page_status,page_has_ld
10kai,59,302,https://10000internsfoundation.com/our-programmes/,302,False
abdynamics,12,200,,200,True
aawdc,17,200,,200,True
abcdboston,56,301,https://careers.bostonabcd.org/,301,False
5starnutrition,38,200,,200,True
aab,49,200,,200,True
10kbi,304,404,,,False
able-interns,33,404,,,False
10kbi-23,638,404,,,False
accelercomm,12,200,,200,True
acme,3,200,,200,True
accenture,7,200,,200,True
acrobat,1,200,,200,True
aciedge,28,200,,200,True
actica,9,200,,200,True
adalo,1,404,,,False
activpayroll,14,200,,200,True
adaptix,1,200,,200,True
adenza-training,1,200,,200,True
adamarchitecture,6,200,,200,True
admgroup,30,301,https://careers.admgroup.com/,301,False
aestrategies,3,404,,,False
aeriz,9,200,,200,True
advantagedental,55,301,https://jobs.advantagedental.com/,301,False
advitaortho,28,200,,200,True
afcb,4,301,https://careers.afcb.co.uk/,301,False
afme,2,301,https://careers.afme.eu/,301,False
agomab,3,200,,200,True
aireon,1,200,,200,True
airtanker,4,200,,200,True
algomarketing,20,200,,200,True
allclearinsurance,3,200,,200,True
alcanzaclinical,54,200,,200,True
alternativeheat,44,200,,200,True
ambition,3,200,,200,True
alcumus,68,200,,200,True
americanveterinarygroup,647,200,,200,True
americancampus,112,301,https://careers.americancampus.com/,301,False
ameswellhotel,8,200,,200,True
ampagroup,47,301,https://careers.ampa.co.uk/,301,False
americanexcelsior,5,200,,200,True
anthonycollins,18,200,,200,True
apollo,7,301,https://careers.apollo.engineer/,301,False
anthesisgroup,54,200,,200,True
apd,6,200,,200,True
anotherstar,11,301,https://careers.anotherstar.com/,301,False
aps,1,301,https://jobs.aps.org/,301,False
appquantum,1,200,,200,True
arkatechture,3,200,,200,True
ardentprinciples,24,200,,200,True
aria,6,200,,200,True
arthurcox,8,200,,200,True
arrowglobal,20,200,,200,True
ascensusspecialties,7,200,,200,True
armstrongwatson,70,200,,200,True
article,10,200,,200,True
astonmartinf1,12,200,,200,True
astorg,3,200,,200,True
aspireallergy,48,200,,200,True
atbtherapeutics,1,200,,200,True
atlanticaviation,4,200,,200,True
astrolab,38,200,,200,True
astranahealth,100,200,,200,True
auroraer,101,301,https://careers.auroraer.com/,301,False
avreklaw,11,301,https://careers.avrek.com/,301,False
avaaz,2,200,,200,True
ballet,4,301,https://careers.ballet.org.uk/,301,False
bactobio,2,200,,200,True
bedellcristin,4,200,,200,True
bandlab,2,200,,200,True
bateswells,2,200,,200,True
barnetsouthgate,10,200,,200,True
bathcollege,8,200,,200,True
bathspa,10,200,,200,True
bdoireland,16,200,,200,True
benchmarkcapital,22,301,https://careers.benchmarkcapital.co.uk/,301,False
berkeleygroup,16,301,https://experiencedhires.berkeleygroup.co.uk/,301,False
benchmarkgc,12,200,,200,True
bighappy,4,200,,200,True
biomade,10,301,https://careers.biomade.org/,301,False
bison,5,404,,,False
bighatbiosciences,14,200,,200,True
birchgold,1,200,,200,True
biorelate,1,200,,200,True
blackpooltransport,5,301,https://careers.blackpooltransport.com/,301,False
bizimply,2,200,,200,True
bloodcanceruk,2,200,,200,True
bluecross,15,301,https://jobs.bluecross.org.uk/,301,False
bluestreamfiber,7,200,,200,True
bluejayaba,29,200,,200,True
bluesentry,2,200,,200,True
bnc-ox-ac,1,200,,200,True
bmt,43,200,,200,True
bluemantis,25,200,,200,True
bobsredmill,17,200,,200,True
breedongroup,102,301,https://careers.breedongroup.com/,301,False
british-business-bank,6,301,https://careers.british-business-bank.co.uk/,301,False
bright,4,200,,200,True
brightteach,5,200,,200,True
broadfutures,3,200,,200,True
brivo,75,301,https://careers.brivo.com/,301,False
bryq,4,404,,,False
bryanfagan,48,200,,200,True
btny,4,200,,200,True
bucksmindcareers,2,200,,200,True
butlins,74,301,https://jobs.butlins.com/,301,False
campgreystone,3,200,,200,True
cannabiscareers,5,200,,200,True
c10labs,22,200,,200,True
careys,34,301,https://careers.careys.co/,301,False
carmel,1,200,,200,True
carma,31,200,,200,True
carto,3,200,,200,True
cartesian,5,200,,200,True
cellandgenetherapycatapult,1,200,,200,True
caturus,35,200,,200,True
cdlsoftware,3,200,,200,True
cfar,2,301,https://careers.cfar.com/,301,False
ces,32,301,https://careers.in-charge-electric.com/,301,False
celnor,83,301,https://careers.celnor.com/,301,False
cfra,7,200,,200,True
cgt,2,200,,200,True
cgwm,1,200,,200,True
chainbridgesolutions,3,301,https://careers.chainbridgesolutions.com/,301,False
cgtcanada,11,200,,200,True
chancetoshine,1,200,,200,True
chartwell-consulting,4,200,,200,True
checkit,6,301,https://careers.checkit.net/,301,False
cfc,62,200,,200,True
chetwood-bank,2,200,,200,True
cinven,2,200,,200,True
cifas,2,200,,200,True
clearlyrated,1,200,,200,True
clareps,38,200,,200,True
clearview,11,200,,200,True
clearviewresearch,1,200,,200,True
clever-digital-marketing,15,301,https://careers.cleverdigitalmarketing.ca/,301,False
clientearth,5,301,https://jobs.clientearth.org/,301,False
cms2,7,301,https://careers.cms2.com/,301,False
cmap,5,200,,200,True
cnps,1,200,,200,True
collascrill,4,301,https://careers.collascrill.com/,301,False
codexis,3,200,,200,True
coforma,6,200,,200,True
colegsirgar,8,200,,200,True
codec,22,200,,200,True
company,7,200,,200,True
compregroup,6,200,,200,True
continuum,2,200,,200,True
compassionuk,2,200,,200,True
continentalserves,60,200,,200,True
convexin,3,200,,200,True
concordance,9,200,,200,True
coople,6,404,,,False
conveylaw,6,200,,200,True
confluence,25,200,,200,True
copper,5,200,,200,True
compasshealthnetwork,256,200,,200,True
confidencems,54,200,,200,True
corbinengineering,25,301,https://careers.corbinengineering.com/,301,False
cord,3,200,,200,True
cpcatapult,5,200,,200,True
crawfordtech,2,200,,200,True
crcna,7,200,,200,True
creativeforce,4,200,,200,True
cottonholdings,78,200,,200,True
ctidigital,1,200,,200,True
crisissupport,3,200,,200,True
d1a,16,200,,200,True
cvtechnology,1,200,,200,True
cubico,4,200,,200,True
davidchipperfieldarchitects,1,200,,200,True
daas,16,301,https://careers.daasdistrict.com/,301,False
dains,49,301,https://careers.dains.com/,301,False
dbrand,4,200,,200,True
decaturutilities,4,301,https://jobs.decaturutilities.com/,301,False
dazn,125,301,https://careers.dazn.com/,301,False
dea,14,200,,200,True
davies,256,200,,200,True
deister,2,200,,200,True
designline,2,200,,200,True
desteia,1,200,,200,True
digitaljersey,1,200,,200,True
dacbeachcroft,132,301,https://apply.dacbeachcroft.com/,301,False
developers-test,5,200,,200,True
disturbia,6,200,,200,True
detertech,21,301,https://careers.detertech.com/,301,False
digitalscience,4,200,,200,True
djrelocation,1,404,,,False
dlscorporation,1,301,https://jobs.dlscorporation.com/,301,False
dixonwilson,2,200,,200,True
dob,6,301,https://careers.budget.ny.gov/,301,False
djh,28,200,,200,True
dmchealthcare,9,200,,200,True
dofe,2,200,,200,True
dnata,40,200,,200,True
donmarwarehouse,2,301,https://careers.donmarwarehouse.com/,301,False
dogstrust,15,301,https://careers.dogstrust.org.uk/,301,False
doradosoftwaregroup,11,200,,200,True
dwe,9,200,,200,True
eastwestrail,3,301,https://careers.eastwestrail.co.uk/,301,False
driverondemand,14,200,,200,True
earlybirdtutors,177,404,,,False
ebcap,33,200,,200,True
eberjey,8,200,,200,True
eastlandsvsl,30,200,,200,True
edjassociates,1,200,,200,True
edisonohio,14,200,,200,True
eisgroup,19,301,https://careers.eisgroup.com/,301,False
elemis,37,301,https://careers.elemis.com/,301,False
elevategroup,1,200,,200,True
ebiquity,10,200,,200,True
elfc,2,200,,200,True
embark,2,200,,200,True
emumba,5,200,,200,True
emergn,8,200,,200,True
enosisbd,3,301,https://careers.enosisbd.com/,301,False
emeraldtransformer,15,200,,200,True
energyaspects,10,301,https://careers.energyaspects.com/,301,False
endsight,5,200,,200,True
enva,52,200,,200,True
envisionageinc,9,200,,200,True
eptura,4,200,,200,True
equinox-eng,44,301,https://careers.equinox-eng.com/,301,False
escalon-services,6,200,,200,True
esss,42,200,,200,True
estalent,1,200,,200,True
esland,63,200,,200,True
eventbase,1,200,,200,True
fernway,9,301,https://careers.fernway.com/,301,False
factbird,11,200,,200,True
fidelitone,19,200,,200,True
field,17,200,,200,True
finfrock,14,200,,200,True
fifa-careers,49,301,https://jobs.fifa.com/,301,False
finfrock-old,6,200,,200,True
flexxray,4,301,https://careers.flexxray.com/,301,False
fiveandfly,36,200,,200,True
flatironssolutions,7,200,,200,True
fmcgroup,1,301,https://career.fmcgroup.com/,301,False
flintbishop,70,301,https://careers.flintbishop.co.uk/,301,False
fortifyhealth,3,200,,200,True
freeagent,5,301,https://careers.freeagent.com/,301,False
forterro,49,200,,200,True
fresh-energy,1,301,https://careers.fresh-energy.org/,301,False
freeda,3,200,,200,True
foxconnwi,99,200,,200,True
frazil,4,200,,200,True
freshstartineducation,26,301,https://jobs.freshstartineducation.co.uk/,301,False
frontline,4,200,,200,True
franklin-electric,88,200,,200,True
fs-elliott,3,200,,200,True
fscurtis,8,200,,200,True
fulwellentertainment,3,200,,200,True
fundapps,4,200,,200,True
futuregroup,4,200,,200,True
gagosian,3,200,,200,True
geldards,3,301,https://careers.geldards.com/,301,False
gdenergyproducts,3,200,,200,True
gardiner,35,200,,200,True
gig,7,200,,200,True
futurecareers,26,200,,200,True
gembaadvantage,11,200,,200,True
girlsontherun,5,200,,200,True
gkc,4,200,,200,True
gitwit,11,200,,200,True
glp,1,200,,200,True
gordonmurraygroup,7,200,,200,True
gravityglobal,12,200,,200,True
greensourcefab,7,301,https://apply.greensourcefab.com/,301,False
goodenergy,11,301,https://careers.goodenergy.co.uk/,301,False
greenergy,13,200,,200,True
gmesupply,42,200,,200,True
grasshopper,6,200,,200,True
gloryglobal,106,200,,200,True
groupgti,10,200,,200,True
gs1ca,3,200,,200,True
gtci,1,200,,200,True
greenwoodproject,9,200,,200,True
gsttfoundation,5,200,,200,True
guernseyelectricity,8,200,,200,True
groupo,19,200,,200,True
greenstarexteriors,23,200,,200,True
harnham,0,200,,,False
hadean,4,404,,,False
harpercollins,1,200,,200,True
hallmarkhcs,6,200,,200,True
harmeny,6,200,,200,True
hcbrands,1,200,,200,True
hazelcast,8,200,,200,True
hcfraudshield,2,200,,200,True
hgcapital,1,404,,,False
headlandarchaeology,12,200,,200,True
headkount,63,200,,200,True
highfivecares,20,200,,200,True
hirasmus,5,200,,200,True
herrs,42,200,,200,True
helpr,60,200,,200,True
hirenightowl,99,200,,200,True
holdinghandsinc,19,200,,200,True
honeymoonisrael,3,301,https://careers.honeymoonisrael.org/,301,False
hookelehomecare,3,200,,200,True
hooli,13,200,,200,True
howe,6,200,,200,True
hollandamericaprincess,44,200,,200,True
hollandamericagroup,115,200,,200,True
hopwood,5,200,,200,True
huddnewcoll,2,200,,200,True
humankind,17,301,https://careers.humankind.nz/,301,False
holtgrp,323,200,,200,True
hughbaird,12,200,,200,True
ibuypower,3,301,https://careers.ibuypower.com/,301,False
igsinsights,15,301,https://careers.igsinsights.com/,301,False
igegroup,3,200,,200,True
ifx,11,200,,200,True
imagemaker,27,200,,200,True
imagination,6,200,,200,True
impactassets,5,200,,200,True
impruvon,5,200,,200,True
inmusicbrands,22,200,,200,True
in-telecom,12,200,,200,True
integration-testing,1,200,,200,True
intandem,11,301,https://careers.intandem.com/,301,False
instant-impact,23,301,https://careers.instant-impact.com/,301,False
indrive,127,200,,200,True
impulsespace,192,200,,200,True
interactsoftware,10,301,https://careers.interactsoftware.com/,301,False
invoxpharma,3,301,https://careers.invoxpharma.com/,301,False
investorhub,4,200,,200,True
intermedia,63,200,,200,True
invictus-verus,11,200,,200,True
itvet,2,200,,200,True
itchen,2,200,,200,True
isginc,149,200,,200,True
innovetivepetcare,177,200,,200,True
iukktn-uk,1,301,https://careers.iuk-business-connect.org.uk/,301,False
iuoelocal793,1,200,,200,True
iventure,4,200,,200,True
jec,6,301,https://careers.jec.co.uk/,301,False
jbs-ltd,17,200,,200,True
jed,2,200,,200,True
jerseywater,2,200,,200,True
jesus-college,3,200,,200,True
jimersonfirm,14,200,,200,True
joe-testing,14,200,,200,True
jtglobal,2,301,https://careers.jtglobal.com/,301,False
jsitel,43,301,https://careers.jsitel.com/,301,False
judge-priestley,7,200,,200,True
kastcard,18,301,https://careers.kast.xyz/,301,False
karpstrategies,1,200,,200,True
jobs-aligntech,213,301,https://jobs.aligntech.com/,301,False
keck,7,200,,200,True
joinparachute,431,200,,200,True
kenwayconsulting,6,200,,200,True
kerbfood,5,301,https://careers.kerbfood.com/,301,False
kesbath,2,200,,200,True
knowles,6,301,https://careers.knowles.com/,301,False
koosakids,36,301,https://careers.koosakids.co.uk/,301,False
kido,78,200,,200,True
keystoneclear,201,200,,200,True
kharon,24,404,,200,True
krestonreeves,13,200,,200,True
kriyatx,4,200,,200,True
kempinski,307,200,,200,True
ksc,2,301,https://jobs.ksc.ac.uk/,301,False
lancashire-group,4,301,https://careers.lancashiregroup.com/,301,False
lahproperty,11,200,,200,True
langhamhall,25,301,https://careers.langhamhall.com/,301,False
lakesidetrucks,28,200,,200,True
lbresearch,17,200,,200,True
leadelimination,6,200,,200,True
leadingedgeaviation,6,200,,200,True
kwi,11,200,,200,True
leighton,3,200,,200,True
leski,2,200,,200,True
lineleap,5,200,,200,True
lendable,5,200,,200,True
lingoda,13,200,,200,True
livelink,2,200,,200,True
littleelmsdaycare,40,200,,200,True
liv-coll,17,200,,200,True
londonandpartners,3,301,https://talent.londonandpartners.com/,301,False
lmh,2,200,,200,True
londonhireltd,15,200,,200,True
loccitane,1,200,,200,True
lovehoney,3,301,https://lhcareers.lovehoneygroup.com/,301,False
londonyouth,3,200,,200,True
lowcarboncontracts,14,301,https://careers.lowcarboncontracts.uk/,301,False
lumensol,4,200,,200,True
lvcaregroup,13,200,,200,True
magdalencareers,1,200,,200,True
made4net,4,200,,200,True
maggies,4,301,https://jobs.maggies.org/,301,False
made-tech,22,200,,200,True
lush,55,200,,200,True
mainstreetanesthesia,11,200,,200,True
mammoth,5,301,https://jobs.mammoth.org/,301,False
makers,4,200,,200,True
manhattanyouth,9,301,https://jobs.manhattanyouth.org/,301,False
malaa,5,200,,200,True
marketingpros,1,200,,200,True
markeys,16,301,https://careers.markeys.com/,301,False
magic,164,200,,200,True
masteryprep,5,200,,200,True
marlboroughhighways,12,200,,200,True
matter,4,200,,200,True
maverick-games,1,200,,200,True
medicalaidforpalestinians,2,301,https://careers.map.org.uk/,301,False
mcbains,2,200,,200,True
mbhealthcare,106,200,,200,True
medical,6,200,,200,True
meliore,2,301,https://careers.meliorefoundation.org/,301,False
midkent,7,200,,200,True
medneo,14,200,,200,True
mimeo,1,200,,200,True
menzies,85,200,,200,True
migso-pcubed,26,200,,200,True
miller,32,200,,200,True
mimeo-in,2,200,,200,True
mintvelvet,61,301,https://careers.mintvelvet.com/,301,False
mjhughes,1,200,,200,True
mmr-research,25,301,https://careers.mmr-research.com/,301,False
mmgapts,25,200,,200,True
mojomortgages,3,200,,200,True
mosaicvet,9,200,,200,True
mooreks,25,200,,200,True
moxbank,10,200,,200,True
moleonline,58,200,,200,True
multiplier,5,200,,200,True
mountainwarehouse,225,301,https://careers.mountaingroup.com/,301,False
mpdn,27,200,,200,True
multiplier-careers,3,200,,200,True
murphysnaturals,3,200,,200,True
myomo,14,301,https://careers.myomo.com/,301,False
myinterviewdemo,55,200,,200,True
mytech,16,301,https://careers.mytech.com/,301,False
naimaudio,2,200,,200,True
naomihouse,15,200,,200,True
napier,5,200,,200,True
nasstar,13,200,,200,True
mybrio,78,200,,200,True
ncheurope,10,200,,200,True
natcen,138,200,,200,True
nccgroup,75,200,,200,True
navigatepower,71,200,,200,True
newsquest,24,301,https://careers.newsquest.co.uk/,301,False
newfireglobal,23,200,,200,True
networkplus,134,200,,200,True
nextgenskills,1,200,,200,True
neptuneretailsolutions,328,200,,200,True
nodalexchange,4,200,,200,True
northernbedrockcorps,2,200,,200,True
nmc,7,200,,200,True
nuvitek,21,200,,200,True
nyx,12,200,,200,True
nypl,22,200,,200,True
nfamilyclub,286,200,,200,True
oceantg,55,301,https://careers.oneocean.com/,301,False
ogier,40,301,https://careers.ogier.com/,301,False
oilchange,1,200,,200,True
ohiovalleyelectriccorporation,14,200,,200,True
nxcus,46,200,,200,True
orangutech,8,200,,200,True
oxfordeconomics,20,301,https://careers.oxfordeconomics.com/,301,False
osapiens,57,301,https://careers.osapiens.com/,301,False
onlineriver,86,200,,200,True
oxfordinternational,12,301,https://joinus.oxfordinternational.com/,301,False
ovme,11,200,,200,True
oxfordmetrics,3,200,,200,True
pacificseafood,125,301,https://careers.pacificseafood.com/,301,False
parentpaygroup,12,301,https://careers.parentpaygroup.com/,301,False
peachcareers,3,301,https://careers.peachcars.co.ke/,301,False
partnersforhome,3,200,,200,True
pathify,2,200,,200,True
partnersinsupport,7,200,,200,True
peninsula360,9,200,,200,True
pence,16,200,,200,True
penrosehealth,13,301,https://careers.penrosehealth.co.uk/,301,False
perpetualguardian,7,301,https://careers.perpetualguardian.co.nz/,301,False
petroineos,10,301,https://careers.petroineos.com/,301,False
pexcard,4,200,,200,True
pflugerarchitects,6,200,,200,True
peverelcourtcare,9,200,,200,True
pipeworks,5,200,,200,True
pod-point,10,301,https://careers.pod-point.com/,301,False
plessey,24,200,,200,True
photonic,17,301,https://careers.photonic.com/,301,False
portakabin,27,301,https://www.portakabin-careers.com/,301,False
pinnbank,77,200,,200,True
polfed,3,200,,200,True
poloworks,24,200,,200,True
posh,1,301,https://careers.sthelier.je/,301,False
porterdodson,12,200,,200,True
preezie,3,404,,,False
ports,2,200,,200,True
portnox,7,200,,200,True
preqin,1,404,,,False
premierleague,3,200,,200,True
prf,13,301,https://careers.prf.org/,301,False
premier-roofing,79,200,,200,True
pricebrotherskc,12,200,,200,True
projectcanary,5,200,,200,True
prophetexchange,1,200,,200,True
pssg,1,200,,200,True
qac,5,200,,200,True
pxlimited,44,200,,200,True
princesscruises,313,200,,200,True
qellus,8,200,,200,True
priorygroup,482,301,https://jobs.priorygroup.com/,301,False
quietly,1,200,,200,True
rangeline,16,200,,200,True
ravelin,11,200,,200,True
reactor-inc,10,301,https://jobs.reactor.inc/,301,False
redassociates,2,200,,200,True
receptive,13,200,,200,True
redcloverhr,11,200,,200,True
reena,15,301,https://careers.reena.org/,301,False
refybeauty,8,301,https://careers.refybeauty.com/,301,False
rdbrck,2,200,,200,True
removify,2,404,,,False
relationshipone,1,200,,200,True
rethinkpriorities,2,301,https://careers.rethinkpriorities.org/,301,False
reconomy,67,200,,200,True
rewardgateway,14,200,,200,True
reimaginedcareers,94,200,,200,True
reliablesfc,101,200,,200,True
ritzcarltonyachtcollection,28,301,https://careers.ritzcarltonyachtcollection.com/,301,False
rise-collective,12,200,,200,True
riverislandsm,78,301,https://careers.riverisland.com/,301,False
rockborne,1,200,,200,True
rockitmotors,9,200,,200,True
rlb,41,200,,200,True
rocksteadymusicschool,34,301,https://careers.rocksteadymusicschool.com/,301,False
roofingsource,21,200,,200,True
rubyplay,8,301,https://careers.rubyplay.com/,301,False
roofsbyaspen,54,200,,200,True
rowdentech,37,200,,200,True
rxnt,6,301,https://jobs.rxnt.com/,301,False
rvu,17,301,https://careers.rvu.co.uk/,301,False
ruffwear,1,200,,200,True
rwdi,32,200,,200,True
safestore,5,301,https://jobs.safestore.co.uk/,301,False
sabio,14,200,,200,True
sagentia,12,301,https://careers.sagentia.com/,301,False
safetywing,3,200,,200,True
saffery,2,200,,200,True
safeguardlaw,24,200,,200,True
saltseparationservices,4,200,,200,True
samsung,2,200,,200,True
sbgl,7,301,https://vacancies.somersetbridgegroup.com/,301,False
saotg,1,200,,200,True
savannainstitute,1,200,,200,True
sans,4,200,,200,True
sandpiperci,13,200,,200,True
sandwell,9,200,,200,True
scandiweb,13,200,,200,True
scan-group,78,301,https://careers.scan-group.com/,301,False
scede,2,200,,200,True
scottishfa,2,200,,200,True
scurri,4,200,,200,True
scorpiogroup,62,200,,200,True
securiancanada,2,200,,200,True
sensiba,22,200,,200,True
serefin,2,200,,200,True
seras,9,200,,200,True
sevenpointscapital,8,200,,200,True
sfc,1,301,https://jobs.sfc.ac.uk/,301,False
silverair,5,301,https://careers.silverair.com/,301,False
seymourhotels,2,200,,200,True
silverstone,10,301,https://careers.silverstone.co.uk/,301,False
shieldtp,18,200,,200,True
simpleclub,3,200,,200,True
sjsustudentunion,6,200,,200,True
skyword,1,301,https://careers.skyword.com/,301,False
skinpharm,11,301,https://careers.skinpharm.com/,301,False
skinspirit,40,200,,200,True
slifcoelectric,10,200,,200,True
skims,116,200,,200,True
smartthings,5,200,,200,True
somersethouse,4,301,https://careers.somersethouse.org.uk/,301,False
smithsonian,31,301,https://trustcareers.si.edu/,301,False
southbankcentre,3,301,https://careers.southbankcentre.co.uk/,301,False
sobencc,8,200,,200,True
southdown,14,301,https://careers.southdown.org/,301,False
snapanalytics,11,200,,200,True
southyorkshire-ca,12,301,https://careers.southyorkshire-ca.gov.uk/,301,False
spinplaygames,6,301,https://careers.spinplaygames.com/,301,False
speedyfreight,5,200,,200,True
sqa-consulting,16,404,,,False
stellarmanagement,1,200,,200,True
spiralyze,87,200,,200,True
stint,6,200,,200,True
stacywitbeck,36,200,,200,True
stratom,3,200,,200,True
stpetrocs,1,200,,200,True
stubbers,1,200,,200,True
sui,5,301,https://careers.sui.org/,301,False
summitk12,6,200,,200,True
sumer,116,301,https://careers.sumer.co.uk/,301,False
surgohealth,2,200,,200,True
swagelok,5,200,,200,True
substantialgroup,70,301,https://careers.substantial.group/,301,False
systematica,6,200,,200,True
tabby,62,200,,200,True
tactileinc,1,200,,200,True
tandym,1,404,,,False
tails,5,200,,200,True
tatachemicals,2,200,,200,True
taxalchemy,9,200,,200,True
teaching-strategies,13,200,,200,True
teaminternet,1,301,https://careers.teaminternet.com/,301,False
teamallegiance,4,301,https://careers.teamallegiance.com/,301,False
teachmichigan,5,200,,200,True
sunking,210,200,,200,True
techery,5,200,,200,True
techuk,4,301,https://careers.techuk.org/,301,False
thehazelproject,2,200,,200,True
telesolvconsulting,56,200,,200,True
thearchco,3,200,,200,True
thecoteam,49,200,,200,True
theiagen,3,200,,200,True
thesociallights,2,301,https://careers.thesociallights.com/,301,False
themischgroup,69,200,,200,True
thompsonslaw,18,200,,200,True
thyssenkrupp,5,301,https://tkacceliscareers.co.uk/,301,False
tithely,2,200,,200,True
thorne,38,200,,200,True
together-uk,19,200,,200,True
torcon,4,301,https://careers.torcon.com/,301,False
togethergroup,36,200,,200,True
tiro,24,200,,200,True
torbaycouncil,18,301,https://jobs.torbay.gov.uk/,301,False
tpin,73,301,https://jobs.publicinterestnetwork.org/,301,False
transport-uk,1,301,https://careers.transport-uk.com/,301,False
tradecentric,2,200,,200,True
trialimpact,1,200,,200,True
transformuk,7,200,,200,True
tradingtechnologies,22,200,,200,True
trinidadbenham,29,200,,200,True
trivandi,4,200,,200,True
trulygoodfoods,10,200,,200,True
ttkgames,13,302,https://ttkgames.com/careers/,302,False
ttep,9,200,,200,True
uktv,4,200,,200,True
unitar,1,200,,200,True
twiningsovocareers,34,200,,200,True
uovo,15,301,https://careers.uovo.com/,301,False
updatepromise,18,200,,200,True
upway,59,200,,200,True
vc3,17,301,https://careers.vc3.com/,301,False
utilitiesone,116,200,,200,True
vena,31,200,,200,True
victors,36,200,,200,True
vinesgroup,3,200,,200,True
wallace,1,302,https://wallacestratton.co.nz/our-careers/,302,False
trilongroup,931,200,,200,True
vintage,19,200,,200,True
wanstor,12,200,,200,True
wearehuman8,10,200,,200,True
wealthwizards,1,200,,200,True
weiweico,8,200,,200,True
wellpsyche,12,200,,200,True
wearemapp,10,200,,200,True
vgroup,366,200,,200,True
wfs,12,200,,200,True
weoneil,67,200,,200,True
whiteswandata,5,200,,200,True
whelen,36,301,https://careers.whelen.com/,301,False
whitecoatmg,14,200,,200,True
windward-energy,2,200,,200,True
wigan-leigh-ac-uk,13,200,,200,True
wolve,24,301,https://careers.wolve.com/,301,False
wmhsolutions,43,200,,200,True
wolfe,12,200,,200,True
woodrodgers,27,200,,200,True
workstaff360,34,200,,200,True
worldanimalprotection,14,200,,200,True
wmtrains,7,200,,200,True
workwithus,2,200,,200,True
xeneta,1,200,,200,True
yordasgroup,6,301,https://careers.yordasgroup.com/,301,False
xantura,4,200,,200,True
zebedee,1,301,https://careers.zebedee.io/,301,False
wyld,42,200,,200,True
yuenergy,30,200,,200,True
zigzag,3,301,https://careers.zigzag.global/,301,False
zevohealth,15,301,https://careers.zevohealth.com/,301,False
zencargo,4,200,,200,True
zappi,6,200,,200,True
zincwork,16,200,,200,True
ymcaboston,235,200,,200,True
