slug,status,bytes,postings,location,secs
acrobat,200,7489,1,,0.6379880905151367
acme,200,23312,3,,0.7785727977752686
accenture,200,53995,7,,0.7802650928497314
abdynamics,200,96554,12,,0.9147799015045166
actica,200,99869,9,,0.9169039726257324
aawdc,200,94937,17,,1.0214428901672363
aciedge,200,225684,28,,1.081739902496338
adaptix,200,7530,1,,0.6016366481781006
aab,200,516209,49,,1.4485738277435303
agencyanalytics,200,11,0,,0.5063059329986572
activpayroll,200,73505,14,,0.8925650119781494
aeriz,200,44019,9,,0.7691352367401123
aireon,200,17479,1,,0.7891509532928467
admgroup,200,181052,30,,1.2440450191497803
advitaortho,200,173966,28,,1.2173500061035156
alliedtalentpartners,200,11,0,,0.5398001670837402
airtanker,200,25555,4,,0.8803839683532715
altavr,200,11,0,,0.5431172847747803
algomarketing,200,203720,20,,1.2079901695251465
amber,200,11,0,,0.6134719848632812
ambition,200,46256,3,,0.6783909797668457
americanexcelsior,200,24013,5,,0.719092845916748
alcanzaclinical,200,389043,54,,1.8089568614959717
alcumus,200,686156,68,,1.7719700336456299
americanveterinarygroup,200,3351439,647,,0.8945379257202148
alternativeheat,200,212818,44,,1.3812742233276367
ameswellhotel,200,32190,8,,0.7197909355163574
apd,200,53026,6,,0.6807301044464111
appleburybehaviorassociates,200,11,0,,0.5074851512908936
appquantum,200,6249,1,,0.53084397315979
anthonycollins,200,78910,18,,1.0142338275909424
aptem,200,11,0,,0.594658613204956
apollo,200,29555,7,,0.763552188873291
arellanoassociates,200,11,0,,0.5188601016998291
anthesisgroup,200,439982,54,,1.4853770732879639
armis,200,11,0,,0.5952281951904297
arkatechture,200,35012,3,,0.7546751499176025
ardentprinciples,200,185873,24,,1.1923840045928955
aria,200,91505,6,,0.8505768775939941
arthurventures,200,11,0,,0.5029129981994629
arthurcox,200,64389,8,,0.9495091438293457
arrowglobal,200,114050,20,,0.9696938991546631
asc-es-reliable,301,114,,https://reliablesfc.pinpointhq.com/postings.json,0.4766550064086914
article,200,139524,10,,1.1735343933105469
ascensusspecialties,200,60119,7,,0.8881490230560303
astorg,200,27678,3,,0.804807186126709
atbtherapeutics,200,5523,1,,0.5924060344696045
astonmartinf1,200,93001,12,,1.016935110092163
astrolab,200,281217,39,,1.191396713256836
atlanticaviation,200,57062,4,,0.7611620426177979
bactobio,200,16237,2,,0.6781530380249023
aspireallergy,200,480503,48,,1.7485496997833252
barnetsouthgate,200,85461,10,,0.8741550445556641
bathcollege,200,62723,8,,0.8866400718688965
beautiful-destinations,200,11,0,,0.5799727439880371
bedegaming,200,11,0,,0.5294749736785889
astranahealth,200,798268,100,,2.022603988647461
bedellcristin,200,28315,4,,0.6582291126251221
betterlesson,200,11,0,,0.5187129974365234
bdoireland,200,133069,16,,1.287822961807251
auroraer,200,797780,100,,1.9708788394927979
benchmarkgc,200,144743,12,,0.9386670589447021
biorelate,200,11827,1,,0.608508825302124
birchesgroup,200,11,0,,0.5530910491943359
bighatbiosciences,200,78247,14,,0.8810410499572754
bloodcanceruk,200,15991,2,,0.6236672401428223
bluesentry,200,12385,2,,0.536168098449707
bluestreamfiber,200,48050,7,,0.8089547157287598
bright,200,32553,4,,0.763408899307251
britten-norman,200,11,0,,0.6334230899810791
bluecross,200,155348,15,,1.3347492218017578
bluemantis,200,192892,25,,1.338474988937378
bathspa,200,81127,10,,2.7294201850891113
bobsredmill,200,167920,17,,1.1360828876495361
bmt,200,397377,43,,1.350100040435791
bsr,200,11,0,,0.6129379272460938
buildarocketboy,200,11,0,,0.5831937789916992
bucksmindcareers,200,18611,2,,0.7135219573974609
btny,200,40151,4,,0.7537209987640381
calbudgetcenter,200,11,0,,0.597074031829834
calligo,200,11,0,,0.5400009155273438
cannabiscareers,200,26279,5,,0.8105127811431885
c10labs,200,199618,22,,1.0785701274871826
carmel,200,5192,1,,0.6040408611297607
cartesian,200,33934,5,,0.6983127593994141
carto,200,27930,3,,0.6821188926696777
cdlsoftware,200,38445,3,,0.68985915184021
cfcunderwriting,301,106,,https://cfc.pinpointhq.com/postings.json,0.5110499858856201
cfra,200,44845,7,,0.7122249603271484
cgwm,200,5067,1,,0.5920398235321045
cgt,200,17152,2,,0.6322159767150879
carma,200,181696,31,,1.664642095565796
chartwell-consulting,200,22848,4,,0.8229522705078125
chetwood-bank,200,8480,2,,0.6251699924468994
cinven,200,8290,2,,0.6095330715179443
cifas,200,19717,2,,0.6740050315856934
cfc,200,379969,63,,1.580461025238037
celnor,200,998019,110,,1.9584119319915771
butlins,200,407890,74,,3.0049710273742676
clarifyb2b,200,11,0,,0.5237672328948975
clearlyrated,200,9879,1,,0.6110279560089111
clearviewresearch,200,3258,1,,0.542313814163208
clientearth,200,39247,5,,0.7681348323822021
clareps,200,279089,38,,1.2964348793029785
climatebonds,200,11,0,,0.5988779067993164
clearview,200,72745,11,,0.9792969226837158
cnps,200,19072,1,,0.7160871028900146
cmap,200,29878,5,,0.7767009735107422
codexis,200,21454,3,,0.6754579544067383
company,200,56955,7,,0.7276771068572998
coforma,200,58455,6,,0.9010748863220215
colegsirgar,200,59776,8,,0.9294779300689697
compassionuk,200,32588,2,,0.6967847347259521
compregroup,200,43656,6,,0.7737159729003906
codec,200,200752,22,,1.3338420391082764
concordance,200,98563,9,,1.003694772720337
continuum,200,5533,2,,0.5291028022766113
cornwallinsight,200,11,0,,0.5635831356048584
convexin,200,21203,3,,0.8068549633026123
conveylaw,200,50409,6,,0.9138131141662598
coursedog,200,11,0,,0.5039618015289307
confluence,200,267198,25,,1.1929118633270264
courtclerk,200,11,0,,0.5053298473358154
ctidigital,200,9692,1,,0.5619051456451416
crawfordtech,200,15305,2,,0.6748099327087402
cpcatapult,200,66974,5,,0.8657379150390625
continentalserves,200,511066,60,,1.728701114654541
compasshealthnetwork,200,1456108,255,,2.5283100605010986
crcna,200,75407,7,,0.8632428646087646
cubico,200,36549,4,,0.7220349311828613
cybernetic-controls,200,11,0,,0.49744510650634766
cottonholdings,200,688741,78,,1.7665352821350098
db1group,200,11,0,,0.5968601703643799
d1a,200,142611,16,,0.9478299617767334
dbrand,200,46874,4,,0.735076904296875
deepseas,200,11,0,,0.5300610065460205
desmos,200,11,0,,0.5197570323944092
dea,200,93328,14,,0.934920072555542
designline,200,27182,2,,0.7144887447357178
developers-test,200,40296,5,,0.7173149585723877
disturbia,200,46626,6,,0.7299630641937256
dixonwilson,200,16751,2,,0.6077771186828613
digitalscience,200,51982,4,,0.8140978813171387
dofe,200,17741,2,,0.660768985748291
dmchealthcare,200,100731,9,,0.9089460372924805
dazn,200,836555,126,,2.13639497756958
eberjey,200,44017,8,,0.6845998764038086
driverondemand,200,86411,14,,0.9773149490356445
edgehealth,200,11,0,,0.5598797798156738
davies,200,2019216,256,,2.7784461975097656
eastlandsvsl,200,257341,30,,1.138890027999878
ebiquity,200,74544,10,,1.048926830291748
ebcap,200,298318,33,,1.3673689365386963
edjassociates,200,5310,1,,0.5971541404724121
elevategroup,200,8425,1,,0.6043689250946045
elfc,200,9660,2,,0.5723898410797119
elliptic,200,11,0,,0.5647711753845215
embark,200,21016,2,,0.7669589519500732
emerald,200,11,0,,0.5756077766418457
doradosoftwaregroup,200,87145,11,,2.187394142150879
encompass,200,11,0,,0.5903818607330322
enhance,200,11,0,,0.5200388431549072
emumba,200,25597,5,,0.6933300495147705
endsight,200,42186,5,,0.7634177207946777
emeraldtransformer,200,182545,15,,1.1839239597320557
enosisbd,200,18329,3,,0.6540851593017578
epuki,301,107,,https://ttep.pinpointhq.com/postings.json,0.5007600784301758
eptura,200,41730,4,,0.7169990539550781
escalon-services,200,41540,6,,0.716137170791626
estalent,200,4931,1,,0.5487911701202393
eventbase,200,9454,1,,0.5663659572601318
everi,200,11,0,,0.6852030754089355
exclaimer,200,11,0,,0.7351870536804199
esss,200,220533,42,,1.2257459163665771
factbird,200,130492,11,,0.9534869194030762
fidelitone,200,92922,19,,1.0364391803741455
esland,200,405185,62,,1.8067638874053955
field,200,271201,17,,1.1681647300720215
fortifyhealth,200,36314,3,,0.7008020877838135
flatironssolutions,200,55315,7,,0.8820512294769287
fiveandfly,200,234030,36,,1.1593389511108398
fremontgroup,200,11,0,,0.6090989112854004
frazil,200,32155,4,,0.7182941436767578
fs-elliott,200,14148,3,,0.5782299041748047
forterro,200,286240,49,,1.4600048065185547
frontline,200,42702,4,,0.7099618911743164
fscurtis,200,47143,8,,0.8123791217803955
fulwellentertainment,200,42197,3,,0.6928200721740723
foxconnwi,200,602996,102,,1.6986370086669922
gain-careers,200,11,0,,0.6237130165100098
fundapps,200,46528,4,,0.7911920547485352
futuregroup,200,43729,4,,0.7785341739654541
gainuk,200,11,0,,0.6024887561798096
franklin-electric,200,619475,89,,1.8871521949768066
gappify,200,11,0,,0.49195098876953125
gameplaygalaxy,200,11,0,,0.5214200019836426
gcp,200,11,0,,0.5252699851989746
futurecareers,200,327888,26,,1.3799049854278564
gearsupply,200,11,0,,0.5244450569152832
geeiq,200,11,0,,0.5441408157348633
gdenergyproducts,200,19266,3,,0.7655308246612549
globeleq,200,11,0,,0.5005676746368408
gig,200,41595,7,,0.7937579154968262
girlsontherun,200,57391,5,,0.7122879028320312
gembaadvantage,200,70244,11,,0.9393420219421387
gardiner,200,424475,35,,1.3379108905792236
glp,200,10315,1,,0.5994110107421875
grasshopper,200,41437,6,,0.7851657867431641
gravityglobal,200,142084,12,,0.9162509441375732
gordonmurraygroup,200,86069,7,,1.0918610095977783
gmesupply,200,265702,42,,1.3770101070404053
groupgti,200,84511,10,,0.9253661632537842
greenergy,200,96124,13,,1.062695026397705
greenwoodproject,200,157101,9,,1.0689759254455566
gtci,200,3158,1,,0.6016170978546143
gs1ca,200,32212,3,,0.7104520797729492
gloryglobal,200,1058501,106,,2.1042182445526123
guernseyelectricity,200,47282,8,,0.8592522144317627
groupo,200,145186,19,,1.168828010559082
harnham,200,46242,7,,0.7636778354644775
hallmarkhcs,200,53569,6,,0.8962771892547607
hcbrands,200,8167,1,,0.5287623405456543
hcfraudshield,200,16914,2,,0.6765279769897461
hazelcast,200,52890,8,,0.7346811294555664
hgcapital,200,1260,1,,0.6216928958892822
hirasmus,200,89148,5,,0.9497478008270264
helpr,200,226761,60,,1.3334171772003174
headkount,200,363026,63,,1.4757378101348877
harmeny,200,85953,6,,2.330151319503784
holdinghandsinc,200,87434,19,,1.1275198459625244
herrs,200,392932,42,,1.6134531497955322
hirenightowl,200,590918,99,,1.655468225479126
hooli,200,33116,13,,0.8040618896484375
hopwood,200,29851,5,,0.6691761016845703
huddnewcoll,200,7749,2,,0.5675780773162842
howe,200,32436,6,,0.7462468147277832
hughbaird,200,115086,12,,0.8762948513031006
hyperhippo,200,11,0,,0.5403461456298828
icario,200,11,0,,0.5285429954528809
hollandamericaprincess,200,290679,44,,1.5706720352172852
hollandamericagroup,200,892056,115,,2.056839942932129
impruvonhealth,301,111,,https://impruvon.pinpointhq.com/postings.json,0.45801711082458496
ifx,200,130248,11,,0.8948137760162354
impactassets,200,62960,5,,0.8530700206756592
imagemaker,200,185954,27,,1.1927201747894287
insightgroup,200,11,0,,0.49555301666259766
in-telecom,200,131728,12,,0.9098050594329834
inmusicbrands,200,114106,22,,0.8897562026977539
instantimpactrecruitment,200,11,0,,0.5416519641876221
intellihr,200,11,0,,0.6083800792694092
instant-impact,200,155434,24,,1.1594610214233398
interopio,200,11,0,,0.5254437923431396
intandem,200,122125,11,,1.072159767150879
indrive,200,828362,126,,1.9475090503692627
investorhub,200,32626,4,,0.715399980545044
ipsos,200,11,0,,0.5364189147949219
itvet,200,9739,2,,0.5456762313842773
intermedia,200,643746,63,,1.5867371559143066
impulsespace,200,1357886,192,,2.6681580543518066
invictus-verus,200,130328,11,,1.038985013961792
iuoelocal793,200,14894,1,,0.6212430000305176
innovetivepetcare,200,1555393,177,,2.583724021911621
iventure,200,33655,4,,0.7139689922332764
iwbi,200,11,0,,0.5121662616729736
jbh,200,11,0,,0.5218491554260254
jbs-ltd,200,36043,17,,0.761803150177002
jec,200,47349,6,,0.8334789276123047
jerseywater,200,16372,2,,0.729079008102417
jed,200,24721,2,,0.7801141738891602
joe-testing,200,38115,14,,0.7743330001831055
isginc,200,1144891,149,,1.9803800582885742
jimersonfirm,200,195417,14,,1.0497078895568848
karpstrategies,200,7640,1,,0.5478229522705078
jtglobal,200,12343,2,,0.8143980503082275
judge-priestley,200,70197,7,,0.840507984161377
keck,200,47953,7,,0.7864692211151123
joveo-sandbox,200,251372,61,,1.2712881565093994
kenwayconsulting,200,86307,6,,0.9674298763275146
knack,200,11,0,,0.5787067413330078
kriyatx,200,31709,4,,0.7342309951782227
kharon,200,241387,24,,1.1331899166107178
krestonreeves,200,94396,13,,0.9060370922088623
lancashire-group,200,27576,4,,0.8188819885253906
lantern,200,11,0,,0.5212092399597168
lakesidetrucks,200,138777,28,,1.1276321411132812
joinparachute,200,1962128,431,,3.0918378829956055
leadingedgeaviation,200,58196,6,,0.8637862205505371
leighton,200,30608,3,,0.7258880138397217
keystoneclear,200,1087580,201,,2.3956339359283447
lendable,200,40261,5,,0.711810827255249
leski,200,15803,2,,0.6318490505218506
lichfields,200,11,0,,0.5268759727478027
lbresearch,200,219496,17,,1.2834539413452148
lldc,200,11,0,,0.5472569465637207
livelink,200,12676,2,,0.5754082202911377
lingoda,200,118535,13,,0.8941769599914551
loccitane,200,9131,1,,0.7314019203186035
kempinski,200,1846531,306,,3.597923994064331
londonyouth,200,34391,3,,0.7899529933929443
londonhireltd,200,83010,15,,1.049088954925537
madfishdigital,200,11,0,,0.524346113204956
lvcaregroup,200,88975,13,,0.974233865737915
mainstreetanesthesia,200,29454,11,,0.8153462409973145
makers,200,53219,4,,0.7729060649871826
maldensolutions,200,11,0,,0.519507884979248
made-tech,200,292081,22,,1.3237547874450684
malaa,200,34010,5,,0.6842081546783447
lush,200,547898,55,,1.7662923336029053
mammoth,200,31837,5,,0.7561030387878418
marketingpros,200,8490,1,,0.5592219829559326
mavericklabs,200,11,0,,0.5535178184509277
matter,200,36291,4,,0.6998388767242432
maverick-games,200,1534,1,,0.6184780597686768
marlboroughhighways,200,65804,12,,0.7985179424285889
mechanismventures,200,11,0,,0.5099358558654785
mcbains,200,19412,2,,0.7243139743804932
medic,200,11,0,,0.5335090160369873
meridianbirdremovalcareers,200,11,0,,0.5104591846466064
magic,200,3547485,164,,2.5697059631347656
medical,200,92920,6,,0.8753180503845215
mbhealthcare,200,358791,106,,1.5234391689300537
mimeo,200,7464,1,,0.5360231399536133
midkent,200,35546,6,,0.8552932739257812
miller,200,128420,32,,0.9896411895751953
menzies,200,694298,85,,1.608515739440918
migso-pcubed,200,219965,26,,1.1477060317993164
mmgapts,200,146156,25,,1.1537668704986572
mosaicvet,200,55361,9,,0.9159810543060303
mooreks,200,231965,25,,1.1801049709320068
mplc,200,11,0,,0.546051025390625
multiplier-careers,200,41523,3,,0.7504169940948486
murphysnaturals,200,21201,3,,0.5907711982727051
mpdn,200,266254,27,,1.213515043258667
myinterview,200,11,0,,0.5821621417999268
mymedtrust,200,11,0,,0.5843138694763184
naimaudio,200,14599,2,,0.6579821109771729
napier,200,56124,5,,0.9989409446716309
nasstar,200,92068,13,,0.9209871292114258
moleonline,200,309345,58,,2.762242078781128
mountainwarehouse,200,1575841,225,,2.4811508655548096
mybrio,200,521030,78,,1.7422809600830078
nextgenskills,200,3107,1,,0.6257760524749756
ncheurope,200,57830,10,,1.0532917976379395
navigatepower,200,922932,71,,1.934473991394043
nccgroup,200,691493,76,,1.6519429683685303
newfireglobal,200,179032,23,,1.1110939979553223
northcodersgroup,200,11,0,,0.49755382537841797
natcen,200,1155708,138,,2.484246015548706
nodalexchange,200,30813,4,,0.7268819808959961
northernbedrockcorps,200,27067,2,,0.7691819667816162
notonthehighstreet,200,11,0,,0.5418782234191895
nmc,200,74376,7,,1.1938438415527344
nuvitek,200,210720,21,,1.0825159549713135
neptuneretailsolutions,200,1830448,318,,2.971406936645508
nyx,200,66199,12,,0.9805989265441895
nxcus,200,388098,46,,1.325362205505371
ohiovalleyelectriccorporation,200,122312,14,,0.9418497085571289
oilchange,200,6369,1,,0.5299720764160156
nypl,200,241526,22,,1.3404881954193115
onboarding,200,11,0,,0.526170015335083
oneplan,200,11,0,,0.5671281814575195
oneapp,200,11,0,,0.6000077724456787
ouswre,200,11,0,,0.5887441635131836
orangutech,200,57181,8,,0.8029487133026123
outthererpo,200,11,0,,0.5209610462188721
overlandpartners,200,11,0,,0.5288589000701904
networkplus,200,829979,134,,4.3508460521698
ovme,200,73894,11,,0.9882781505584717
oxfordmetrics,200,20716,3,,0.7015368938446045
nfamilyclub,200,2623340,286,,3.9596638679504395
partnersforhome,200,28420,3,,0.7128269672393799
pathify,200,16101,2,,0.6005451679229736
onlineriver,200,485930,86,,1.676712989807129
patlive,200,11,0,,0.5366051197052002
oxfordinternational,200,155032,12,,1.144697904586792
pbp,200,11,0,,0.6038329601287842
peninsula360,200,49083,9,,0.7564091682434082
peverelcourtcare,200,52120,9,,0.7648189067840576
pexcard,200,29197,4,,0.7787289619445801
pflugerarchitects,200,51865,6,,0.7873430252075195
penrosehealth,200,79271,13,,0.9162390232086182
pipedreams,200,11,0,,0.7290029525756836
pipeworks,200,46762,5,,0.7177879810333252
polfed,200,26971,3,,0.7232558727264404
portnox,200,54287,7,,0.7420690059661865
plessey,200,146209,24,,1.0653328895568848
ports,200,10506,2,,0.6148486137390137
pinnbank,200,655614,77,,1.883660078048706
pod-point,200,124007,10,,1.2765719890594482
poloworks,200,176890,24,,1.1530399322509766
portakabin,200,130677,26,,1.1492068767547607
precisionneuro,200,11,0,,0.5350871086120605
pridefoundation,200,11,0,,0.5275640487670898
propelleraero,200,11,0,,0.579585075378418
premierleague,200,37570,3,,0.9239649772644043
pricebrotherskc,200,81124,12,,0.9014372825622559
projectcanary,200,47124,5,,0.8032550811767578
pssg,200,9924,1,,0.8129489421844482
qualitylogic,200,11,0,,0.5345859527587891
quietly,200,7133,1,,0.5657737255096436
qellus,200,70353,8,,0.7537789344787598
qac,200,82214,5,,1.047489881515503
pxlimited,200,312688,44,,1.35642409324646
recentive,200,11,0,,0.5500719547271729
rangeline,200,99030,16,,0.9235939979553223
ravelin,200,99296,11,,0.926569938659668
recycle,200,11,0,,0.5225090980529785
repdata,200,11,0,,0.49117493629455566
receptive,200,84018,13,,1.0102710723876953
rethinkpriorities,200,35747,1,,0.7645759582519531
riipen,200,11,0,,0.5519638061523438
rewardgateway,200,102898,14,,1.1474511623382568
rivalry,200,11,0,,0.7630839347839355
robertson,200,11,0,,0.5381021499633789
rise-collective,200,172939,12,,1.1232860088348389
rockborne,200,6642,1,,0.6341733932495117
reconomy,200,567461,67,,2.196953296661377
reimaginedcareers,200,932498,94,,2.1064629554748535
princesscruises,200,3009640,313,,3.6938531398773193
rockitmotors,200,46566,9,,0.7659509181976318
roofingsource,200,73013,21,,0.898698091506958
ruffwear,200,10554,1,,0.5734109878540039
rlb,200,480057,41,,1.8494231700897217
safetywing,200,18262,3,,0.714317798614502
rwdi,200,254846,32,,1.1726689338684082
saffery,200,21292,2,,0.7731678485870361
rowdentech,200,425080,37,,1.2476961612701416
roofsbyaspen,200,500016,54,,1.6910910606384277
sabio,200,137143,14,,1.4078071117401123
saotg,200,3153,1,,0.5523812770843506
sans,200,37863,4,,0.8805990219116211
sandpiperci,200,59163,13,,1.2814948558807373
savannainstitute,200,14611,1,,0.6729519367218018
sandwell,200,70134,9,,1.1034669876098633
sbgl,200,66549,7,,0.8887491226196289
scottishfa,200,7609,2,,0.6193289756774902
sepiontechnologies,200,11,0,,0.5503671169281006
scandiweb,200,134004,13,,1.0055310726165771
scurri,200,30586,4,,0.7073197364807129
securiancanada,200,19091,2,,0.9099118709564209
scorpiogroup,200,273812,62,,1.334012746810913
seras,200,49392,9,,0.7740349769592285
sensiba,200,196882,22,,1.1820979118347168
serefin,200,16034,2,,0.8400049209594727
sevenpointscapital,200,21416,8,,0.8119950294494629
seymourhotels,200,17337,2,,0.9218728542327881
simpleclub,200,24525,3,,0.7648439407348633
shieldtp,200,152865,18,,1.123641014099121
sjsustudentunion,200,86730,6,,1.0393543243408203
smartthings,200,46873,5,,0.8950748443603516
spektrix,200,11,0,,0.538830041885376
speedyfreight,200,38598,5,,0.7138149738311768
snapanalytics,200,103743,11,,1.0562069416046143
skinspirit,200,349076,40,,1.3168210983276367
sobencc,200,55819,8,,1.0856220722198486
sstb,200,11,0,,0.5214090347290039
steer73,200,11,0,,0.5126569271087646
stellarmanagement,200,6630,1,,0.6369211673736572
skims,200,1174725,116,,2.156513214111328
stpetrocs,200,18410,1,,0.732417106628418
stsaviour,200,11,0,,0.5294642448425293
stratom,200,36117,3,,0.8035671710968018
stacywitbeck,200,301191,36,,1.3597331047058105
superside,200,11,0,,0.5677731037139893
spiralyze,200,429904,87,,1.735318899154663
summitk12,200,56575,6,,0.9951050281524658
syncfusion,200,11,0,,0.5076239109039307
swagelok,200,61936,5,,0.7572038173675537
surgohealth,200,21386,2,,0.8080787658691406
systematica,200,44185,6,,0.7279438972473145
taco,200,11,0,,0.6169140338897705
tandym,200,5270,1,,0.5484130382537842
tails,200,40237,5,,0.7416729927062988
tatachemicals,200,16571,2,,0.6560628414154053
teacherapprenticeship,200,11,0,,0.5144491195678711
taxalchemy,200,75299,9,,1.062610149383545
teachmichigan,200,25459,5,,0.7114770412445068
thearchco,200,31385,3,,0.6834619045257568
teaching-strategies,200,144452,13,,0.9575450420379639
tabby,200,422680,62,,1.7029550075531006
sunking,200,1633996,210,,2.3736798763275146
thebulwark,200,11,0,,0.5852549076080322
telesolvconsulting,200,267904,56,,1.1423988342285156
theiagen,200,36473,3,,0.7189927101135254
theimpact,200,11,0,,0.6126360893249512
theinstantgroup,200,11,0,,0.618955135345459
theloadingdock,200,11,0,,0.5581519603729248
therapymgmt,200,11,0,,0.7432289123535156
theready,200,11,0,,0.5984001159667969
thestahlcompanies,200,11,0,,0.6067028045654297
thecoteam,200,252273,49,,1.4150030612945557
tithely,200,19409,2,,0.680927038192749
thompsonslaw,200,95690,18,,1.0875368118286133
tradecentric,200,13819,2,,0.6663169860839844
trainwell,200,11,0,,0.5300149917602539
thorne,200,393887,38,,1.2469048500061035
themischgroup,200,423277,69,,1.8453829288482666
torbaycouncil,200,168923,18,,1.1859211921691895
tradingtechnologies,200,272791,22,,1.079474925994873
trialimpact,200,9875,1,,0.6214449405670166
tripledotstudios,200,11,0,,0.6782829761505127
transformuk,200,85704,7,,1.0164222717285156
tuscanystrategy,200,11,0,,0.5401473045349121
trivandi,200,60435,4,,0.8728659152984619
trulygoodfoods,200,93306,10,,0.8736922740936279
trinidadbenham,200,181067,29,,1.282358169555664
uktv,200,44280,4,,0.8058710098266602
universal,200,11,0,,0.5726220607757568
togethergroup,200,262625,36,,2.7712011337280273
updatepromise,200,101087,18,,0.9969978332519531
vaiie,200,11,0,,0.6031181812286377
verdox,200,11,0,,0.6198937892913818
twiningsovocareers,200,233194,34,,1.659543752670288
upway,200,396280,59,,1.3870198726654053
vintagecashcow,301,110,,https://vintage.pinpointhq.com/postings.json,0.4837980270385742
vena,200,193924,31,,1.2740347385406494
vitalbio,200,11,0,,0.5244259834289551
utilitiesone,200,684436,116,,1.8291568756103516
virtualstaffing,200,11,0,,0.759462833404541
wagepoint,200,11,0,,0.6039459705352783
vitech-systems-group,200,11,0,,0.773622989654541
waymark,200,11,0,,0.5844290256500244
weare54,200,11,0,,0.5826370716094971
wealthwizards,200,13377,1,,0.6855859756469727
wanstor,200,78347,12,,0.8843929767608643
wearehuman8,200,82803,10,,1.0708880424499512
wecarehcc,200,11,0,,0.9765899181365967
wellpsyche,200,56233,12,,0.8940060138702393
wearemapp,200,157782,10,,1.2804110050201416
wfs,200,95371,12,,0.8867928981781006
windward-energy,200,15546,2,,0.6745870113372803
weoneil,200,835471,67,,1.532088041305542
whiteswandata,200,30010,5,,0.8506820201873779
whitecoatmg,200,97768,14,,0.9954700469970703
wigan-leigh-ac-uk,200,134162,13,,0.957054853439331
wmhsolutions,200,659419,43,,1.5093169212341309
wmtrains,200,45554,7,,0.9759678840637207
workwithus,200,20587,2,,0.8171429634094238
trilongroup,200,6821397,932,,6.441571235656738
workstaff360,200,173817,34,,1.1944470405578613
woodrodgers,200,185793,27,,1.246603012084961
wolve,200,167772,24,,1.277984857559204
xeneta,200,9286,1,,0.6010401248931885
ynab,200,11,0,,0.5309629440307617
xantura,200,38935,4,,0.7501060962677002
worldanimalprotection,200,87991,14,,1.0568828582763672
zenergi,200,11,0,,0.5355539321899414
vgroup,200,1617893,366,,5.608743906021118
zencargo,200,33701,4,,0.7457489967346191
wyld,200,379215,42,,1.6383888721466064
zappi,200,81250,6,,0.989232063293457
yuenergy,200,265648,30,,1.5704262256622314
zincwork,200,126597,16,,0.8968539237976074
zevohealth,200,115163,15,,2.469968795776367
ymcaboston,200,1898919,235,,5.776345729827881
