slug,json_status,json_bytes,postings,json_location,root_status,root_bytes,_,root_location
16i,404,11684,,,404,11684,,
1000ftcables,404,11684,,,404,11684,,
365tickets,404,11684,,,404,11684,,
10kbi-2021,200,11,0,,200,119982,,
1840andco,200,11,0,,200,145516,,
a1comms,200,11,0,,200,76885,,
98point6,200,11,0,,200,78140,,
aarcorp,404,11684,,,404,11684,,
5starnutrition,200,159690,38,,200,153855,,
10kai,200,67261,59,,200,106582,,
10kbi,200,342961,304,,200,120884,,
abl-group,200,11,0,,200,84696,,
abramsonlaborgroup,200,11,0,,200,76908,,
able-interns,200,38174,33,,200,91013,,
abcdboston,200,626255,56,,200,134544,,
accesspay,200,11,0,,200,72800,,
accofmi,404,11684,,,404,11684,,
10kbi-23,200,751441,638,,200,119266,,
accelercomm,200,80126,12,,200,74351,,
acorntraining,301,116,,https://futurecareers.pinpointhq.com/postings.json,301,103,,https://futurecareers.pinpointhq.com/
accredible,200,11,0,,200,87093,,
activestate,200,11,0,,200,71890,,
adalo,200,2604,1,,200,75881,,
adblock,200,11,0,,200,71300,,
acuitycare,200,11,0,,200,94728,,
adamarchitecture,200,35857,6,,200,174457,,
adenza,200,11,0,,200,80481,,
addressable,200,11,0,,200,74219,,
acelr8,200,11,0,,200,70620,,
adenza-training,200,7803,1,,200,42401,,
aesc-group,200,11,0,,200,78529,,
aestrategies,200,29077,3,,200,90514,,
agmonitor,200,11,0,,200,127607,,
agomab,200,25043,3,,200,70646,,
afme,200,15724,2,,200,116589,,
aibidia,200,11,0,,200,78438,,
afcb,200,33752,4,,200,177336,,
air-rescue,404,11684,,,404,11684,,
advantagedental,200,265058,55,,200,123893,,
allcarejersey,404,11684,,,404,11684,,
altr,200,11,0,,200,72095,,
alohastaffing,200,11,0,,200,79621,,
airhelp,200,11,0,,200,210438,,
alliedmaker,200,11,0,,200,75431,,
amberenergy,301,108,,https://amber.pinpointhq.com/postings.json,301,95,,https://amber.pinpointhq.com/
allclearinsurance,200,21549,3,,200,105796,,
amihealthcare,200,11,0,,200,72472,,
amplience,200,11,0,,200,81078,,
ampx,200,11,0,,200,86929,,
analystinstitute,200,11,0,,200,72965,,
animaladvocacycareers,200,11,0,,200,79923,,
anotherstar,200,95500,11,,200,134705,,
aoea,200,11,0,,200,120157,,
americancampus,200,1030943,112,,200,131975,,
ampagroup,200,383936,47,,200,141292,,
appliedlabs,200,11,0,,200,74353,,
appinchina,200,11,0,,200,85214,,
appleyardlees,200,11,0,,200,111545,,
apexprimecare,200,11,0,,200,99753,,
aquivalabs,200,11,0,,200,78307,,
aps,200,7355,1,,200,105099,,
ariswater,200,11,0,,200,78049,,
arkamys,200,11,0,,200,75754,,
armaments,200,11,0,,200,74124,,
arqit,200,11,0,,200,81863,,
asc-es,404,11684,,,404,11684,,
artisan,200,11,0,,200,73967,,
asdzxc,404,11684,,,404,11684,,
ascend,200,11,0,,200,74698,,
asglegaltech,301,111,,https://paradigm.pinpointhq.com/postings.json,301,98,,https://paradigm.pinpointhq.com/
arch,200,11,0,,200,80521,,
armstrongwatson,200,788989,70,,200,112880,,
askhelios,404,11684,,,404,11684,,
asl,404,11684,,,404,11684,,
asldkf,404,11684,,,404,11684,,
assembly,404,11684,,,404,11684,,
atam,404,11684,,,404,11684,,
atlas,404,11684,,,404,11684,,
auba,301,110,,https://desteia.pinpointhq.com/postings.json,301,97,,https://desteia.pinpointhq.com/
assaabloy,200,11,0,,200,88695,,
auden,200,11,0,,200,82272,,
autorek,200,11,0,,200,76403,,
automotiverecruiters,200,11,0,,200,71473,,
baccata,404,11684,,,404,11684,,
bahaduhan,404,11684,,,404,11684,,
auvodka,200,11,0,,200,81236,,
axelerant,200,11,0,,200,99959,,
avaaz,200,14742,2,,200,80778,,
avreklaw,200,55040,11,,200,128813,,
barclays,404,11684,,,404,11684,,
balticpower,200,11,0,,200,91774,,
banyancom,200,11,0,,200,77514,,
ballet,200,19924,4,,200,167702,,
bdo,404,11684,,,404,11684,,
bdogreenlight,404,11684,,,404,11684,,
bandlab,200,12797,2,,200,79696,,
bateswells,200,24976,2,,200,87551,,
bdotalent,301,111,,https://estalent.pinpointhq.com/postings.json,301,98,,https://estalent.pinpointhq.com/
betashares,200,11,0,,404,11732,,
betprophet-co,301,118,,https://prophetexchange.pinpointhq.com/postings.json,301,105,,https://prophetexchange.pinpointhq.com/
bdoguernsey,200,11,0,,200,134805,,
beehiiv,200,11,0,,200,85232,,
bettyvieira,200,11,0,,200,69437,,
bhsc,301,113,,https://acuitycare.pinpointhq.com/postings.json,301,100,,https://acuitycare.pinpointhq.com/
berkeleygroup,200,139966,17,,200,84306,,
benchmarkcapital,200,179065,22,,200,205538,,
bighappy,200,33757,4,,200,143017,,
bildstudios,200,11,0,,200,76454,,
bigtex,200,11,0,,200,116087,,
billie,200,11,0,,200,129735,,
bionano,200,11,0,,200,82583,,
birchgold,200,10898,1,,200,121883,,
biomade,200,113698,10,,200,90220,,
bison-old,200,11,0,,200,73038,,
bizimply,200,11638,2,,200,77833,,
bison,200,40240,5,,200,74648,,
bluefin,200,11,0,,200,71866,,
blackpooltransport,200,57683,5,,200,111638,,
blueoceanseismic,200,11,0,,200,74305,,
blueprintbiosecurity,200,11,0,,200,130336,,
bluon,200,11,0,,200,73547,,
brackenrothwell,404,11684,,,404,11684,,
bmd,200,11,0,,200,77375,,
bluejayaba,200,121003,29,,200,119852,,
branch,200,11,0,,200,73218,,
bnc-ox-ac,200,13951,1,,200,112808,,
brick-lane,200,11,0,,200,70974,,
bricklane,200,11,0,,200,102534,,
brightteach,200,68858,5,,200,110631,,
broadfutures,200,18411,3,,200,79297,,
british-business-bank,200,37610,6,,200,141113,,
brooklyndata,200,11,0,,200,74242,,
breedongroup,200,679696,102,,200,41944,,
bricktownwatertaxi,200,11,0,,200,75181,,
brivo,200,547801,75,,200,194544,,
bryq,200,9377,4,,200,69797,,
bsagroup,200,11,0,,200,75309,,
buma,404,11684,,,404,11684,,
bryanfagan,200,303140,48,,200,104663,,
bsocial,200,11,0,,200,94594,,
c5alliance,200,11,0,,200,116437,,
calibregroup,301,123,,https://automotiverecruiters.pinpointhq.com/postings.json,301,110,,https://automotiverecruiters.pinpointhq.com/
cadogantate,200,11,0,,200,75252,,
calcot,200,11,0,,200,88982,,
capterra,404,11684,,,404,11684,,
cameronmackintosh,200,11,0,,200,108488,,
campgreystone,200,24237,3,,200,93560,,
campskyline,200,11,0,,200,123312,,
careconnect,200,11,0,,200,72071,,
carewell,200,11,0,,200,75683,,
careycarey,200,11,0,,200,73847,,
cartodb,404,11684,,,404,11684,,
carterclarke,404,11684,,,404,11684,,
carringtonwest,200,11,0,,200,75815,,
cdao,301,109,,https://ouswre.pinpointhq.com/postings.json,301,96,,https://ouswre.pinpointhq.com/
ccag,404,11684,,,404,11684,,
careys,200,174597,34,,200,162299,,
cartoncloud,200,11,0,,200,227473,,
centralnicgroup,301,115,,https://teaminternet.pinpointhq.com/postings.json,301,102,,https://teaminternet.pinpointhq.com/
cenerolab,404,11684,,,404,11684,,
caturus,200,303699,35,,200,80156,,
cellandgenetherapycatapult,200,11177,1,,200,105382,,
cepton,200,11,0,,200,73017,,
cerkl,200,11,0,,200,73990,,
certn,200,11,0,,200,76581,,
cfcu,200,11,0,,200,74471,,
cfar,200,19810,2,,200,119334,,
ces,200,204389,32,,200,110616,,
chainbridgesolutions,200,26286,3,,200,78122,,
cgtcanada,200,92235,11,,200,71782,,
channeltv,404,11684,,,404,11684,,
chancetoshine,200,8890,1,,200,128962,,
changelog,404,0,,,301,0,,https://headwayapp.co/pinpoint-changelog
checkamate,404,11684,,,404,11684,,
ciandt,404,11684,,,404,11684,,
choozle,200,11,0,,200,72769,,
chlmortgages,200,11,0,,200,74499,,
cintra-dev,200,11,0,,200,69964,,
citd,404,11684,,,404,11684,,
citizenm,301,114,,https://anotherstar.pinpointhq.com/postings.json,301,101,,https://anotherstar.pinpointhq.com/
checkit,200,54267,6,,200,178169,,
clara,404,11684,,,404,11684,,
cleared-recruiters,200,11,0,,200,77546,,
closetamerica,200,11,0,,200,71800,,
codentia,404,11684,,,404,11684,,
cloudcall,200,11,0,,200,74327,,
cofenster,404,11684,,,404,11684,,
codat,200,11,0,,200,88166,,
cms2,200,66456,7,,200,117878,,
clever-digital-marketing,200,172312,15,,200,121557,,
cognitionx,301,107,,https://cogx.pinpointhq.com/postings.json,301,94,,https://cogx.pinpointhq.com/
cogx,200,11,0,,200,74113,,
coinshares,404,11684,,,404,11684,,
cohoclimate,200,11,0,,200,75327,,
collins-jewell,200,11,0,,200,75634,,
collascrill,200,23613,4,,200,95775,,
commongrounds,404,11684,,,404,11684,,
comnexa,200,11,0,,200,74249,,
comstock,200,11,0,,200,89117,,
connectpay,200,11,0,,200,76821,,
conductorone,200,11,0,,200,85854,,
connectr,301,110,,https://acrobat.pinpointhq.com/postings.json,301,97,,https://acrobat.pinpointhq.com/
connectearth,200,11,0,,200,78182,,
containerlabs,404,11684,,,404,11684,,
confidencems,200,240345,54,,200,107549,,
controlant,200,11,0,,200,75848,,
cookietrilongroup,404,11684,,,404,11684,,
coopereyecare,200,11,0,,200,71415,,
coople,200,20457,6,,200,76931,,
content,404,26804,,,301,0,,https://www.pinpointhq.com/
copper,200,41250,5,,200,149029,,
cotesaintluc,200,11,0,,200,75951,,
corbinengineering,200,197726,25,,200,137550,,
cord,200,26296,3,,200,130393,,
covers,200,11,0,,200,74725,,
creatif,404,11684,,,404,11684,,
crescendocollective,404,11684,,,404,11684,,
credencebackground,200,11,0,,200,90378,,
creativeforce,200,38550,4,,200,37665,,
criadvantage,200,11,0,,200,74523,,
ctolabs,404,11684,,,404,11684,,
crossroadcoach,200,11,0,,200,78764,,
ctrl,200,11,0,,200,73767,,
crisissupport,200,35257,3,,200,74174,,
culturetrip,200,11,0,,200,73803,,
currencycloud,404,11684,,,404,11684,,
curateinsights,200,11,0,,200,74851,,
customerfirst,301,114,,https://cohoclimate.pinpointhq.com/postings.json,301,101,,https://cohoclimate.pinpointhq.com/
cuvva,404,11684,,,404,11684,,
cyberstart,200,11,0,,200,86041,,
cvtechnology,200,9443,1,,200,151877,,
dataclymer,200,11,0,,200,74660,,
daas,200,107917,16,,200,116149,,
davidchipperfieldarchitects,200,4501,1,,200,75558,,
decaturutilities,200,19174,4,,200,151822,,
dains,200,240692,49,,200,125470,,
deleterocketandcommerce,404,11684,,,404,11684,,
delta,404,11684,,,404,11684,,
deister,200,12698,2,,200,152816,,
demica,200,11,0,,200,73118,,
developers,404,68880,,,302,27,,/docs
dacbeachcroft,200,1008925,132,,200,107549,,
desteia,200,11561,1,,200,96478,,
devfacto,301,110,,https://lantern.pinpointhq.com/postings.json,301,97,,https://lantern.pinpointhq.com/
diffblue,404,11684,,,404,11684,,
digitaljersey,200,9571,1,,200,123038,,
detertech,200,194597,21,,200,123834,,
djrelocation,200,4165,1,,200,73974,,
dimesociety,200,11,0,,200,119075,,
dlscorporation,200,2041,1,,200,110925,,
dmed,200,11,0,,200,71422,,
djh,200,169883,28,,200,78543,,
doist,200,11,0,,200,72638,,
dolanhotels,404,11684,,,404,11684,,
donestreet,200,11,0,,200,72006,,
dob,200,47981,6,,200,59250,,
dnata,200,276214,40,,200,83239,,
donmarwarehouse,200,14349,2,,200,114448,,
dornanoandco,200,11,0,,200,87358,,
dogstrust,200,56913,15,,200,98833,,
drivernetworkservice,301,117,,https://driverondemand.pinpointhq.com/postings.json,301,104,,https://driverondemand.pinpointhq.com/
durrell,404,11684,,,404,11684,,
doublefine,200,11,0,,200,155258,,
dyedurham,200,11,0,,200,76836,,
dwe,200,46897,9,,200,98375,,
efg,404,11684,,,404,11684,,
eastwestrail,200,27226,3,,200,103517,,
edisonohio,200,120582,14,,200,101911,,
ejusa,404,11684,,,404,11684,,
ekaterratea,200,11,0,,200,75540,,
earlybirdtutors,200,821602,177,,200,71331,,
eisgroup,200,187705,19,,200,189650,,
enablemedicine,200,11,0,,200,73598,,
emergn,200,48375,8,,200,77580,,
encantos,200,11,0,,200,75161,,
engagemilepost,200,11,0,,200,77232,,
engagetech,200,11,0,,200,76427,,
elemis,200,371383,37,,200,168025,,
enodatech,200,11,0,,200,80893,,
enquizit,200,11,0,,200,97118,,
epochai,200,11,0,,200,77720,,
esken,404,11684,,,404,11684,,
envisionageinc,200,76172,9,,200,75868,,
eskenrenewables,301,108,,https://seras.pinpointhq.com/postings.json,301,95,,https://seras.pinpointhq.com/
energyaspects,200,82077,10,,200,146100,,
eslandcare,301,109,,https://esland.pinpointhq.com/postings.json,301,96,,https://esland.pinpointhq.com/
enva,200,408318,52,,200,81192,,
etereo,200,11,0,,200,73089,,
equinox-eng,200,330162,44,,200,155308,,
exactech,301,114,,https://advitaortho.pinpointhq.com/postings.json,301,101,,https://advitaortho.pinpointhq.com/
evotix,200,11,0,,200,79115,,
example09,404,11684,,,404,11684,,
exploration,200,11,0,,200,75447,,
facebook,200,11,0,,200,69251,,
fairground-music,200,11,0,,200,71381,,
fairwaygroup,200,11,0,,200,73006,,
fetchpackage,301,116,,https://fetch-package.pinpointhq.com/postings.json,301,103,,https://fetch-package.pinpointhq.com/
fifa,200,11,0,,200,95884,,
findmypast,200,11,0,,200,98673,,
fernway,200,61689,9,,200,125339,,
finfrock,200,72158,14,,200,135153,,
flawlessrecruit,200,11,0,,200,75700,,
finvi,200,11,0,,200,80238,,
finfrock-old,200,47327,6,,200,129745,,
flexcavo,200,11,0,,200,71801,,
fifa-careers,200,456138,49,,200,166150,,
flexxray,200,26913,4,,200,118330,,
flowengineering,200,11,0,,200,93373,,
floowitalent,200,11,0,,200,90825,,
food4heroes,404,11684,,,404,11684,,
focuslab,404,11684,,,404,11684,,
fmcgroup,200,5328,1,,200,108749,,
fluentcommerce,200,20022,2,,200,180389,,
flintbishop,200,532166,70,,200,194330,,
fortnightcollective,200,11,0,,200,74417,,
forwardplatform,200,11,0,,200,77605,,
fourhands,200,11,0,,200,76062,,
fredgoodwill,200,11,0,,200,112975,,
freetrade,200,11,0,,200,78465,,
freeda,200,21958,3,,200,76850,,
freeagent,200,47589,5,,200,118050,,
fresh-energy,200,8574,1,,200,72262,,
freshformdraft,200,11,0,,200,74436,,
frontierpsychiatry,200,11,0,,200,78134,,
freuds,200,11,0,,200,88856,,
frollo,200,11,0,,200,88593,,
fulwell73,301,123,,https://fulwellentertainment.pinpointhq.com/postings.json,301,110,,https://fulwellentertainment.pinpointhq.com/
fuelcycle,200,11,0,,200,76210,,
frontofficesports,200,11,0,,200,87439,,
freshstartineducation,200,129262,26,,200,206730,,
garenne,404,11684,,,404,11684,,
gagosian,200,14065,3,,200,111018,,
gauntfrancisarchitectsltd,200,11,0,,200,95101,,
gdsgroup,200,11,0,,200,84981,,
geosite,200,11,0,,200,71859,,
geminiadvisory,200,11,0,,200,73835,,
geldards,200,19977,3,,200,115621,,
getmagic,200,11,0,,200,72304,,
gitmeidlaw,301,115,,https://safeguardlaw.pinpointhq.com/postings.json,301,102,,https://safeguardlaw.pinpointhq.com/
getmagical,200,11,0,,200,97500,,
glennhowells,301,110,,https://howells.pinpointhq.com/postings.json,301,97,,https://howells.pinpointhq.com/
glpcp,301,106,,https://gcp.pinpointhq.com/postings.json,301,93,,https://gcp.pinpointhq.com/
goborderless,200,11,0,,200,75129,,
gkc,200,47057,4,,200,73209,,
goco,404,11684,,,404,11684,,
goenumerate,200,11,0,,404,11732,,
gitwit,200,179466,11,,200,89764,,
goodprincesscruises,404,11684,,,404,11684,,
greenlightplanet,301,110,,https://sunking.pinpointhq.com/postings.json,301,97,,https://sunking.pinpointhq.com/
greenpages,301,113,,https://bluemantis.pinpointhq.com/postings.json,301,100,,https://bluemantis.pinpointhq.com/
gourmey,404,11684,,,404,11684,,
goodworksconsulting,200,11,0,,200,72314,,
goodshepherdhospice,200,11,0,,200,103697,,
goodenergy,200,103062,11,,200,250280,,
gscloudsolutions,404,11684,,,404,11684,,
greensourcefab,200,58429,7,,200,129048,,
grundon,404,11684,,,404,11684,,
hallindustrialservices,200,11,0,,200,72474,,
ham,404,11684,,,404,11684,,
greenstarexteriors,200,170884,23,,200,143300,,
hadean,200,28889,4,,200,75326,,
gsttfoundation,200,59627,5,,200,143899,,
handlgroup,200,11,0,,200,72344,,
handymanhub,200,11,0,,200,73783,,
hannover,200,11,0,,200,74622,,
happiful,200,11,0,,200,71199,,
harmonicfinance,200,11,0,,200,149988,,
hawksford,404,11684,,,404,11684,,
hawk-eye,200,11,0,,200,86242,,
harpercollins,200,5597,1,,200,114050,,
headforwards,200,11,0,,200,75514,,
healthcomp,200,11,0,,200,74303,,
helicallevity,301,113,,https://cyberstart.pinpointhq.com/postings.json,301,100,,https://cyberstart.pinpointhq.com/
healthrise,200,11,0,,200,75898,,
heisme,200,11,0,,200,73391,,
hexa,404,11684,,,404,11684,,
headlandarchaeology,200,161578,12,,200,116977,,
hellosugar,200,11,0,,200,84283,,
hibh,404,11684,,,404,11684,,
hihocheeseburger,404,11684,,,404,11684,,
hiwaypaving,404,11684,,,404,11684,,
hk-pc,200,11,0,,200,70590,,
hireguide,200,11,0,,200,73961,,
highfivecares,200,85032,20,,200,128660,,
honestorigins,200,11,0,,200,74723,,
honeymoonisrael,200,27764,3,,200,120678,,
hookelehomecare,200,23546,3,,200,126784,,
howells,200,11,0,,200,73880,,
hunterslaw,200,11,0,,200,71472,,
hunsicker,200,11,0,,200,85733,,
hussain,404,11684,,,404,11684,,
humankind,200,118919,17,,200,122319,,
iamals,200,11,0,,200,75784,,
hustlenoticebiz,200,11,0,,200,79252,,
ians-group,200,11,0,,200,75815,,
iecholden,301,115,,https://rockitmotors.pinpointhq.com/postings.json,301,102,,https://rockitmotors.pinpointhq.com/
identitye2e,200,11,0,,200,75381,,
ibuypower,200,14455,3,,200,120532,,
igegroup,200,27809,3,,200,124871,,
ihie,200,11,0,,200,72067,,
immo,200,11,0,,200,80253,,
imagr,200,11,0,,200,72746,,
impactjustice,200,11,0,,200,75299,,
imagination,200,71046,6,,200,107692,,
igsinsights,200,186843,15,,200,137593,,
holtgrp,200,3349010,323,,200,86497,,
in,404,11684,,,404,11684,,
infrasofttech,404,11684,,,404,11684,,
impruvon,200,60617,5,,200,133596,,
infusegroup,404,11684,,,404,11684,,
infoplus,200,11,0,,200,74015,,
inmoment,200,11,0,,200,77379,,
instep,200,11,0,,200,72586,,
integration-testing,200,1218,1,,200,69941,,
invictus,301,117,,https://invictus-verus.pinpointhq.com/postings.json,301,104,,https://invictus-verus.pinpointhq.com/
intercom,200,11,0,,200,71665,,
ipw,301,111,,https://ambition.pinpointhq.com/postings.json,301,98,,https://ambition.pinpointhq.com/
interactsoftware,200,111291,10,,200,67944,,
iovino,200,11,0,,200,75014,,
invoxpharma,200,21870,3,,200,78141,,
isam,200,11,0,,200,73458,,
iterativescopes,200,11,0,,200,74145,,
itx,200,11,0,,200,96184,,
itchen,200,12114,2,,200,137985,,
ivlglobal,404,11684,,,404,11684,,
jerseyfinance,404,11684,,,404,11684,,
iukktn-uk,200,15407,1,,200,123878,,
jed-svmha,200,11,0,,200,81208,,
jarseducation,200,11,0,,200,71311,,
jerseywomensrefuge,301,109,,https://freeda.pinpointhq.com/postings.json,301,96,,https://freeda.pinpointhq.com/
jerseypost,200,11,0,,200,73391,,
jfsc,404,11684,,,404,11684,,
jlg,200,11,0,,200,74936,,
jetsettersjourney,200,11,0,,200,74667,,
jmfinn,200,11,0,,200,91397,,
jesus-college,200,41341,3,,200,183194,,
jobmatchpros,200,11,0,,200,70278,,
jobsatklue,200,11,0,,200,71333,,
joic,404,11684,,,404,11684,,
joinef,200,11,0,,200,86295,,
juliusbaer,404,11684,,,404,11684,,
just,200,11,0,,200,72854,,
jukeboxhealth,200,11,0,,200,77112,,
kalimukti,404,11684,,,404,11684,,
kanegroup,200,11,0,,200,76996,,
jsitel,200,316788,43,,200,106692,,
kelvin,404,11684,,,404,11684,,
kbit,200,11,0,,200,70993,,
jobs-aligntech,200,1731128,213,,200,184265,,
kastcard,200,88429,18,,200,138753,,
kerbfood,200,38469,5,,200,141661,,
kesbath,200,10710,2,,200,77595,,
kicksaw,200,11,0,,200,71843,,
kingfisherplc,404,11684,,,404,11684,,
kinetic,200,11,0,,200,76368,,
kpmgcd,404,11684,,,404,11684,,
kodez,200,11,0,,200,95790,,
ktn-uk,301,112,,https://iukktn-uk.pinpointhq.com/postings.json,301,99,,https://iukktn-uk.pinpointhq.com/
knowles,200,60774,6,,200,82759,,
kido,200,752226,78,,200,124139,,
ksc,200,21982,2,,200,78674,,
koosakids,200,213364,36,,200,121345,,
kwi,200,117017,11,,200,71603,,
laiier,200,11,0,,200,75107,,
langhamhallluxembourg,404,11684,,,404,11684,,
landvault,200,11,0,,200,75575,,
lasso,200,11,0,,200,70751,,
latinomedianetwork,404,11684,,,404,11684,,
lahproperty,200,74226,11,,200,172532,,
lawbusinessresearch,404,11684,,,404,11684,,
lcinteractive,404,11684,,,404,11684,,
langhamhall,200,158097,24,,200,73472,,
leadforamerica,200,11,0,,200,73303,,
legend,404,11684,,,404,11684,,
lgltrustees,404,11684,,,404,11684,,
liftago,404,11684,,,404,11684,,
leadelimination,200,75177,6,,200,99184,,
lifera,200,11,0,,200,99394,,
ligaderroboter,200,11,0,,200,73723,,
lionsoul,404,11684,,,404,11684,,
lineleap,200,40385,5,,200,128299,,
localdevelopers,404,11684,,,404,11684,,
liven,200,11,0,,200,135598,,
loft,200,11,0,,200,72961,,
logicalis,404,11684,,,404,11684,,
littleelmsdaycare,200,290696,40,,200,118738,,
liv-coll,200,187733,17,,200,77246,,
lmh,200,16860,2,,200,306680,,
logistics,200,11,0,,200,83464,,
londonsouthendairport,404,11684,,,404,11684,,
loreto,200,11,0,,200,74256,,
londonandpartners,200,41900,3,,200,167262,,
lovinspoonfuls,200,11,0,,200,74929,,
lovehoney,200,16106,3,,200,76825,,
luminovo,200,11,0,,200,75289,,
lumensol,200,26870,4,,200,123105,,
lummustechnology,200,11,0,,200,85222,,
lumodo,404,11684,,,404,11684,,
lowcarboncontracts,200,175215,14,,200,162924,,
lumodo10,404,11684,,,404,11684,,
lumodo11,404,11684,,,404,11684,,
lumodo12,404,11684,,,404,11684,,
lumodo2,404,11684,,,404,11684,,
lumodo3,404,11684,,,404,11684,,
lumodo5,404,11684,,,404,11684,,
lumodo4,404,11684,,,404,11684,,
lumodo7,404,11684,,,404,11684,,
lumodo6,404,11684,,,404,11684,,
lumodo8,404,11684,,,404,11684,,
lytho,200,11,0,,200,77541,,
maccreanorlavington,200,11,0,,200,77266,,
made4net,200,40876,4,,200,106713,,
magdalencareers,200,10796,1,,200,112880,,
magneticrock,200,11,0,,200,71259,,
makepositive,200,11,0,,200,72940,,
maggies,200,24214,4,,200,127557,,
marketing-assets,404,11684,,,404,11684,,
manhattanyouth,200,45470,9,,200,77600,,
martingale,200,11,0,,200,77949,,
masonbreese,404,11684,,,404,11684,,
marvelfusion,200,11,0,,200,85809,,
mattsbusiness,404,11684,,,404,11684,,
markeys,200,133578,16,,200,131537,,
matusteak,404,11684,,,404,11684,,
masteryprep,200,34709,5,,200,123088,,
maverickbiometals,404,11684,,,404,11684,,
maven-search,200,11,0,,200,75822,,
maverickmetals,301,115,,https://mavericklabs.pinpointhq.com/postings.json,301,102,,https://mavericklabs.pinpointhq.com/
maximatherapy,200,11,0,,200,79640,,
mdliaison,200,11,0,,200,75139,,
meadenmoore,200,11,0,,200,78055,,
meanpug,200,11,0,,200,74580,,
medicmobile,301,108,,https://medic.pinpointhq.com/postings.json,301,95,,https://medic.pinpointhq.com/
medicalaidforpalestinians,200,21907,2,,200,264765,,
medium,200,11,0,,200,75045,,
mentorcollective,404,11684,,,404,11684,,
mene,404,11684,,,404,11684,,
mentorme,200,11,0,,200,76500,,
meliore,200,18481,2,,200,149930,,
medneo,200,118557,14,,200,93951,,
mildmayuganda,404,11684,,,404,11684,,
merus,200,11,0,,200,83365,,
milepostconsulting,301,117,,https://engagemilepost.pinpointhq.com/postings.json,301,104,,https://engagemilepost.pinpointhq.com/
midwestvision,200,11,0,,200,80463,,
millerkaplan,200,11,0,,200,75797,,
mimeo-eu,200,11,0,,200,56597,,
mimeo-in,200,15877,2,,200,52464,,
mindsethealth,200,11,0,,200,79284,,
minna,200,11,0,,200,72684,,
mjhealthcare,200,11,0,,200,77587,,
mjhughes,200,1380,1,,200,129572,,
modlo,301,106,,https://glp.pinpointhq.com/postings.json,301,93,,https://glp.pinpointhq.com/
mintvelvet,200,249292,61,,200,160806,,
moca,200,11,0,,200,125298,,
mmr-research,200,151007,25,,200,152794,,
montu,200,11,0,,200,76368,,
mojomortgages,200,20095,3,,200,145100,,
mooven,200,11,0,,200,75809,,
mourant,200,11,0,,200,90848,,
muddy-boots-nursery,200,11,0,,200,76470,,
multiplier-project,301,121,,https://multiplier-careers.pinpointhq.com/postings.json,301,108,,https://multiplier-careers.pinpointhq.com/
moxbank,200,71417,10,,200,72214,,
multiplier,200,40265,5,,200,129539,,
musora,200,11,0,,200,73958,,
mutinex,200,11,0,,200,72289,,
mykii,404,11684,,,404,11684,,
myinterviewdemo,200,118637,55,,200,70271,,
myomo,200,106226,14,,200,141663,,
mytech,200,95376,16,,200,75121,,
ncse,200,11,0,,200,82590,,
ndsrecovery,200,11,0,,200,77856,,
naomihouse,200,70444,15,,200,82563,,
netsteady,404,11684,,,404,11684,,
neon,200,11,0,,200,101903,,
newleafteletherapy,200,11,0,,200,77899,,
nextgen,404,11684,,,404,11684,,
neworbit,200,11,0,,200,74475,,
nextira,200,11,0,,200,75947,,
nexcoregroup,200,11,0,,200,75110,,
nicecommerce,404,11684,,,404,11684,,
ngc,200,11,0,,200,78189,,
nicolehollis,200,11,0,,200,80828,,
nightowl,301,115,,https://hirenightowl.pinpointhq.com/postings.json,301,102,,https://hirenightowl.pinpointhq.com/
newsquest,200,182439,24,,200,142930,,
nucompany,404,11684,,,404,11684,,
novelenergy,200,11,0,,200,73422,,
northern,200,11,0,,200,71496,,
nuix,200,11,0,,200,96676,,
nowthisnews,200,11,0,,200,83194,,
nutrifreshservices,200,11,0,,200,78470,,
oceancharge,200,11,0,,200,110534,,
offploy,404,11684,,,404,11684,,
ocorian,404,11684,,,404,11684,,
omniengine,200,11,0,,200,73804,,
ohpen,200,11,0,,200,85397,,
openview,404,11684,,,404,11684,,
oncallhealth,200,11,0,,200,73143,,
ogier,200,254043,40,,200,129989,,
oceantg,200,545277,55,,200,113159,,
oneworld,200,11,0,,200,74195,,
onevalley,200,11,0,,200,73700,,
opportunityatwork,404,11684,,,404,11684,,
operiogroup,200,11,0,,200,74820,,
optimus,404,11684,,,404,11684,,
opyn,200,11,0,,200,77161,,
orbitarchitects,200,11,0,,200,82492,,
orbisoperations,200,11,0,,200,88715,,
ottimate,200,11,0,,200,73554,,
ourbranch,301,109,,https://branch.pinpointhq.com/postings.json,301,96,,https://branch.pinpointhq.com/
outtoday,200,11,0,,200,75722,,
osapiens,200,444153,57,,200,111712,,
paradigm,200,11,0,,200,73541,,
parallax,200,11,0,,200,79250,,
park,404,11684,,,404,11684,,
parkhousehotels,404,11684,,,404,11684,,
oxfordeconomics,200,182161,20,,200,145876,,
parentpaygroup,200,86591,12,,200,123912,,
partnersinsight,200,11,0,,200,79693,,
pdplondon,301,112,,https://studiopdp.pinpointhq.com/postings.json,301,99,,https://studiopdp.pinpointhq.com/
patinahealth,200,11,0,,200,78525,,
partnersinsupport,200,40650,7,,200,132392,,
pastaevangelists,200,11,0,,200,126167,,
pacificseafood,200,1269313,125,,200,248869,,
peachcareers,200,32197,3,,200,110934,,
permanentequity,200,11,0,,200,73945,,
pence,200,218521,16,,200,90119,,
pgmol,301,109,,https://proref.pinpointhq.com/postings.json,301,96,,https://proref.pinpointhq.com/
personify,200,11,0,,200,74189,,
phoenixrecruitment,404,11684,,,404,11684,,
perpetualguardian,200,44304,7,,200,144918,,
ph-creative,200,11,0,,200,75223,,
petroineos,200,106304,10,,200,191606,,
photobookworldwide,200,11,0,,200,75593,,
pica8,301,115,,https://goborderless.pinpointhq.com/postings.json,301,102,,https://goborderless.pinpointhq.com/
pivotenergy,404,11684,,,404,11684,,
planetpayment,301,114,,https://weareplanet.pinpointhq.com/postings.json,301,101,,https://weareplanet.pinpointhq.com/
plateiq,301,111,,https://ottimate.pinpointhq.com/postings.json,301,98,,https://ottimate.pinpointhq.com/
planable,200,11,0,,200,72512,,
plusx,301,118,,https://plusxinnovation.pinpointhq.com/postings.json,301,105,,https://plusxinnovation.pinpointhq.com/
photonic,200,149508,17,,200,87702,,
porterbrook,404,11684,,,404,11684,,
plusxinnovation,200,11,0,,200,77804,,
poppinshealth,200,11,0,,200,76385,,
posh,200,7951,1,,200,116061,,
poudrelibraries,200,11,0,,200,73491,,
porterdodson,200,68157,12,,200,128228,,
preezie,200,13628,3,,200,92095,,
prepaypower,200,11,0,,200,77933,,
premier-roofing-old,200,11,0,,200,140816,,
preqin,200,6657,1,,200,79498,,
priceofoil,301,112,,https://oilchange.pinpointhq.com/postings.json,301,99,,https://oilchange.pinpointhq.com/
primeproviders,200,11,0,,200,75700,,
premier-roofing,200,518050,79,,200,130279,,
procook,200,11,0,,200,82687,,
prf,200,106525,13,,200,145511,,
progenygroup,200,11,0,,200,86127,,
protectus,200,11,0,,200,75917,,
ptiworldwide,200,11,0,,200,71113,,
psgequity,200,11,0,,200,140813,,
pvsconsulting,404,11684,,,404,11684,,
pulselive,200,11,0,,200,74124,,
rancotcontracting,404,11684,,,404,11684,,
queryclick,200,11,0,,200,93034,,
rawlinsonhunter,404,11684,,,404,11684,,
rbaofgreaterwi,200,11,0,,200,72768,,
rbaofmke,200,11,0,,200,73227,,
rbw,200,11,0,,200,88566,,
rckpartners,200,11,0,,200,77207,,
rcophth,200,11,0,,200,106651,,
reach3,200,11,0,,200,73001,,
rdbrck,200,20852,2,,200,75418,,
priorygroup,200,2940969,482,,200,192571,,
reactor-inc,200,53557,10,,200,97115,,
redantler,200,11,0,,200,73359,,
redassociates,200,12876,2,,200,71446,,
redcloverhr,200,102516,11,,200,74957,,
reidcampbell,200,11,0,,200,72773,,
refybeauty,200,56287,8,,200,139972,,
reena,200,141492,15,,200,81444,,
relationshipone,200,8453,1,,200,74057,,
receptional,200,11,0,,200,76291,,
relive,200,11,0,,200,76010,,
removify,200,10908,2,,200,72195,,
renovia,200,11,0,,200,74905,,
resolutionproject,200,11,0,,200,74157,,
rethinkfoodnyc,301,114,,https://rethinkfood.pinpointhq.com/postings.json,301,101,,https://rethinkfood.pinpointhq.com/
revoke,404,11684,,,404,11684,,
rethinkfood,200,11,0,,200,75136,,
rewardinsight,200,11,0,,200,77913,,
revolutionaryclinics,200,11,0,,200,76262,,
ri-pandc,200,11,0,,200,72953,,
ri-training,200,11,0,,200,36091,,
riverisland,200,11,0,,200,109395,,
riverislandslt,200,11,0,,200,71211,,
riverislandretail,200,11,0,,200,85573,,
romerils,404,11684,,,404,11684,,
ritzcarltonyachtcollection,200,246942,29,,200,111330,,
rivaltechnologies,200,11,0,,200,73240,,
romerilsjersey,404,11684,,,404,11684,,
romyconsulting,200,11,0,,200,77222,,
rossstrategic,200,11,0,,200,78796,,
royomartin,200,11,0,,200,78975,,
rocksteadymusicschool,200,425244,34,,200,189920,,
rubyplay,200,54348,8,,200,159653,,
ruckus-games,200,11,0,,200,79113,,
runecast,200,11,0,,200,89640,,
riverislandsm,200,667147,78,,200,143269,,
rxnt,200,35000,6,,200,92514,,
rvu,200,159394,17,,200,102230,,
sagentia,200,88829,12,,200,109830,,
safestore,200,39034,5,,200,162550,,
sanne,404,11684,,,404,11684,,
samsung,200,19844,2,,200,74544,,
saltseparationservices,200,34904,4,,200,115187,,
sbsmiles,200,11,0,,200,81432,,
scede,200,10465,2,,200,117739,,
sclsales,200,11,0,,200,72913,,
scoreplay,200,11,0,,200,75925,,
scribe-x,200,11,0,,200,83625,,
seaboardcontractors,404,11684,,,404,11684,,
scs,404,11684,,,404,11684,,
securityinnovation,200,11,0,,200,71617,,
securityondemand,301,111,,https://deepseas.pinpointhq.com/postings.json,301,98,,https://deepseas.pinpointhq.com/
scan-group,200,495287,78,,200,125294,,
silversky,404,11684,,,404,11684,,
sharplinecommunities,200,11,0,,200,76210,,
sfc,200,11601,1,,200,164446,,
silverair,200,36836,5,,200,140456,,
sixninesit,301,110,,https://nextira.pinpointhq.com/postings.json,301,97,,https://nextira.pinpointhq.com/
sistemtutoring,200,11,0,,200,77090,,
silverstone,200,89464,10,,200,172369,,
sjp,200,11,0,,200,71589,,
skipr,404,11684,,,404,11684,,
skinpharm,200,63681,11,,200,135552,,
skyshowtime,200,11,0,,200,144410,,
slabemachine,200,11,0,,200,76890,,
skyword,200,11077,1,,200,119312,,
smartedgesolutions,404,11684,,,404,11684,,
sl,204,0,,,204,0,,
smithcorp,200,11,0,,200,73911,,
slifcoelectric,200,62177,10,,200,102469,,
smithsonian-sandbox,200,1374,1,,200,141160,,
socialjusticelaw,404,11684,,,404,11684,,
socialmobility,200,11,0,,200,72327,,
somoglobal,404,11684,,,404,11684,,
snap,200,11,0,,200,70124,,
somersethouse,200,54193,4,,200,147516,,
southbankcentre,200,17821,3,,200,121237,,
smithsonian,200,482043,31,,200,135588,,
sparelabs,200,11,0,,200,74554,,
sovereign,200,11,0,,200,71643,,
sparkadvisors,200,11,0,,200,92051,,
southyorkshire-ca,200,132662,12,,200,128834,,
southdown,200,115532,14,,200,145120,,
spectrum,200,11,0,,200,72301,,
spinplaygames,200,30672,6,,200,107021,,
squib,404,11684,,,404,11684,,
squareone,200,11,0,,200,82632,,
statesofguernsey,404,11684,,,404,11684,,
ssmgrp,200,11,0,,200,76058,,
sqa-consulting,200,80402,16,,200,123939,,
statusim,200,11,0,,200,74379,,
st-annes,200,11,0,,200,82892,,
steadycontent,404,11684,,,404,11684,,
stayinthegame,200,11,0,,200,71333,,
steps,404,11684,,,404,11684,,
stglogistics,301,112,,https://logistics.pinpointhq.com/postings.json,301,99,,https://logistics.pinpointhq.com/
stobartgroup,404,11684,,,404,11684,,
strivetalent,200,11,0,,200,75822,,
stint,200,39659,6,,200,88585,,
subfero,404,11684,,,404,11684,,
stubbers,200,16442,1,,200,161212,,
studiopdp,200,11,0,,200,97863,,
sui,200,20897,5,,200,99807,,
support-partners,200,11,0,,200,76488,,
supplypike,200,11,0,,200,85482,,
surrealdb,200,11,0,,200,77789,,
swiftcomply,200,11,0,,200,79756,,
substantialgroup,200,533110,70,,200,99814,,
switch,200,11,0,,200,101988,,
symbiosis,200,11,0,,200,77713,,
sumer,200,695795,116,,200,89786,,
syscomm,200,11,0,,200,73866,,
synthace,200,11,0,,200,109891,,
sync,200,11,0,,200,277220,,
t15,404,11684,,,404,11684,,
syspro,200,11,0,,200,89165,,
systeminit,200,11,0,,200,126149,,
tactileinc,200,7179,1,,200,72758,,
t2biosystems,200,11,0,,200,76463,,
tcn,404,11684,,,404,11684,,
tadlockroofing,200,11,0,,200,74481,,
tailscale,200,11,0,,200,71693,,
teambi,200,11,0,,200,106702,,
teamallegiance,200,42881,4,,200,102989,,
teaminternet,200,6977,1,,200,89763,,
techreturners,301,119,,https://northcodersgroup.pinpointhq.com/postings.json,301,106,,https://northcodersgroup.pinpointhq.com/
techontoast,200,11,0,,200,77929,,
techery,200,26798,4,,200,104319,,
tedxtoronto,200,11,0,,200,74554,,
tekex,404,11684,,,404,11684,,
techuk,200,41717,4,,200,166594,,
telcomgroup,404,11684,,,404,11684,,
tenzing,200,11,0,,200,76436,,
tenovallc,200,11,0,,200,86443,,
tgro,200,11,0,,200,81535,,
tfas-enterprises,200,11,0,,200,120265,,
thalamos,200,11,0,,200,97892,,
thedecisionlab,200,11,0,,200,79596,,
theearthlingco,200,11,0,,200,73570,,
thehazelproject,200,10409,2,,200,106421,,
theinfusegroup,404,11684,,,404,11684,,
themultiplayergroup,200,11,0,,200,105949,,
theo,200,11,0,,200,73112,,
thesnapbar,200,11,0,,200,73000,,
thewayout,404,11684,,,404,11684,,
thestorysociety,200,11,0,,200,74627,,
theworks,404,11684,,,404,11684,,
thesociallights,200,21738,2,,200,75470,,
tick42,301,112,,https://interopio.pinpointhq.com/postings.json,301,99,,https://interopio.pinpointhq.com/
tilled,200,11,0,,200,73273,,
thyssenkrupp,200,54615,5,,200,141217,,
tillo,200,11,0,,200,80243,,
tink,200,11,0,,200,79335,,
tlc,404,11684,,,404,11684,,
tngconsulting,200,11,0,,200,74650,,
tonggardencentre,301,125,,https://yorkshiregardencentres.pinpointhq.com/postings.json,301,112,,https://yorkshiregardencentres.pinpointhq.com/
toolhouse,200,11,0,,200,79024,,
tiro,200,343962,24,,200,160028,,
together-uk,200,184291,19,,200,80493,,
torcon,200,12845,4,,200,93174,,
transport-uk,200,8007,1,,200,132106,,
trends,404,9132,,,200,73565,,
trinidadben-ham,404,11684,,,404,11684,,
trisonbusinesssolutions,200,11,0,,200,75420,,
tropicalfoods,301,117,,https://trulygoodfoods.pinpointhq.com/postings.json,301,104,,https://trulygoodfoods.pinpointhq.com/
truehome,301,107,,https://loft.pinpointhq.com/postings.json,301,94,,https://loft.pinpointhq.com/
tpin,200,560531,73,,200,88422,,
truly,200,11,0,,200,76451,,
trust,200,6765,unparseable,,200,7221,,
try,404,906,,,404,906,,
twinings,301,121,,https://twiningsovocareers.pinpointhq.com/postings.json,301,108,,https://twiningsovocareers.pinpointhq.com/
ttep,200,66670,9,,200,111533,,
tundraland,200,11,0,,200,72713,,
turionspace,200,11,0,,200,77553,,
tymeshift,200,11,0,,200,75592,,
ttkgames,200,49129,13,,200,73444,,
ukagritechcentre,200,11,0,,200,146145,,
ukbiobank,200,11,0,,200,90221,,
uniserve,301,111,,https://gbglobal.pinpointhq.com/postings.json,301,98,,https://gbglobal.pinpointhq.com/
unbrokenstudios,200,11,0,,200,75363,,
unionkitchen,200,11,0,,200,73197,,
unitar,200,1248,1,,200,72994,,
unitedwounds,200,11,0,,200,79293,,
upfronthealthcare,200,11,0,,200,89796,,
vgjersey,404,11684,,,404,11684,,
uovo,200,115240,15,,200,126251,,
vidaselect,200,11,0,,200,78648,,
verdantas,200,11,0,,200,166970,,
vidico,200,11,0,,200,122069,,
vitalbeats,404,11684,,,404,11684,,
vc3,200,166866,17,,200,119850,,
voisins,404,11684,,,404,11684,,
vinesgroup,200,19723,3,,200,76327,,
volition,200,11,0,,200,75832,,
vsgbg,200,11,0,,200,82224,,
vintage,200,229991,19,,200,77247,,
wallace,200,7205,1,,200,73755,,
wallacestratton,301,110,,https://wallace.pinpointhq.com/postings.json,301,97,,https://wallace.pinpointhq.com/
waltlabs,404,11684,,,404,11684,,
washingtoncapitalpartners,200,11,0,,200,75309,,
victors,200,164802,36,,200,82794,,
wearebrandavenue,200,11,0,,200,77701,,
webtrilongroup,404,11684,,,404,11684,,
wearecharlotte,200,11,0,,200,97844,,
weareplanet,200,11,0,,200,90960,,
webapp,404,11684,,,404,11684,,
wecompose,404,11684,,,404,11684,,
wedigital,404,11684,,,404,11684,,
weinvest,404,11684,,,404,11684,,
wetravel,200,11,0,,200,75150,,
wetzelandsons,200,11,0,,200,75254,,
whipplepet,200,11,0,,200,72531,,
wheleneng,200,11,0,,200,133804,,
womenforwomen,200,11,0,,200,130990,,
wolfe,200,87477,12,,200,106616,,
whelen,200,270552,36,,200,162304,,
wordjack,404,11684,,,404,11684,,
xebia,200,11,0,,200,77371,,
xpandit,404,11684,,,404,11684,,
xraybyxblend,404,11684,,,404,11684,,
worthix,200,11,0,,200,81814,,
yaguara,404,11684,,,404,11684,,
xyzreality,200,11,0,,200,79926,,
weiweico,200,39367,8,,200,90951,,
yorkshiregardencentres,200,11,0,,200,77197,,
yordasgroup,200,41405,6,,200,104754,,
yuno-energy,200,11,0,,200,80707,,
zebedee,200,4670,1,,200,86529,,
yumpingo,200,11,0,,200,126011,,
zedra,404,11684,,,404,11684,,
zxcasd,404,11684,,,404,11684,,
zendar,200,11,0,,200,84917,,
zigzag,200,45092,4,,200,218479,,
