ats,slug_or_companyId,baseUrl
ashby,tempo-io,
ashby,rewind,
bamboohr,isostech,
greenhouse,appfire,
greenhouse,smartbear,
greenhouse,moduscreate,
greenhouse,lucidsoftware,
greenhouse,samsara,
greenhouse,kallesgroup,
greenhouse,betsson,
greenhouse,appnovation,
join,meskru,
join,medialine,
join,nangasystems,
lever,cprime,
lever,servicerocket,
lever,valiantys,
lever,easyagile,
personio,k15t,
personio,automation-consultants-ltd,
personio,demicon,
personio,hiq,
personio,tngtech,
smartrecruiters,TheAdaptavistGroup,
smartrecruiters,Devoteam,
smartrecruiters,AXIANS,
smartrecruiters,nagarro1,
smartrecruiters,inetum2,
smartrecruiters,soprasteria1,
smartrecruiters,Stefanini1,
smartrecruiters,PublicisGroupe,
smartrecruiters,VisionetSystemsInc,
smartrecruiters,Infosysta,
smartrecruiters,Infosys2,
teamtailor,https://career.eficode.com,https://career.eficode.com
teamtailor,https://career.refined.com,https://career.refined.com
teamtailor,knowmadmood,https://knowmadmood.teamtailor.com
teamtailor,directio,https://directio.teamtailor.com
teamtailor,embriq,https://embriq.teamtailor.com
teamtailor,https://careers.itera.com,https://careers.itera.com
teamtailor,https://career.pinja.com,https://career.pinja.com
teamtailor,https://jobs.reti.it,https://jobs.reti.it
teamtailor,https://jobb.softronic.se,https://jobb.softronic.se
teamtailor,https://careers.technia.com,https://careers.technia.com
teamtailor,https://jobb.advania.se,https://jobb.advania.se
workable,nimaworks,
workable,praecipio,
workable,cententia,
workable,mastek,
workable,ease-solutions-pte-ltd,
workable,grazitti-interactive,
