ats,slug,url,verdict,jobs
ashby,ableai,https://jobs.ashbyhq.com/ableai,dead,
ashby,air,https://jobs.ashbyhq.com/air,dead,
ashby,atmos-financial,https://jobs.ashbyhq.com/atmos-financial,dead,
ashby,backpack,https://jobs.ashbyhq.com/backpack,dead,
ashby,bhblasted,https://jobs.ashbyhq.com/bhblasted,dead,
ashby,bug-bounty-switzerland,https://jobs.ashbyhq.com/bug-bounty-switzerland,dead,
ashby,calif,https://jobs.ashbyhq.com/calif,dead,
ashby,clove,https://jobs.ashbyhq.com/clove,dead,
ashby,coldstartventures,https://jobs.ashbyhq.com/coldstartventures,dead,
ashby,conscious-talent,https://jobs.ashbyhq.com/conscious-talent,dead,
ashby,crunchbase,https://jobs.ashbyhq.com/crunchbase,dead,
ashby,datastealth,https://jobs.ashbyhq.com/datastealth,dead,
ashby,deposely,https://jobs.ashbyhq.com/deposely,dead,
ashby,doxy.me,jobs.ashbyhq.com/doxy.me,dead,
ashby,echotwin,https://jobs.ashbyhq.com/echotwin,dead,
ashby,ernest,https://jobs.ashbyhq.com/ernest,dead,
ashby,finvest,https://jobs.ashbyhq.com/finvest,dead,
ashby,general-context,https://jobs.ashbyhq.com/general-context,dead,
ashby,goodship,https://jobs.ashbyhq.com/goodship,dead,
ashby,hex,https://jobs.ashbyhq.com/hex,live,2
ashby,infinite,https://jobs.ashbyhq.com/infinite,dead,
ashby,iterable,https://jobs.ashbyhq.com/iterable,dead,
ashby,lean,https://jobs.ashbyhq.com/lean,dead,
ashby,mobasi,https://jobs.ashbyhq.com/mobasi,dead,
ashby,monsters,https://jobs.ashbyhq.com/monsters,dead,
ashby,nen,https://jobs.ashbyhq.com/nen,dead,
ashby,ona,https://jobs.ashbyhq.com/ona,dead,
ashby,parashift,https://jobs.ashbyhq.com/parashift,dead,
ashby,phare-r1-r37,https://jobs.ashbyhq.com/phare-r1-r37,dead,
ashby,phoebe,https://jobs.ashbyhq.com/phoebe,dead,
ashby,quantilehealth,https://jobs.ashbyhq.com/quantilehealth,dead,
ashby,rad-intel,https://jobs.ashbyhq.com/rad-intel,dead,
ashby,roots-automation,https://jobs.ashbyhq.com/roots-automation,dead,
ashby,runloop,https://jobs.ashbyhq.com/runloop,dead,
ashby,saturn,https://jobs.ashbyhq.com/saturn,dead,
ashby,savvyinsurance-trellis,https://jobs.ashbyhq.com/savvyinsurance-trellis,dead,
ashby,shield-ai,https://jobs.ashbyhq.com/shield-ai,dead,
ashby,sievo,https://jobs.ashbyhq.com/sievo,live,2
ashby,skyscanner,https://jobs.ashbyhq.com/skyscanner,dead,
ashby,squadformers,https://jobs.ashbyhq.com/squadformers,dead,
ashby,superhuman,https://jobs.ashbyhq.com/superhuman,dead,
ashby,todyl,https://jobs.ashbyhq.com/todyl,dead,
ashby,vibecode,https://jobs.ashbyhq.com/vibecode,dead,
ashby,vinci4d,https://jobs.ashbyhq.com/vinci4d,dead,
ashby,woflow,https://jobs.ashbyhq.com/woflow,dead,
greenhouse,adaptivewater,https://job-boards.greenhouse.io/adaptivewater,dead,
greenhouse,algorium,https://job-boards.greenhouse.io/algorium,dead,
greenhouse,alpineinternships-private,https://job-boards.greenhouse.io/alpineinternships-private/jobs/8129061002,dead,
greenhouse,aztecgroup,https://boards.greenhouse.io/aztecgroup,dead,
greenhouse,berkadia,https://job-boards.greenhouse.io/berkadia,dead,
greenhouse,bessemerventurepartnersfellows,https://boards.greenhouse.io/bessemerventurepartnersfellows,dead,
greenhouse,bioskryb,https://boards.greenhouse.io/bioskryb,dead,
greenhouse,boston,https://job-boards.greenhouse.io/boston,dead,
greenhouse,buyersedgeplatformrecruiting,https://job-boards.greenhouse.io/buyersedgeplatformrecruiting,dead,
greenhouse,capitalize,https://job-boards.greenhouse.io/capitalize,live,3
greenhouse,cardinalpoint,https://job-boards.greenhouse.io/cardinalpoint,dead,
greenhouse,casted,https://job-boards.greenhouse.io/casted,dead,
greenhouse,cerebralgoogle,https://boards.greenhouse.io/cerebralgoogle,dead,
greenhouse,civilscienceweb,job-boards.greenhouse.io/civilscienceweb,dead,
greenhouse,cker,https://job-boards.greenhouse.io/cker,dead,
greenhouse,clickhouse,https://job-boards.greenhouse.io/clickhouse,dead,
greenhouse,cobo,https://job-boards.eu.greenhouse.io/cobo,dead,
greenhouse,cognitotherapeutics,https://boards.greenhouse.io/cognitotherapeutics,dead,
greenhouse,dmarket,https://boards.greenhouse.io/dmarket,dead,
greenhouse,ebaka-games,https://job-boards.eu.greenhouse.io/ebaka-games,dead,
greenhouse,econocomint,https://job-boards.greenhouse.io/econocomint,dead,
greenhouse,econocomnl,https://job-boards.greenhouse.io/econocomnl,dead,
greenhouse,edume,https://job-boards.greenhouse.io/edume,dead,
greenhouse,esusu,https://boards.greenhouse.io/esusu,dead,
greenhouse,flaunt,https://job-boards.greenhouse.io/flaunt,dead,
greenhouse,fuzehealth,https://job-boards.eu.greenhouse.io/fuzehealth,dead,
greenhouse,geniantllc,https://job-boards.greenhouse.io/geniantllc/jobs/4692825005,dead,
greenhouse,giantspoon,https://boards.greenhouse.io/giantspoon,dead,
greenhouse,gocontact,https://job-boards.greenhouse.io/gocontact,dead,
greenhouse,halfbrickstudios,https://job-boards.greenhouse.io/halfbrickstudios,dead,
greenhouse,heycar,https://job-boards.greenhouse.io/heycar,dead,
greenhouse,hiddenroad,https://job-boards.greenhouse.io/hiddenroad,dead,
greenhouse,holder,https://job-boards.greenhouse.io/holder,dead,
greenhouse,hyphenconnect,https://job-boards.greenhouse.io/hyphenconnect,dead,
greenhouse,instabase,https://job-boards.greenhouse.io/instabase,dead,
greenhouse,janeasystems,https://job-boards.greenhouse.io/janeasystems,dead,
greenhouse,junglescout,https://job-boards.greenhouse.io/junglescout,dead,
greenhouse,kca,https://job-boards.greenhouse.io/kca,dead,
greenhouse,liminalbuild,https://job-boards.greenhouse.io/liminalbuild,dead,
greenhouse,liquidinstruments,https://boards.greenhouse.io/liquidinstruments,dead,
greenhouse,marqeta,https://job-boards.greenhouse.io/marqeta,dead,
greenhouse,meitu,https://job-boards.greenhouse.io/meitu,dead,
greenhouse,mqrecruitingevents,https://boards.greenhouse.io/mqrecruitingevents,dead,
greenhouse,nauto,https://api.greenhouse.io/v1/boards/nauto/jobs,dead,
greenhouse,ncjobs,https://job-boards.greenhouse.io/ncjobs,dead,
greenhouse,palaktakidsacademy,https://job-boards.greenhouse.io/palaktakidsacademy,dead,
greenhouse,postman,https://job-boards.greenhouse.io/postman,dead,
greenhouse,preacher,https://job-boards.greenhouse.io/preacher,dead,
greenhouse,providencedig,https://job-boards.greenhouse.io/providencedig,dead,
greenhouse,pti,https://job-boards.greenhouse.io/pti,dead,
greenhouse,pvotaltechnologies,https://job-boards.greenhouse.io/pvotaltechnologies,dead,
greenhouse,qualogy,job-boards.greenhouse.io/qualogy,dead,
greenhouse,regscale,https://job-boards.greenhouse.io/regscale,dead,
greenhouse,russett,https://boards.greenhouse.io/russett,dead,
greenhouse,shyftsolutionsllc,https://boards.greenhouse.io/shyftsolutionsllc,dead,
greenhouse,sisense,https://boards.greenhouse.io/sisense,dead,
greenhouse,sixthstreet,https://job-boards.greenhouse.io/sixthstreet,dead,
greenhouse,softexpert,https://job-boards.greenhouse.io/softexpert,dead,
greenhouse,sorcero,https://job-boards.greenhouse.io/sorcero,dead,
greenhouse,stepmobile,https://job-boards.greenhouse.io/stepmobile,dead,
greenhouse,tecnoempleo,https://job-boards.greenhouse.io/tecnoempleo,dead,
greenhouse,temporaltechnologies,https://job-boards.greenhouse.io/temporaltechnologies,dead,
greenhouse,tlatechinc,https://job-boards.greenhouse.io/tlatechinc,dead,
greenhouse,toogoodtogo,https://job-boards.greenhouse.io/toogoodtogo,dead,
greenhouse,truepill,https://job-boards.eu.greenhouse.io/truepill,dead,
greenhouse,trustedhealth,https://job-boards.greenhouse.io/trustedhealth,dead,
greenhouse,underdogfantasy,https://job-boards.greenhouse.io/underdogfantasy,dead,
greenhouse,vetto,https://job-boards.greenhouse.io/vetto,dead,
greenhouse,vettoai,https://job-boards.greenhouse.io/vettoai/jobs/4249316009?utm_source=lp-vetto,dead,
greenhouse,vicarioussurgical,https://boards.greenhouse.io/vicarioussurgical,dead,
greenhouse,warmer,https://job-boards.greenhouse.io/warmer,dead,
greenhouse,whistlertrading,https://boards.greenhouse.io/whistlertrading,dead,
greenhouse,winholding,https://job-boards.eu.greenhouse.io/winholding,dead,
greenhouse,worldlabs,https://job-boards.greenhouse.io/worldlabs,dead,
greenhouse,zenvia,https://job-boards.greenhouse.io/zenvia,dead,
greenhouse,zylo,https://job-boards.greenhouse.io/zylo,dead,
lever,calstart,https://jobs.lever.co/calstart,dead,
lever,connectly,https://jobs.lever.co/connectly,dead,
lever,daedalean,https://jobs.lever.co/daedalean,dead,
lever,dnc,https://jobs.lever.co/dnc,dead,
lever,durin,https://jobs.lever.co/durin,dead,
lever,elearningmind,https://jobs.lever.co/elearningmind,dead,
lever,healthmark-group,https://jobs.lever.co/healthmark-group,dead,
lever,ledger,https://jobs.lever.co/ledger,dead,
lever,menlovc,https://jobs.lever.co/menlovc,dead,
lever,owner,https://jobs.lever.co/owner,dead,
lever,rahr,https://jobs.lever.co/rahr,dead,
lever,sanctuary,https://jobs.lever.co/sanctuary,dead,
lever,sauvage-tv,https://jobs.lever.co/sauvage-tv,dead,
lever,sensortower,https://jobs.lever.co/sensortower,dead,
lever,spaceback,https://jobs.lever.co/spaceback,dead,
lever,stackblitz,https://jobs.lever.co/stackblitz,dead,
lever,unstructuredtechnologies,https://jobs.lever.co/unstructuredtechnologies,dead,
lever,zinier,https://jobs.lever.co/zinier,dead,
personio,a4g,a4g.jobs.personio.com,dead,
personio,auxalia,https://auxalia.jobs.personio.de/,unknown,
personio,bto-consultora-digital-sl,bto-consultora-digital-sl.jobs.personio.com,unknown,
personio,ddbm,ddbm.jobs.personio.com,unknown,
personio,ketryx,ketryx.jobs.personio.com,unknown,
personio,straight,straight.jobs.personio.com,unknown,
personio,taros,taros.jobs.personio.com,unknown,
personio,warchildnederland,warchildnederland.jobs.personio.com,unknown,
personio,whe,whe.jobs.personio.com,unknown,
personio,wos,wos.jobs.personio.com,unknown,
phenom,careers.merckgroup.com,https://careers.merckgroup.com,live,849
recruitee,osalas,https://osalas.recruitee.com,dead,
recruitee,rsm,https://rsm.recruitee.com,dead,
recruitee,skmgroup,https://skmgroup.recruitee.com,dead,
rippling,acretrader-jobs,ats.rippling.com/acretrader-jobs,dead,
rippling,etg,ats.rippling.com/etg,dead,
rippling,kindthread,https://ats.rippling.com/kindthread,live,52
rippling,smart-tech-contracting,ats.rippling.com/smart-tech-contracting,dead,
teamtailor,blueheartenergybv,https://blueheartenergybv.teamtailor.com,dead,
teamtailor,chatterbox-1590408089,https://chatterbox-1590408089.teamtailor.com,dead,
teamtailor,confirmasoftware,confirmasoftware.teamtailor.com,dead,
teamtailor,emballatorvaxjo-1741355327,https://emballatorvaxjo-1741355327.teamtailor.com,dead,
teamtailor,hcswatertreatmentltd,https://hcswatertreatmentltd.teamtailor.com,dead,
teamtailor,jvai,jvai.teamtailor.com,dead,
teamtailor,kiongroupnordics,https://kiongroupnordics.teamtailor.com,dead,
teamtailor,livihealthcare,livihealthcare.teamtailor.com,dead,
teamtailor,nur,nur.teamtailor.com,dead,
teamtailor,palta,palta.teamtailor.com,dead,
teamtailor,psl,psl.teamtailor.com,dead,
teamtailor,rapidrecruitment-1728987335,https://rapidrecruitment-1728987335.teamtailor.com,dead,
teamtailor,talentiagroup,talentiagroup.teamtailor.com,dead,
teamtailor,westregioncareers,https://westregioncareers.teamtailor.com,dead,
trakstar,avaaz22194,avaaz22194.hire.trakstar.com,dead,
trakstar,cmed,cmed.hire.trakstar.com,dead,
trakstar,happyfactory,happyfactory.hire.trakstar.com,dead,
trakstar,humach,humach.hire.trakstar.com,dead,
trakstar,scishis,https://scishis.hire.trakstar.com,dead,
workable,cosmote-global-solutions-nv,https://apply.workable.com/cosmote-global-solutions-nv,dead,
workable,delta-consulting-company,https://apply.workable.com/delta-consulting-company,dead,
workable,living-room-la,https://apply.workable.com/living-room-la,dead,
workable,talent3600,https://apply.workable.com/talent3600,dead,
workable,thehrgame,https://apply.workable.com/thehrgame,dead,
zwayam,adani.openings.co,https://adani.openings.co,live,1607
zwayam,airbus.openings.co,https://airbus.openings.co,live,23
zwayam,bmwtechworks.openings.co,https://bmwtechworks.openings.co,live,26
zwayam,career.crisil.com,https://career.crisil.com,live,665
zwayam,career.indianippon.com,https://career.indianippon.com,live,54
zwayam,careers.coforge.com,https://careers.coforge.com,live,106
zwayam,careers.conneqtcorp.com,https://careers.conneqtcorp.com,live,613
zwayam,careers.cyient.com,https://careers.cyient.com,live,142
zwayam,careers.dixitindia.com,https://careers.dixitindia.com,live,52
zwayam,careers.eaplworld.com,https://careers.eaplworld.com,live,1776
zwayam,careers.exponentia.ai,https://careers.exponentia.ai,live,30
zwayam,careers.greyorange.com,https://careers.greyorange.com,live,87
zwayam,careers.iftas.in,https://careers.iftas.in,live,38
zwayam,careers.in.ncs-i.com,https://careers.in.ncs-i.com,live,49
zwayam,careers.infoedge.com,https://careers.infoedge.com,live,296
zwayam,careers.infovision.com,https://careers.infovision.com,live,28
zwayam,careers.kohler.co.in,https://careers.kohler.co.in,live,55
zwayam,careers.mathco.com,https://careers.mathco.com,live,46
zwayam,careers.microland.com,https://careers.microland.com,live,1127
zwayam,careers.newtonschool.co,https://careers.newtonschool.co,live,94
zwayam,careers.persistent.com,https://careers.persistent.com,live,706
zwayam,careers.rsystems.com,https://careers.rsystems.com,live,13
zwayam,careers.sailssoftware.com,https://careers.sailssoftware.com,live,41
zwayam,careers.snapmint.com,https://careers.snapmint.com,live,46
zwayam,careers.synoptek.com,https://careers.synoptek.com,live,32
zwayam,careers.tavant.com,https://careers.tavant.com,live,25
zwayam,careers.tecnimont.in,https://careers.tecnimont.in,live,88
zwayam,careers.thesmartq.com,https://careers.thesmartq.com,live,84
zwayam,careers.tigeranalytics.com,https://careers.tigeranalytics.com,live,105
zwayam,careers.torryharris.com,https://careers.torryharris.com,live,25
zwayam,careers.unitedtechno.com,https://careers.unitedtechno.com,live,23
zwayam,careers.vit.ac.in,https://careers.vit.ac.in,live,88
zwayam,careers98765.sansera.in,https://careers98765.sansera.in,live,91
zwayam,careerscc.vit.ac.in,https://careerscc.vit.ac.in,live,54
zwayam,carrier.openings.co,https://carrier.openings.co,live,86
zwayam,epam.cluster3.openings.co,https://epam.cluster3.openings.co,live,588
zwayam,hirefast.openings.co,https://hirefast.openings.co,live,584
zwayam,hyundaimobisin.openings.co,https://hyundaimobisin.openings.co,live,74
zwayam,impetus.openings.co,https://impetus.openings.co,live,30
zwayam,infotalent.infocepts.com,https://infotalent.infocepts.com,live,32
zwayam,jobs.happiestminds.com,https://jobs.happiestminds.com,live,401
zwayam,jobs.itcinfotech.com,https://jobs.itcinfotech.com,live,355
zwayam,jobs.qentelli.com,https://jobs.qentelli.com,live,39
zwayam,naukriexpertassist.openings.co,https://naukriexpertassist.openings.co,live,106
zwayam,protribeglobalprivatelimited.openings.co,https://protribeglobalprivatelimited.openings.co,live,110
zwayam,puresoftware.openings.co,https://puresoftware.openings.co,live,26
zwayam,ra1.openings.co,https://ra1.openings.co,live,413
zwayam,recruit.trianz.com,https://recruit.trianz.com,live,21
zwayam,samsungenaindia.openings.co,https://samsungenaindia.openings.co,live,59
zwayam,source4hire.openings.co,https://source4hire.openings.co,live,75
zwayam,spearheadtech.openings.co,https://spearheadtech.openings.co,live,38
zwayam,stark-inc.openings.co,https://stark-inc.openings.co,live,141
zwayam,talentsst1.openings.co,https://talentsst1.openings.co,live,52
zwayam,trask.openings.co,https://trask.openings.co,live,228
zwayam,venushrsolutionsprivatelimited.openings.co,https://venushrsolutionsprivatelimited.openings.co,live,152
zwayam,verticalraisersindiapvtltd.openings.co,https://verticalraisersindiapvtltd.openings.co,live,111
zwayam,visionetsystems.openings.co,https://visionetsystems.openings.co,live,38
zwayam,zywavesoftwareindiaprivatelimited.openings.co,https://zywavesoftwareindiaprivatelimited.openings.co,live,30
