slug,verdict,redirect_to,search_total,walked_ids,pages,jobs_page_ids,viewall_status,board_title,company_resolved
2x,dead:invalid,http://search.jobvite.com?invalid=1,,,,,,,
3degrees,dead:invalid,http://search.jobvite.com?invalid=1,,,,,,,
4ccareers,live,,3,3,1,3,303,4C Insights Careers,4C Insights
505games,dead:invalid,http://search.jobvite.com?invalid=1,,,,,,,
a5,live:empty,,,0,1,0,303,A5 Careers,A5
aarete,live,,30,30,1,30,303,AArete Careers,AArete
abhs,live,,33,33,1,33,303,"Apache Behavioral Health Services, Inc. Careers","Apache Behavioral Health Services, Inc."
absolute,live,,20,20,1,20,303,Absolute Security Careers,Absolute Security
absolutedental,live,,19,19,1,19,303,Absolute Dental Careers,Absolute Dental
abt,live,,17,17,1,0,200,Abt Careers,Abt
accounting-department,live,,5,5,1,5,303,AccountingDepartment.com Careers,AccountingDepartment.com
actionet,live,,144,144,3,105,303,"ActioNet, Inc. Careers","ActioNet, Inc."
aculocity,live,,6,6,1,0,303,"Aculocity, LLC Careers","Aculocity, LLC"
adeptgroup,live,,6,6,1,6,303,Adept Group Careers,Adept Group
affcareers,live,,17,17,1,0,303,American First Finance Careers,American First Finance
affinitygaming,dead:invalid,http://search.jobvite.com?invalid=1,,,,,,,
agilysys,dead:invalid,http://search.jobvite.com?invalid=1,,,,,,,
ago,live,,12,12,1,4,200,Art Gallery of Ontario Careers,Art Gallery of Ontario
agscareer,live,,16,16,1,0,200,AGS LLC Careers,AGS LLC
ajmn,live,,5,5,1,5,303,Al Jazeera Media Network Careers,Al Jazeera Media Network
alivecor,live,,6,6,1,6,303,AliveCor Careers,AliveCor
alliedsolutions,live,,1,1,1,1,303,Allied Solutions Careers,Allied Solutions
altamiracorps,live,,55,55,2,55,303,Altamira Technologies Corp. Careers,Altamira Technologies Corp.
alverno-laboratories,live,,89,89,2,68,303,Alverno Laboratories Careers,Alverno Laboratories
amba,live,,78,78,2,0,200,AMBA Careers,AMBA
amberstudiocareers,live,,64,64,2,0,303,Amber Studio Careers,Amber Studio
amda,live,,23,23,1,23,303,AMDA Careers,AMDA
amda-internal,live,,17,17,1,17,303,AMDA Careers,AMDA
amerigocareers,live,,3,3,1,3,303,Amerigo Education Careers,Amerigo Education
amerisavecareers,live,,41,41,1,41,303,AmeriSave Mortgage Corp. Careers,AmeriSave Mortgage Corp.
anthology,live,,5,5,1,5,303,Blackboard Careers,Blackboard
aop-ica,live:empty,,,0,1,0,303,AOP and Ignite Christian Academy Careers,AOP and Ignite Christian Academy
apollomed,dead:invalid,http://search.jobvite.com?invalid=1,,,,,,,
arc,live,,29,29,1,0,200,ARC Document Solutions Careers,ARC Document Solutions
arc-aspicio,live,,4,4,1,4,303,Arc Aspicio Careers,Arc Aspicio
arcusbiosciencescareers,live,,2,2,1,2,303,Arcus Biosciences Careers,Arcus Biosciences
ardelyx,live,,17,17,1,17,303,Ardelyx Careers,Ardelyx
arrowseniorlivingohio,live,,2,2,1,2,303,Arrow Senior Living-Ohio Careers,Arrow Senior Living-Ohio
aryaka,live,,6,6,1,0,200,"Aryaka Networks, Inc. Careers","Aryaka Networks, Inc."
ascentresources,live,,5,5,1,5,303,Ascent Resources Careers,Ascent Resources
asgllc,dead:invalid,http://search.jobvite.com?invalid=1,,,,,,,
ashcompanies,live,,14,14,1,4,303,American Specialty Health Incorporated Careers,American Specialty Health Incorporated
aspirepublicschools,live,,165,165,4,0,303,Aspire Public Schools Careers,Aspire Public Schools
asus,live,,35,35,1,35,303,ASUS USA - Careers,ASUS USA -
attindas,live,,14,14,1,0,303,Attindas Careers,Attindas
auraseniorliving,live:empty,,,0,1,0,303,Aura Senior Living Careers,Aura Senior Living
aurobindousa,live,,2,2,1,2,303,Aurobindo Pharma USA Inc.  Careers,Aurobindo Pharma USA Inc.
autocar,live,,20,20,1,4,303,"Autocar, LLC Careers","Autocar, LLC"
autocar-parts-llc,live,,7,7,1,0,303,"Autocar Parts, LLC Careers","Autocar Parts, LLC"
avercareers,live,,8,8,1,8,303,AVER Careers,AVER
avidbio,live,,70,70,2,70,303,Avid Bioservices Careers,Avid Bioservices
ayrwellness,live,,183,183,4,51,303,Ayr Wellness Careers,Ayr Wellness
azoffmusiccompany,live,,1,1,1,1,303,The Azoff Music Company LLC Careers,The Azoff Music Company LLC
baart-programs,live,,73,73,2,63,303,BAART Programs Careers,BAART Programs
bai,live,,4,4,1,4,303,ProSight Financial Association Careers,ProSight Financial Association
bankerstoolbox,live,,4,4,1,4,303,Abrigo Careers,Abrigo
barcodesinc,live,,29,29,1,29,303,Levata Careers,Levata
barracuda-networks-inc,live,,39,39,1,39,303,Barracuda Networks Inc. Careers,Barracuda Networks Inc.
barrymoreseniorliving,live,,9,9,1,9,303,The Barrymore Senior Living Careers,The Barrymore Senior Living
benchmark,live,,20,20,1,20,303,Benchmark Mortgage Careers,Benchmark Mortgage
bigassfans,live,,14,14,1,14,303,Big Ass Fans Careers,Big Ass Fans
bigbrandtire,live,,396,396,8,24,303,Big Brand Tire Careers,Big Brand Tire
biofiredx,live,,59,59,2,49,303,bioMérieux Careers,bioMérieux
biomarin,live,,107,107,3,101,303,BioMarin Pharmaceutical Inc. Careers,BioMarin Pharmaceutical Inc.
biote,live,,13,13,1,13,303,Biote Careers,Biote
biscoindustries,live,,41,41,1,30,303,Bisco Industries Careers,Bisco Industries
bistatedev,dead:invalid,http://search.jobvite.com?invalid=1,,,,,,,
blindsquirrelentertainment,dead:invalid,http://search.jobvite.com?invalid=1,,,,,,,
blountfinefoods,live,,99,99,2,94,303,Blount Fine Foods Careers,Blount Fine Foods
bluejeans,live,,2,2,1,2,303,BlueJeans Careers,BlueJeans
bmacareers,live,,2,2,1,2,303,The Bermuda Monetary Authority Careers,The Bermuda Monetary Authority
bodybuilding,live:empty,,,0,1,0,303,Bodybuilding.com Careers,Bodybuilding.com
bowl,live,,3,3,1,3,303,United States Bowling Congress Careers,United States Bowling Congress
braviumconsulting,live,,5,5,1,5,303,Bravium Consulting Careers,Bravium Consulting
brinkshome,live,,34,34,1,0,303,Brinks Home Careers,Brinks Home
buckman,live,,55,55,2,0,200,CareersConnected,
buildersmutual,live,,14,14,1,14,303,Builders Mutual Careers,Builders Mutual
calgaryzoo,live:empty,,,0,1,0,303,Wilder Institute/Calgary Zoo Careers,Wilder Institute/Calgary Zoo
calnet,live,,4,4,1,4,303,CALNET Inc. Careers,CALNET Inc.
caminar,dead:invalid,http://search.jobvite.com?invalid=1,,,,,,,
camsyscareers,live,,7,7,1,7,303,Cambridge Systematics Careers,Cambridge Systematics
canadian-solar,dead:invalid,http://search.jobvite.com?invalid=1,,,,,,,
capcomusa,live,,2,2,1,2,303,Capcom USA Careers,Capcom USA
carfax,live,,23,23,1,23,303,CARFAX Careers,CARFAX
cascade,live,,71,69,2,36,303,Cascade Environmental Careers,Cascade Environmental
castlemetals,live,,21,21,1,21,303,A. M. Castle & Co. Careers,A. M. Castle & Co.
castlewoodseniorliving,live,,8,8,1,8,303,The Castlewood Senior Living Careers,The Castlewood Senior Living
catalyze-jobs,live:empty,,,0,1,0,303,Catalyze Careers,Catalyze
ccaandb,dead:invalid,http://search.jobvite.com?invalid=1,,,,,,,
ccsfundraising,live,,21,21,1,21,303,CCS Fundraising Careers,CCS Fundraising
ccu,live,,26,26,1,26,303,Colorado Christian University Careers,Colorado Christian University
center-for-elders-independence,live,,30,30,1,30,303,Center for Elders' Independence Careers,Center for Elders' Independence
centrichealthcareers,live:empty,,,0,1,0,303,Centric Health Careers,Centric Health
certinia,dead:invalid,http://search.jobvite.com?invalid=1,,,,,,,
cetera,live,,11,11,1,11,303,Cetera Investors Careers,Cetera Investors
chiefind,dead:invalid,http://search.jobvite.com?invalid=1,,,,,,,
childserve,live,,120,120,3,0,303,ChildServe Careers,ChildServe
cirruslogic,live:empty,,,0,1,0,303,Cirrus Logic Careers,Cirrus Logic
citco,dead:invalid,http://search.jobvite.com?invalid=1,,,,,,,
civicplus,live,,5,5,1,5,303,"CivicPlus, LLC Careers","CivicPlus, LLC"
cjlogisticsamerica,live,,204,204,5,54,303,CJ Logistics Careers,CJ Logistics
clayelectric,live,,1,1,1,1,303,"Clay Electric Cooperative, Inc. Careers","Clay Electric Cooperative, Inc."
clearviewfcu,live,,19,19,1,19,303,Clearview Federal Credit Union Careers,Clearview Federal Credit Union
cmgfi,live,,23,23,1,23,303,CMG Financial Careers,CMG Financial
cmimedia,live,,31,31,1,4,303,CMI Media Group Careers,CMI Media Group
co-careers,live,,1,1,1,1,303,CO Architects Careers,CO Architects
coe22,live,,22,22,1,22,303,The Church of Eleven22 Careers,The Church of Eleven22
colonyhardware,dead:invalid,http://search.jobvite.com?invalid=1,,,,,,,
commonground,live,,8,8,1,8,303,Common Ground Careers,Common Ground
communityoptions,live,,370,368,8,156,303,"Community Options, Inc. Careers","Community Options, Inc."
conair,live:empty,,,0,1,0,303,Conair LLC Careers,Conair LLC
concordiawireless,live,,33,33,1,33,303,Concordia Group Careers,Concordia Group
conexiom,dead:invalid,http://search.jobvite.com?invalid=1,,,,,,,
confluent,dead:invalid,http://search.jobvite.com?invalid=1,,,,,,,
copahealth,live,,36,36,1,0,303,Copa Health Careers,Copa Health
copehealthcareconsulting,live,,31,31,1,31,303,COPE Health Solutions Careers,COPE Health Solutions
cosettepharma,live,,21,21,1,21,303,Cosette Pharmaceuticals Inc. Careers,Cosette Pharmaceuticals Inc.
cpfd,live,,5,5,1,5,303,Coastal Pacific Food Distributors Careers,Coastal Pacific Food Distributors
cpg,live,,10,10,1,10,303,Church Pension Group Services Corporation Careers,Church Pension Group Services Corporation
creative-assembly,dead:invalid,http://search.jobvite.com?invalid=1,,,,,,,
creativecorrections,live,,9,9,1,9,303,"Creative Corrections, LLC Careers","Creative Corrections, LLC"
creditassociates,live:empty,,,0,1,0,303,CreditAssociates Careers,CreditAssociates
cristaministries,live,,43,43,1,43,303,CRISTA Ministries Careers,CRISTA Ministries
csmgroup,live,,15,15,1,15,303,CSM Group Careers,CSM Group
ctbk,live,,6,6,1,6,303,CTBK Careers,CTBK
cuc-cayman,live:empty,,,0,1,0,303,"Caribbean Utilities Company, Ltd. Careers","Caribbean Utilities Company, Ltd."
cushingterrell,live,,57,57,2,57,303,Cushing Terrell Careers,Cushing Terrell
dabella,live,,64,64,2,20,303,DaBella Careers,DaBella
dallaszoo,live,,12,12,1,12,303,Dallas Zoo Management Careers,Dallas Zoo Management
dashin,live,,58,58,2,36,303,Dash In Careers,Dash In
daveramsey,dead:invalid,http://search.jobvite.com?invalid=1,,,,,,,
dealer-spike-belize,live,,6,6,1,6,303,LeadVenture Belize Careers,LeadVenture Belize
defendersofwildlife,dead:invalid,http://search.jobvite.com?invalid=1,,,,,,,
delpharm,dead:invalid,http://search.jobvite.com?invalid=1,,,,,,,
demontrond,live,,36,36,1,0,303,DeMontrond Auto Group Careers,DeMontrond Auto Group
denova,live,,22,22,1,3,303,Denova Collaborative Health Careers,Denova Collaborative Health
deximaging-careers,live,,39,39,1,0,303,DEX Imaging Careers,DEX Imaging
dmg,live,,24,24,1,24,303,Divisions Maintenance Group Careers,Divisions Maintenance Group
dmns,live,,4,4,1,4,303,Denver Museum of Nature & Science Careers,Denver Museum of Nature & Science
dominionenterprises,live,,17,17,1,0,200,Dominion Enterprises Careers,Dominion Enterprises
doner,live,,2,2,1,2,303,Doner Careers,Doner
dotdash,live,,11,11,1,11,303,People Inc. Careers,People Inc.
double-negative-visual-effects,live,,100,100,2,100,303,DNEG Careers,DNEG
drillinginfo,live,,65,65,2,65,303,Enverus Careers,Enverus
dumas,live,,36,36,1,36,303,Dumas Careers,Dumas
durcon,dead:invalid,http://search.jobvite.com?invalid=1,,,,,,,
dwt,live,,16,16,1,16,303,Davis Wright Tremaine LLP Careers,Davis Wright Tremaine LLP
dynacare,live,,127,127,3,107,303,Dynacare Careers,Dynacare
earthjustice,live,,44,44,1,44,303,Earthjustice Careers,Earthjustice
ecc,live,,30,30,1,23,303,ECC Careers,ECC
edelmanfinancialengines,dead:invalid,http://search.jobvite.com?invalid=1,,,,,,,
edgeautonomy-careers,live,,66,66,2,52,303,Redwire Defense Tech Careers,Redwire Defense Tech
edifecs,dead:invalid,http://search.jobvite.com?invalid=1,,,,,,,
egnyte,live,,31,31,1,31,303,Egnyte Careers,Egnyte
elire,live,,6,6,1,6,303,Elire Careers,Elire
emoneyadvisor,live:empty,,,0,1,0,303,"eMoney Advisor, LLC Careers","eMoney Advisor, LLC"
emoneyadvisor-review,live:empty,,,0,1,0,303,"eMoney Advisor, LLC Careers","eMoney Advisor, LLC"
empirepacking,live,,35,35,1,31,303,Empire Packing Careers,Empire Packing
empyrean-benefit-solutions,live:empty,,,0,1,0,303,Empyrean Benefit Solutions Careers,Empyrean Benefit Solutions
enphase-energy,live,,77,77,2,75,303,Enphase Energy Careers,Enphase Energy
eonetwork,live,,7,7,1,7,303,Entrepreneurs' Organization Careers,Entrepreneurs' Organization
epcor,live,,30,30,1,30,303,EPCOR Careers,EPCOR
epicgovernment,live:empty,,,0,1,0,303,Federal Staffing Resources Careers,Federal Staffing Resources
equitymethods,live,,17,17,1,17,303,Equity Methods Careers,Equity Methods
evergreenhealth,live,,261,261,6,0,303,EvergreenHealth Careers,EvergreenHealth
everyday-health-consumer,live,,6,6,1,6,303,Everyday Health - Consumer Careers,
everyday-health-division,live:empty,,,0,1,0,303,Everyday Health - Division Careers,
everyday-health-pregnancy-and-parenting,live:empty,,,0,1,0,303,Everyday Health - Pregnancy & Parenting Careers,
everyday-health-professional,live,,3,3,1,3,303,Everyday Health - Professional Careers,
evgo,dead:invalid,http://search.jobvite.com?invalid=1,,,,,,,
evolus,live,,9,9,1,9,303,Evolus Careers,Evolus
evolvconsulting,live,,11,11,1,11,303,evolv Consulting Careers,evolv Consulting
exabeam,live,,3,3,1,3,303,Exabeam Careers,Exabeam
excel,live,,21,21,1,21,303,Excel Academy Charter Schools Careers,Excel Academy Charter Schools
ezra,live,,9,9,1,9,303,Ezra Careers,Ezra
fashionphilecareers,live,,19,19,1,0,200,FASHIONPHILE Careers,FASHIONPHILE
fashionphilecareers.,dead:invalid,http://search.jobvite.com?invalid=1,,,,,,,
fcdallas,live,,6,6,1,6,303,FC Dallas Careers,FC Dallas
fcr,live:empty,,,0,1,0,303,First Capital Careers,First Capital
federalstaffingresources,live:empty,,,0,1,0,303,Federal Staffing Resources Careers,Federal Staffing Resources
feedingamerica,live,,5,5,1,5,303,Feeding America Careers,Feeding America
fernwoodpropertymanagement,live,,7,7,1,7,303,Fernwood Property Management Careers,Fernwood Property Management
fieldcore-review,live,,108,108,3,91,200,FieldCore Careers,FieldCore
fingerpaint,live,,40,40,1,0,200,Fingerpaint Group Careers,Fingerpaint Group
firstbank,live,,43,43,1,0,303,FirstBank Careers,FirstBank
firstcash-holdings-inc,live,,2831,2831,57,379,303,"First Cash, Inc Careers","First Cash, Inc"
floform,live,,29,29,1,29,303,FloForm Countertops Careers,FloForm Countertops
forescout,live,,22,22,1,22,303,Forescout Technologies Inc. Careers,Forescout Technologies Inc.
fprs,live,,1933,1899,39,20,303,footprint Solutions Careers,footprint Solutions
frima-studio,dead:invalid,http://search.jobvite.com?invalid=1,,,,,,,
funko,live,,29,29,1,29,303,Funko Careers,Funko
funkointernal,live,,2,2,1,2,303,Funko Careers,Funko
funplus,dead:invalid,http://search.jobvite.com?invalid=1,,,,,,,
g100-companies,live,,4,4,1,4,303,Council Advisors Careers,Council Advisors
gaea-global-technologies,dead:invalid,http://search.jobvite.com?invalid=1,,,,,,,
gainescareers,live,,118,118,3,82,303,Gaines Investment Trust Careers,Gaines Investment Trust
garten,live,,11,11,1,11,303,garten Careers,
gatewaycasinos,live,,212,212,5,0,200,Gateway Casinos & Entertainment Careers,Gateway Casinos & Entertainment
generalparts,live,,56,56,2,22,303,General Parts Group Careers,General Parts Group
gigamon,live,,33,33,1,33,303,Gigamon Careers,Gigamon
glidewelldental,live,,62,62,2,62,303,Glidewell Dental Careers,Glidewell Dental
goodwilldallas,live,,39,39,1,27,303,"Goodwill Industries of Dallas, Inc. Careers","Goodwill Industries of Dallas, Inc."
greenpointag,dead:invalid,http://search.jobvite.com?invalid=1,,,,,,,
griddynamics,dead:invalid,http://search.jobvite.com?invalid=1,,,,,,,
gs1us,live,,5,5,1,5,303,GS1 US Careers,GS1 US
gtangible-corporation,live,,58,58,2,53,303,gTANGIBLE Corporation Careers,gTANGIBLE Corporation
guidingeyes,live,,11,11,1,11,303,"Guiding Eyes for the Blind, Inc. Careers","Guiding Eyes for the Blind, Inc."
gvwgroup,live,,57,57,2,4,303,"GVW Group, LLC Careers","GVW Group, LLC"
hachette-book-group,live,,36,36,1,31,303,Hachette Book Group Careers,Hachette Book Group
hachette-internal,dead:login,https://app.jobvite.com/Login/Login.aspx?cid=q5u9Vfwn&ReturnUrl=https%3A%2F%2Fjobs.jobvite.com%2Fcareers%2Fhachette-internal%2Fjobs,,,,,,,
hackbarthdelivery,live,,67,67,2,42,303,Hackbarth Delivery Service Careers,Hackbarth Delivery Service
headstartdlh,dead:invalid,http://search.jobvite.com?invalid=1,,,,,,,
healing-partners,live,,17,17,1,17,303,Healing Partners Careers,Healing Partners
healthmapsolutions,live,,18,18,1,4,303,Healthmap Solutions Careers,Healthmap Solutions
heardandsmith,live,,7,7,1,7,303,"Heard & Smith, LLP Careers","Heard & Smith, LLP"
heifer,live,,13,13,1,13,303,Heifer International Careers,Heifer International
heitman,live,,11,11,1,11,303,Heitman Careers,Heitman
highland-heights,live,,11,11,1,11,303,Vitalia Highland Heights Careers,Vitalia Highland Heights
highpoint-global,live,,9,9,1,9,303,HighPoint Careers,HighPoint
hoar,live,,95,95,2,45,303,Hoar Careers,Hoar
hoodindustries,live,,36,36,1,36,303,"Hood Industries, Inc. Careers","Hood Industries, Inc."
hso-vol,live,,22,22,1,22,303,HSO Careers,HSO
hulu,dead:invalid,http://search.jobvite.com?invalid=1,,,,,,,
hylant,live,,1,1,1,1,303,Hylant Careers,Hylant
iboss,live,,39,39,1,39,303,iboss Careers,
ideapublicschools-english,live,,559,559,12,63,303,IDEA Public Schools Careers,IDEA Public Schools
idtus,dead:invalid,http://search.jobvite.com?invalid=1,,,,,,,
ign,live,,1,1,1,1,303,IGN Careers,IGN
imagine-learning,live,,32,32,1,0,200,Imagine Learning Careers,Imagine Learning
impactnetworking,dead:invalid,http://search.jobvite.com?invalid=1,,,,,,,
imprivata,dead:moved,https://www.imprivata.com/company/join-team?p=jobs&nl=1,,,,,,,
incog,live,,36,36,1,36,303,INCOG BioPharma Services Careers,INCOG BioPharma Services
info-stretch-corporation,dead:invalid,http://search.jobvite.com?invalid=1,,,,,,,
infoblox,dead:invalid,http://search.jobvite.com?invalid=1,,,,,,,
inl,live,,7,7,1,7,303,International Iberian Nanotechnology Laboratory Careers,International Iberian Nanotechnology Laboratory
innio,live,,248,248,5,0,303,INNIO Careers,INNIO
inogen,live,,2,2,1,2,303,Inogen Careers,Inogen
inrix,live,,3,3,1,3,303,INRIX Careers,INRIX
insighthousing,live,,18,18,1,18,303,Insight Housing Careers,Insight Housing
insulectro,live,,9,9,1,9,303,Insulectro Careers,Insulectro
insurity,dead:invalid,http://search.jobvite.com?invalid=1,,,,,,,
insurity-in,dead:invalid,http://search.jobvite.com?invalid=1,,,,,,,
internetbrands,live,,56,56,2,56,303,Internet Brands Careers,Internet Brands
intrepidpotash,live,,17,17,1,17,303,Intrepid Potash Careers,Intrepid Potash
inveniolsi,live:empty,,,0,1,0,303,LSI Consulting Careers,LSI Consulting
invue,live,,10,10,1,10,303,Invue Careers,Invue
iowaclinic,live,,85,85,2,4,303,The Iowa Clinic Careers,The Iowa Clinic
ipmcinc,live,,17,17,1,0,303,Integrated Project Management Company Careers,Integrated Project Management Company
ips-careers,dead:invalid,http://search.jobvite.com?invalid=1,,,,,,,
isg-one,dead:moved,https://isg-one.com/careers?p=jobs&nl=1,,,,,,,
isoftstone,live,,33,33,1,33,303,iSoftStone Careers,iSoftStone
itechag,live,,20,20,1,20,303,iTech AG Careers,iTech AG
jacksonfamilywines,live,,30,30,1,30,303,Jackson Family Wines Careers,Jackson Family Wines
jacobyandmeyerscareers,live,,26,26,1,25,303,Jacoby & Meyers Careers,Jacoby & Meyers
jbs-usa,dead:invalid,http://search.jobvite.com?invalid=1,,,,,,,
jetlinx,live,,34,34,1,34,303,Jet Linx Aviation Careers,Jet Linx Aviation
jobs-gigait,live,,4,4,1,4,303,Giga IT Careers,Giga IT
judd,live,,16,16,1,16,303,"Judd Wire, Inc. Careers","Judd Wire, Inc."
jumpcrew,live:empty,,,0,1,0,200,JumpCrew Careers,JumpCrew
kaip,live,,4,4,1,4,303,"KAI Partners, Inc. Careers","KAI Partners, Inc."
kaltire,live,,310,308,7,48,303,Kal Tire Careers,Kal Tire
kantata,live,,6,6,1,6,303,Kantata Careers,Kantata
kippnorcal,live,,81,81,2,70,303,KIPP Public Schools Northern California Careers,KIPP Public Schools Northern California
kitsapmentalhealth,live,,76,76,2,76,303,Kitsap Mental Health Services Careers,Kitsap Mental Health Services
knight,live,,25,25,1,4,303,Knight Transportation Careers,Knight Transportation
krmc,live,,1,1,1,1,303,Kingman Regional Medical Center Careers,Kingman Regional Medical Center
kwalee,live:empty,,,0,1,0,303,Kwalee Careers,Kwalee
kymetacorp,live,,7,7,1,7,303,Kymeta Careers,Kymeta
laborie,live,,75,75,2,65,303,Laborie Medical Technologies Corp Careers,Laborie Medical Technologies Corp
laserfiche,live,,19,19,1,19,303,Laserfiche Careers,Laserfiche
leadventure,live,,24,24,1,24,303,LeadVenture Careers,LeadVenture
leantechio,live,,58,58,2,54,303,Lean Solutions Group Careers,Lean Solutions Group
legalzoom,live,,21,21,1,21,303,LegalZoom Careers,LegalZoom
leopardo,live,,23,23,1,23,303,Leopardo Construction Careers,Leopardo Construction
leovegas,live:empty,,,0,1,0,303,LeoVegas Group Careers,LeoVegas Group
lewiscareers,live,,27,27,1,27,303,Lewis Group of Companies Careers,Lewis Group of Companies
lhhcareers,live,,46,46,1,46,303,LHH Careers,LHH
lifenethealth,live,,42,42,1,0,200,LifeNet Health Careers,LifeNet Health
liferay,live,,26,26,1,26,303,"Liferay, Inc. Careers","Liferay, Inc."
lincolnindustries,live,,30,30,1,0,303,Lincoln Industries Careers,Lincoln Industries
lincolnuniversity,live:empty,,,0,1,0,303,Lincoln University Careers,Lincoln University
liquidweb,dead:invalid,http://search.jobvite.com?invalid=1,,,,,,,
loandepot,live,,44,44,1,0,303,loanDepot Careers,loanDepot
logitech,dead:invalid,http://search.jobvite.com?invalid=1,,,,,,,
logrhythm,live,,3,3,1,3,303,Exabeam Careers,Exabeam
longos,live,,58,58,2,58,303,Longo's Careers,Longo's
longos-internal,live,,66,66,2,66,303,Longo's Careers,Longo's
lordco,live,,108,108,3,89,303,Lordco Auto Parts Careers,Lordco Auto Parts
lowensteinsandler,live,,13,13,1,0,303,Lowenstein Sandler Careers,Lowenstein Sandler
lvddslab,live:empty,,,0,1,0,303,LVDDS Careers,LVDDS
macapartments,live,,20,20,1,20,303,Mac Properties Careers,Mac Properties
mahealthcare,live,,37,37,1,37,303,Medical Associates Careers,Medical Associates
maplesgroup,live,,60,60,2,4,303,The Maples Group Careers,The Maples Group
marelli,live,,6,6,1,4,200,MARELLI Careers,MARELLI
marinecu,live,,16,16,1,0,200,Marine Credit Union Careers,Marine Credit Union
martinmarietta,live,,299,299,6,0,303,Martin Marietta Careers,Martin Marietta
marvelmarketers,live,,5,5,1,5,303,Marvel Marketers Careers,Marvel Marketers
matatransit,live,,10,10,1,10,303,"Mid-South Transportation Management, Inc. Careers","Mid-South Transportation Management, Inc."
mattamyhomes,live,,79,79,2,79,303,Mattamy Homes Careers,Mattamy Homes
maynepharma,live,,20,20,1,20,303,Mayne Pharma Careers,Mayne Pharma
medspeed,live,,150,150,3,0,200,MedSpeed Careers,MedSpeed
medvet,live,,371,371,8,219,200,MedVet Careers,MedVet
meijer,live,,2,2,1,2,303,Meijer Careers,Meijer
meltwater,live,,96,96,2,65,303,Meltwater Careers,Meltwater
menloschool,live,,10,10,1,10,303,Menlo School Careers,Menlo School
mercycorps,live,,29,29,1,29,303,Mercy Corps Careers,Mercy Corps
meridianit,live,,4,4,1,4,303,Meridian IT Careers,Meridian IT
metaphaseconsulting,live,,3,3,1,3,303,MetaPhase Consulting Careers,MetaPhase Consulting
methanexgeismar,live,,12,12,1,12,303,Methanex Careers,Methanex
midwayusa,live,,7,7,1,7,303,MidwayUSA Careers,MidwayUSA
mini-circuits,live,,46,46,1,4,303,Mini-Circuits Careers,Mini-Circuits
mmgyglobal-careers,live,,15,15,1,0,303,MMGY Global Careers,MMGY Global
mncustom,dead:invalid,http://search.jobvite.com?invalid=1,,,,,,,
mobiquity,dead:invalid,http://search.jobvite.com?invalid=1,,,,,,,
moceanla,dead:invalid,http://search.jobvite.com?invalid=1,,,,,,,
momsorganicmarket,live,,62,62,2,45,303,MOM's Organic Market Careers,MOM's Organic Market
moneycorp,live,,21,21,1,21,303,Moneycorp Careers,Moneycorp
morrisonkids,live,,19,19,1,19,303,Morrison Child and Family Services Careers,Morrison Child and Family Services
multivac,live,,22,22,1,22,303,MULTIVAC USA Careers,MULTIVAC USA
musictribe,live,,8,8,1,8,303,Music Tribe Careers,Music Tribe
myhrpartnerinc,live,,27,27,1,27,303,"MyHR Partner, Inc Careers","MyHR Partner, Inc"
nashvillegeneralhospital,live,,57,57,2,57,303,Nashville General Hospital Careers,Nashville General Hospital
natixis,live,,9,9,1,9,303,Natixis Investment Managers Careers,Natixis Investment Managers
nbbj,live,,55,55,2,50,303,NBBJ Careers,NBBJ
neogenomics,live,,70,70,2,0,200,NeoGenomics Laboratories Careers,NeoGenomics Laboratories
ness,live,,24,24,1,24,303,Ness Digital Engineering Careers,Ness Digital Engineering
netdriven,live,,1,1,1,1,303,Net Driven Careers,Net Driven
newpig,live,,18,18,1,18,303,New Pig Careers,New Pig
newyork-public-radio,live,,10,10,1,10,303,New York Public Radio Careers,New York Public Radio
ninjaone,live,,94,94,2,79,303,NinjaOne Careers,NinjaOne
nirvc,live,,25,25,1,25,303,National Indoor RV Centers Careers,National Indoor RV Centers
nlight,live,,89,89,2,71,303,nLIGHT Careers,nLIGHT
nmbtc,live,,11,11,1,11,303,NMB Technologies Corporation Careers,NMB Technologies Corporation
northbridgecompanies,live,,75,75,2,0,200,Northbridge Communities Careers,Northbridge Communities
northwest-center,live,,29,29,1,29,303,Northwest Center Careers,Northwest Center
notredame,live,,15,15,1,15,303,The University of Notre Dame Australia Careers,The University of Notre Dame Australia
nrchealth,live,,7,7,1,7,303,NRC Health Careers,NRC Health
nuscale-power,live,,34,34,1,34,303,"NuScale Power, LLC Careers","NuScale Power, LLC"
nutanix,live,,233,233,5,105,303,Nutanix Careers,Nutanix
nuvance,live,,947,946,19,182,303,Northwell Health Careers,Northwell Health
nybg,live,,21,21,1,21,303,New York Botanical Garden Careers,New York Botanical Garden
nychdc,live,,8,8,1,8,303,New York City Housing Development Corporation Careers,New York City Housing Development Corporation
nyrr,live,,10,10,1,10,303,New York Road Runners Careers,New York Road Runners
odawacasinoresort,live,,27,27,1,4,303,Odawa Casino Resort Careers,Odawa Casino Resort
on24,dead:invalid,http://search.jobvite.com?invalid=1,,,,,,,
onedigital,live,,7,7,1,7,303,OneDigital Northeast Careers,OneDigital Northeast
onlocation,live:empty,,,0,1,0,303,On Location Careers,On Location
ookla,live,,33,33,1,33,303,Ookla Careers,Ookla
opentrons,dead:moved,https://opentrons.com/about/jobs/?p=jobs&nl=1,,,,,,,
optimas,live,,27,27,1,27,303,Optimas Solutions Careers,Optimas Solutions
opus,live,,8,8,1,8,303,Opus Agency Careers,Opus Agency
oreilly-media,live:empty,,,0,1,0,303,O'Reilly Media Careers,O'Reilly Media
ornge,live,,6,6,1,6,303,Ornge Careers,Ornge
ovt,live,,110,110,3,79,303,OMNIVISION Careers,OMNIVISION
pacetransportation,live,,30,30,1,28,303,Pace Transportation Careers,Pace Transportation
pactiv,live:empty,,,0,1,0,303,Pactiv Careers,Pactiv
pagcareers,live,,92,92,2,64,303,Performance Auto Group Careers,Performance Auto Group
palomarhealth,live,,126,126,3,62,303,Palomar Health Careers,Palomar Health
palomarhealth-medicalgroup,live:empty,,,0,1,0,303,Palomar Health Medical Group Careers,Palomar Health Medical Group
panynj,live,,29,29,1,29,303,Port Authority of NY & NJ Careers,Port Authority of NY & NJ
parkland,live,,129,129,3,95,303,Sunoco LP Careers,Sunoco LP
parts-town,live,,55,55,2,55,303,Parts Town Careers,Parts Town
patelgreene,live,,5,5,1,5,303,"Patel, Greene & Associates (PGA) Careers","Patel, Greene & Associates (PGA)"
pathways,live,,372,372,8,170,303,Clarvida Careers,Clarvida
payscale,live:empty,,,0,1,0,200,Payscale Careers,Payscale
peloton,live:empty,,,0,1,0,303,Peloton Group Careers,Peloton Group
pentabuildinggroup,live,,24,24,1,24,303,The PENTA Building Group Careers,The PENTA Building Group
petparadiseresort,live,,116,116,3,84,303,Pet Paradise Careers,Pet Paradise
phc,live,,31,31,1,31,303,Petaluma Health Center Careers,Petaluma Health Center
pilgrims,live,,373,373,8,232,303,Pilgrim's Careers,Pilgrim's
pingidentitycareers,dead:invalid,http://search.jobvite.com?invalid=1,,,,,,,
pinnaclegroves,live,,16,16,1,16,303,Pinnacle Groves Careers,Pinnacle Groves
pinnaclelive,live,,65,65,2,34,303,Pinnacle Live Careers,Pinnacle Live
pinto,live,,4,4,1,4,303,Coastal Pacific Asia Careers,Coastal Pacific Asia
pioneerhumanservices,live,,85,85,2,4,200,Pioneer Human Services Careers,Pioneer Human Services
plannedcompanies,live,,89,89,2,83,303,Planned Companies Careers,Planned Companies
playground-games,live,,9,9,1,9,303,Playground Games Careers,Playground Games
pointofrental,live,,5,5,1,5,303,Point of Rental Software Careers,Point of Rental Software
power-integrations,live,,44,44,1,44,303,Power Integrations Careers,Power Integrations
pragmaticplay,live,,83,83,2,83,303,ARRISE Careers,ARRISE
privacera,dead:invalid,http://search.jobvite.com?invalid=1,,,,,,,
probablymonsters,live,,4,4,1,4,303,ProbablyMonsters Careers,ProbablyMonsters
progress,live,,35,35,1,35,303,Progress Careers,Progress
provisur,live,,20,20,1,0,303,Provisur Technologies Careers,Provisur Technologies
pt-holdings,live,,323,322,7,210,303,Unlimited Service Group Careers,Unlimited Service Group
pulsepoint,live,,10,10,1,10,303,PulsePoint Careers,PulsePoint
pureindustrial,live,,2,2,1,2,303,Pure Industrial Careers,Pure Industrial
qualifacts,dead:invalid,http://search.jobvite.com?invalid=1,,,,,,,
racepointglobal,live,,3,3,1,3,303,Racepoint Global Careers,Racepoint Global
rdscareers,live,,38,38,1,27,303,Readerlink Distribution Services Careers,Readerlink Distribution Services
realtyincome,dead:invalid,http://search.jobvite.com?invalid=1,,,,,,,
recurrent-energy,dead:invalid,http://search.jobvite.com?invalid=1,,,,,,,
redalpha,live,,77,77,2,77,303,Red Alpha Careers,Red Alpha
relatient,live,,6,6,1,6,303,Relatient Careers,Relatient
renovateamerica,live,,1,1,1,1,303,Renovate America Careers,Renovate America
resgroup,live,,141,141,3,105,303,RES Careers,RES
resolver,live,,13,13,1,13,303,Resolver Careers,Resolver
retailmenot,live,,1,1,1,1,303,RetailMeNot Careers,RetailMeNot
reveal,live,,12,12,1,12,303,Reveal Careers,Reveal
revision-military,live,,7,7,1,7,303,Revision Military Careers,Revision Military
ridgemereseniorliving,live,,6,6,1,6,303,Ridgemere Careers,Ridgemere
rightpoint,live,,27,27,1,22,303,Genpact Careers,Genpact
rivasolutions,dead:invalid,http://search.jobvite.com?invalid=1,,,,,,,
riversidelab,live,,1,1,1,1,303,RDC Careers,RDC
riverstone,live,,25,25,1,25,303,Riverstone Communities Careers,Riverstone Communities
rkmi,live,,125,125,3,110,200,"RK Industries, LLC Careers","RK Industries, LLC"
roedl,live,,26,26,1,21,303,RÖDL USA Careers,RÖDL USA
run-studios,live:empty,,,0,1,0,303,RUN Studios Careers,RUN Studios
ruppertlandscape,live,,269,269,6,57,303,Ruppert Landscape Careers,Ruppert Landscape
saama,live,,11,11,1,11,303,Saama Technologies Inc Careers,Saama Technologies Inc
safecu,live,,7,7,1,0,200,SAFE Credit Union Careers,SAFE Credit Union
sagecor,live,,94,94,2,64,303,SageCor Solutions Careers,SageCor Solutions
sakura,live,,9,9,1,9,303,"Sakura Finetek USA, Inc. Careers","Sakura Finetek USA, Inc."
salsa,live,,129,129,3,52,303,Salsa Jeans Careers,Salsa Jeans
samtec,live,,166,166,4,0,303,"Samtec, Inc Careers","Samtec, Inc"
samtec-sp,live,,166,166,4,0,303,"Samtec, Inc carreras",
sbmmanagement,dead:invalid,http://search.jobvite.com?invalid=1,,,,,,,
scfederal,live,,7,7,1,0,303,South Carolina Federal Credit Union Careers,South Carolina Federal Credit Union
scopely,dead:invalid,http://search.jobvite.com?invalid=1,,,,,,,
seaboardmarine,live,,46,46,1,46,303,Seaboard Marine Careers,Seaboard Marine
sega-europe-limited,dead:invalid,http://search.jobvite.com?invalid=1,,,,,,,
sequoialiving,live,,15,15,1,15,200,Sequoia Living Careers,Sequoia Living
sermo,live,,2,2,1,2,303,Sermo Careers,Sermo
sharpcommunitymedicalgroup,dead:invalid,http://search.jobvite.com?invalid=1,,,,,,,
sharpreesstealy,live,,28,28,1,4,303,Sharp Rees-Stealy Medical Group Careers,Sharp Rees-Stealy Medical Group
shiftdigital,live,,17,17,1,17,303,Shift Digital Careers,Shift Digital
shionogi,dead:invalid,http://search.jobvite.com?invalid=1,,,,,,,
shutterfly,dead:moved,https://shutterflycareers.ttcportals.com/?p=jobs&nl=1,,,,,,,
sidecar,live,,17,17,1,17,303,Sidecar Careers,Sidecar
sikichcareers,live,,76,76,2,59,303,Sikich Careers,Sikich
sitecore,live,,19,19,1,0,303,Sitecore Careers,Sitecore
skyservice-english,live,,41,41,1,41,303,Skyservice Business Aviation Careers,Skyservice Business Aviation
snainternational,live,,8,8,1,8,303,SNA International Careers,SNA International
spacex,live:empty,,,0,1,0,303,SpaceX Careers,SpaceX
spartan,live,,3,3,1,3,303,"Spartan Race, Inc. Careers","Spartan Race, Inc."
spectrum-science-communications,live,,9,9,1,9,303,Spectrum Science Careers,Spectrum Science
spiceworks,live,,7,7,1,7,303,Spiceworks Careers,Spiceworks
splashdamage,dead:invalid,http://search.jobvite.com?invalid=1,,,,,,,
sports-interactive,dead:invalid,http://search.jobvite.com?invalid=1,,,,,,,
src-inc,live,,45,45,1,45,303,"SRC, Inc Careers","SRC, Inc"
ss8-inc,dead:invalid,http://search.jobvite.com?invalid=1,,,,,,,
starwoodcapitalgroup,live,,10,10,1,10,303,Starwood Capital Group Careers,Starwood Capital Group
suffolkuniversity,dead:invalid,http://search.jobvite.com?invalid=1,,,,,,,
sumitomo-electric,live,,347,347,7,235,303,Sumitomo Electric Group Careers,Sumitomo Electric Group
swifttrans,live,,91,91,2,68,200,Knight-Swift Transportation Careers,Knight-Swift Transportation
synqor-careers,live,,37,37,1,37,303,SynQor Careers,SynQor
teameip,live,,2,2,1,2,303,Elite Insurance Partners Careers,Elite Insurance Partners
techsmith,live,,1,1,1,1,303,TechSmith Corporation Careers,TechSmith Corporation
the-miles-group,live,,1,1,1,1,303,The Miles Group Careers,The Miles Group
thehavasgroup,live,,30,30,1,30,303,The Havas Group Careers,The Havas Group
theimagroup,live,,146,146,3,0,303,The IMA Group Careers,The IMA Group
theopusgroup,live,,12,12,1,12,303,The Opus Group Careers,The Opus Group
theriversideseniorliving,live,,1,1,1,1,303,The Riverside Senior Living Careers,The Riverside Senior Living
thriftbooks,live,,1,1,1,1,303,ThriftBooks Careers,ThriftBooks
tocgrp,dead:invalid,http://search.jobvite.com?invalid=1,,,,,,,
torexgold,live,,17,17,1,4,200,Torex Gold Resources Inc. Careers,Torex Gold Resources Inc.
torrancememorialjobs,live,,102,102,3,4,200,Torrance Memorial Medical Center Careers,Torrance Memorial Medical Center
township,live,,7,7,1,7,303,The Township Senior Living Careers,The Township Senior Living
travis-credit-union,live,,10,10,1,10,303,Travis Credit Union Careers,Travis Credit Union
trianz,live,,10,10,1,10,303,Trianz Careers,Trianz
trinity-pm,live,,101,101,3,64,303,Trinity Property Consultants Careers,Trinity Property Consultants
turbocam,live,,23,23,1,23,303,TURBOCAM International Careers,TURBOCAM International
tuuci,live,,9,9,1,9,303,Tuuci Careers,Tuuci
two-point-studios,dead:invalid,http://search.jobvite.com?invalid=1,,,,,,,
uniqloca,live,,103,103,3,41,303,Uniqlo Canada Careers,Uniqlo Canada
universityliving,live,,8,8,1,8,303,University Living Careers,University Living
universitymedicalpartners,dead:invalid,http://search.jobvite.com?invalid=1,,,,,,,
uplight,live,,11,11,1,11,303,Uplight Careers,Uplight
usana,live,,14,14,1,14,303,USANA Health Sciences Careers,USANA Health Sciences
valorchristian,live,,9,9,1,9,303,Valor Christian High School Careers,Valor Christian High School
valorcollegiate,live,,5,5,1,5,303,Valor Collegiate Academies Careers,Valor Collegiate Academies
vaniamgroup,live,,16,16,1,0,303,Vaniam Group Careers,Vaniam Group
varonis-internal,live,,83,83,2,61,303,Varonis Careers,Varonis
ventanamicro,dead:invalid,http://search.jobvite.com?invalid=1,,,,,,,
venterra,live,,52,52,2,44,303,Venterra Realty Careers,Venterra Realty
ventus-solutions,live,,10,10,1,10,303,Ventus Solutions Careers,Ventus Solutions
versa-networks,dead:invalid,http://search.jobvite.com?invalid=1,,,,,,,
veterinaryemergencysarasota,live,,2,2,1,2,303,Veterinary Emergency Clinic (VEC) - Sarasota Careers,
view,dead:invalid,http://search.jobvite.com?invalid=1,,,,,,,
viking-cloud,live,,17,17,1,17,303,VikingCloud Careers,VikingCloud
vinlux,live,,6,6,1,6,303,VinLux Careers,VinLux
visiongroup,live,,71,71,2,0,200,Vision Group Careers,Vision Group
visionist,live,,47,47,1,33,303,"Visionist, Inc. Careers","Visionist, Inc."
vistahigherlearning-careers,live,,6,6,1,6,303,Vista Higher Learning Careers,Vista Higher Learning
vitaliaseniorliving,live,,9,9,1,9,303,Vitalia Senior Residences at Strongsville Careers,Vitalia Senior Residences at Strongsville
vitalsource,live,,3,3,1,3,303,VitalSource Technologies Careers,VitalSource Technologies
vmdsystems,live,,27,27,1,27,303,VMD Corp Careers,VMD Corp
voices,live,,3,3,1,3,303,Voices Careers,Voices
von,live,,222,222,5,101,303,VON Canada Careers,VON Canada
waldenplaceseniorliving,live,,5,5,1,5,303,Walden Place Senior Living Careers,Walden Place Senior Living
washingtonhospital,live,,57,57,2,57,303,Washington Hospital Careers,Washington Hospital
wdpartners,live,,24,24,1,24,303,WD Partners Careers,WD Partners
webmd,live,,80,80,2,80,303,WebMD Careers,WebMD
weidner,dead:invalid,http://search.jobvite.com?invalid=1,,,,,,,
weisiger,live,,111,111,3,0,303,Weisiger Group Careers,Weisiger Group
western-growers-association,dead:invalid,http://search.jobvite.com?invalid=1,,,,,,,
weston,live,,59,59,2,59,303,Weston Solutions Careers,Weston Solutions
whaleyfoodservice,live,,93,93,2,29,303,Whaley Foodservice Careers,Whaley Foodservice
whole-foods-market,live,,14,14,1,11,303,Whole Foods Market Careers,Whole Foods Market
wildforkfoods,live,,86,86,2,47,303,Wild Fork Foods Careers,Wild Fork Foods
willsgroup,live,,67,67,2,45,303,The Wills Group Careers,The Wills Group
wilsonart,dead:invalid,http://search.jobvite.com?invalid=1,,,,,,,
windcreek,live,,18,18,1,18,303,Wind Creek  Hospitality Careers,Wind Creek  Hospitality
windriver,dead:invalid,http://search.jobvite.com?invalid=1,,,,,,,
windsorcommunities,live,,29,29,1,29,303,Windsor Communities Careers,Windsor Communities
work-at-whereoware,live,,1,1,1,1,303,"Whereoware, Inc Careers","Whereoware, Inc"
workithealth,dead:invalid,http://search.jobvite.com?invalid=1,,,,,,,
wri,dead:invalid,http://search.jobvite.com?invalid=1,,,,,,,
xdin,live,,19,19,1,19,303,XDIN Careers,XDIN
xperi,live,,14,14,1,14,303,TiVo Careers | Jobs at TiVo,
xylem,dead:invalid,http://search.jobvite.com?invalid=1,,,,,,,
yodlee,dead:invalid,http://search.jobvite.com?invalid=1,,,,,,,
ziff-davis,live,,3,3,1,3,303,Ziff Davis Careers,Ziff Davis
ziffdavis,live,,73,73,2,65,303,Ziff Davis Careers,Ziff Davis
zodiac,dead:invalid,http://search.jobvite.com?invalid=1,,,,,,,
zones,live,,152,152,4,127,303,Zones LLC. Careers,Zones LLC.
zoomcare,live,,26,26,1,26,303,ZoomCare Careers,ZoomCare
